# Blender 4.3.2
# www.blender.org
o model
v -0.126738 0.996386 0.016225
v -0.126581 0.993769 0.015885
v -0.126162 0.994393 0.016772
v -0.126350 0.996354 0.016936
v -0.125744 0.996772 0.016161
v -0.126083 0.993790 0.015799
v -0.126335 0.998899 0.016972
v -0.125655 0.998990 0.016147
v -0.125553 1.001594 0.016167
v -0.125974 0.999030 0.015718
v -0.126014 1.001628 0.015633
v -0.126735 0.998957 0.016036
v -0.126724 1.001550 0.016042
v -0.126041 1.004230 0.015591
v -0.126712 1.004147 0.016095
v -0.126325 1.001492 0.017012
v -0.126328 1.004079 0.017056
v -0.126706 1.006732 0.016178
v -0.126343 1.006668 0.017106
v -0.125482 1.004198 0.016250
v -0.125478 1.006784 0.016361
v -0.126359 1.009257 0.017156
v -0.125471 1.009373 0.016463
v -0.126140 1.006813 0.015642
v -0.126253 1.009396 0.015691
v -0.125606 1.011984 0.016478
v -0.126395 1.011973 0.015737
v -0.126707 1.009317 0.016273
v -0.126707 1.011900 0.016380
v -0.126387 1.013642 0.015779
v -0.126703 1.013586 0.016487
v -0.126360 1.011852 0.017217
v -0.126385 1.013557 0.017269
v -0.125929 1.013661 0.016536
v -0.054218 0.981392 -0.025660
v -0.054452 0.978501 -0.026056
v -0.054462 0.978579 -0.026574
v -0.054367 0.981522 -0.026760
v -0.054959 0.981591 -0.026863
v -0.054990 0.978566 -0.026476
v -0.054241 0.986080 -0.026788
v -0.054932 0.986102 -0.027356
v -0.054896 0.978483 -0.025948
v -0.054839 0.981369 -0.025739
v -0.054884 0.985934 -0.025761
v -0.054812 0.990566 -0.027462
v -0.054876 0.990384 -0.025779
v -0.054212 0.986003 -0.025552
v -0.054247 0.990578 -0.025538
v -0.054843 0.994897 -0.025928
v -0.054284 0.995127 -0.025446
v -0.054293 0.990608 -0.026866
v -0.054319 0.995120 -0.026858
v -0.054304 0.999583 -0.025620
v -0.054295 0.999338 -0.026629
v -0.054775 0.995019 -0.027322
v -0.054824 0.998349 -0.027045
v -0.054872 0.999315 -0.026372
v -0.054290 1.002493 -0.026527
v -0.054808 1.002492 -0.026408
v -0.054329 1.002564 -0.025864
v -0.085801 0.955931 -0.024652
v -0.085812 0.953726 -0.024681
v -0.085907 0.954248 -0.025600
v -0.086045 0.955898 -0.025657
v -0.086214 0.955934 -0.024637
v -0.086262 0.953731 -0.024771
v -0.086254 0.958146 -0.025324
v -0.086156 0.958219 -0.024420
v -0.085768 0.958215 -0.024706
v -0.085810 0.959685 -0.024507
v -0.085774 0.959688 -0.024718
v -0.086191 0.959667 -0.024950
v -0.024431 0.989873 -0.026263
v -0.024604 0.996284 -0.026422
v -0.025148 1.006407 -0.026648
v -0.024964 0.992207 -0.025877
v -0.024834 0.989661 -0.026733
v -0.024892 0.994135 -0.026774
v -0.025343 0.996582 -0.026568
v -0.025384 0.990478 -0.026371
v -0.002577 0.984140 -0.026273
v -0.002559 0.984236 -0.025390
v -0.003085 0.978594 -0.025593
v -0.002824 0.978571 -0.026232
v -0.002605 0.989671 -0.025136
v -0.002405 0.989690 -0.026256
v -0.003579 0.978630 -0.026441
v -0.003607 0.984269 -0.026508
v -0.003496 0.989674 -0.026563
v -0.002366 0.995240 -0.026262
v -0.003464 0.995215 -0.026553
v -0.003580 0.985578 -0.025391
v -0.003566 0.989663 -0.025329
v -0.003605 0.995211 -0.025302
v -0.003399 1.000753 -0.026465
v -0.003665 1.000757 -0.025297
v -0.002611 0.995232 -0.025117
v -0.002715 1.000805 -0.025147
v -0.003547 1.004887 -0.025243
v -0.002879 1.006233 -0.025233
v -0.002377 1.000804 -0.026222
v -0.002608 1.006346 -0.026167
v -0.003326 1.006140 -0.026295
v -0.002691 1.007637 -0.026135
v -0.397681 0.733676 0.094753
v -0.398043 0.734344 0.091788
v -0.397495 0.735714 0.091292
v -0.396291 0.735971 0.094820
v -0.397738 0.738265 0.094512
v -0.398732 0.736482 0.090414
v -0.399565 0.735029 0.091288
v -0.396189 0.739842 0.121024
v -0.394675 0.738557 0.116215
v -0.396223 0.744031 0.113241
v -0.396882 0.744371 0.118044
v -0.394357 0.737598 0.111376
v -0.396365 0.742184 0.108824
v -0.401906 0.741912 0.109830
v -0.401929 0.743905 0.114387
v -0.401188 0.748570 0.114441
v -0.397757 0.748900 0.113032
v -0.397274 0.748506 0.116464
v -0.400685 0.736084 0.091599
v -0.399839 0.737193 0.091270
v -0.400251 0.738170 0.094457
v -0.400993 0.736224 0.094701
v -0.399923 0.734187 0.094685
v -0.400089 0.752567 0.117239
v -0.397515 0.752798 0.115970
v -0.398076 0.755844 0.116108
v -0.399848 0.755257 0.116932
v -0.398718 0.752914 0.113659
v -0.399154 0.755434 0.114087
v -0.400913 0.740329 0.122045
v -0.399688 0.735559 0.124289
v -0.396657 0.735631 0.122770
v -0.396139 0.733341 0.118099
v -0.401169 0.733252 0.118556
v -0.402733 0.738518 0.117105
v -0.400219 0.748521 0.117738
v -0.400188 0.744887 0.118845
v -0.402891 0.737344 0.112117
v -0.401298 0.740528 0.105933
v -0.402474 0.736585 0.107317
v -0.400792 0.732481 0.107818
v -0.401143 0.732425 0.112887
v -0.396090 0.732218 0.107869
v -0.395801 0.732424 0.112729
v -0.394521 0.736861 0.107266
v -0.396622 0.732633 0.103159
v -0.394931 0.736215 0.103075
v -0.396831 0.739968 0.102203
v -0.396717 0.740823 0.105767
v -0.400706 0.739793 0.102074
v -0.397184 0.739095 0.098383
v -0.400297 0.739065 0.098370
v -0.401448 0.736458 0.098729
v -0.401839 0.736301 0.102784
v -0.400336 0.733208 0.098831
v -0.400415 0.732816 0.103057
v -0.397179 0.732937 0.098853
v -0.395559 0.736185 0.098762
v -0.401515 0.752566 0.114637
v -0.401249 0.755215 0.114668
v -0.009770 1.246929 0.038145
v -0.011542 1.246448 0.033152
v -0.010114 1.253115 0.035250
v -0.010350 1.252614 0.038027
v -0.014783 1.197848 0.036206
v -0.011798 1.197457 0.037376
v -0.012568 1.198189 0.039826
v -0.014965 1.198643 0.039216
v -0.015605 1.202610 0.039499
v -0.011245 1.202500 0.039675
v -0.010986 1.201666 0.035287
v -0.015339 1.201952 0.034975
v -0.013102 1.252660 0.040811
v -0.013629 1.246612 0.041260
v -0.017425 1.246205 0.036623
v -0.017272 1.252274 0.038417
v -0.011509 1.239415 0.032820
v -0.016874 1.238888 0.035840
v -0.013894 1.238910 0.040918
v -0.016522 1.230947 0.035046
v -0.014201 1.230812 0.040392
v -0.008715 1.231145 0.037811
v -0.009117 1.239408 0.038037
v -0.010989 1.231307 0.032439
v -0.009101 1.222837 0.037793
v -0.010403 1.222920 0.031944
v -0.015835 1.222881 0.034224
v -0.010222 1.214951 0.032501
v -0.015975 1.215100 0.033844
v -0.015280 1.215281 0.039752
v -0.014791 1.222808 0.039787
v -0.009696 1.215212 0.038340
v -0.015926 1.208486 0.039730
v -0.010470 1.208384 0.039324
v -0.010341 1.207865 0.033813
v -0.015782 1.208052 0.034072
v -0.597559 0.875935 -0.085324
v -0.597705 0.875196 -0.029496
v -0.603398 0.821107 -0.030328
v -0.603434 0.821135 -0.085527
v -0.616146 0.820993 -0.085468
v -0.616395 0.821126 -0.029183
v -0.610260 0.876468 -0.028448
v -0.610158 0.876787 -0.084985
v -0.610074 0.877280 -0.309823
v -0.609994 0.877172 -0.366544
v -0.616320 0.820707 -0.365978
v -0.616289 0.820752 -0.309529
v -0.603396 0.821076 -0.309558
v -0.604249 0.821184 -0.365651
v -0.597436 0.875913 -0.365108
v -0.597457 0.876072 -0.309480
v -0.602587 1.321938 -0.080695
v -0.609681 1.377353 -0.079981
v -0.606060 1.377337 -0.022252
v -0.599919 1.321877 -0.023131
v -0.611731 1.320498 -0.021466
v -0.618479 1.376904 -0.020774
v -0.621749 1.376413 -0.079180
v -0.614623 1.321125 -0.079419
v -0.614350 1.321097 -0.310332
v -0.622042 1.376385 -0.310649
v -0.617637 1.376154 -0.367990
v -0.610934 1.320802 -0.367998
v -0.609532 1.377064 -0.309617
v -0.605233 1.376919 -0.366069
v -0.599056 1.322193 -0.365702
v -0.602441 1.321915 -0.309204
v -0.597979 1.266203 -0.252550
v -0.595636 1.266641 -0.309272
v -0.605455 1.321596 -0.252364
v -0.593255 1.266952 -0.365544
v -0.613856 1.376957 -0.252483
v -0.606970 1.321451 -0.195495
v -0.615783 1.376905 -0.195510
v -0.626417 1.376100 -0.253283
v -0.628399 1.376019 -0.195097
v -0.617452 1.321094 -0.252890
v -0.618973 1.321110 -0.195055
v -0.617295 1.321252 -0.137215
v -0.625917 1.376351 -0.137210
v -0.613411 1.377140 -0.137998
v -0.605353 1.321631 -0.138154
v -0.595861 1.266221 -0.081176
v -0.597990 1.266065 -0.138448
v -0.599227 1.265990 -0.195618
v -0.591703 1.210420 -0.138875
v -0.592486 1.210508 -0.195994
v -0.591458 1.210793 -0.252988
v -0.587819 1.154859 -0.196479
v -0.586816 1.155173 -0.253544
v -0.585345 1.155535 -0.310498
v -0.589770 1.211219 -0.309833
v -0.584474 1.155797 -0.365212
v -0.587905 1.211361 -0.365172
v -0.595672 1.154784 -0.366266
v -0.599521 1.210338 -0.366884
v -0.604674 1.265732 -0.367443
v -0.601471 1.210687 -0.309806
v -0.607477 1.265931 -0.310059
v -0.603310 1.210996 -0.252640
v -0.609847 1.266054 -0.252706
v -0.604440 1.210982 -0.195186
v -0.611138 1.266095 -0.194984
v -0.603601 1.210656 -0.137825
v -0.609995 1.266036 -0.137382
v -0.601908 1.209929 -0.080807
v -0.607883 1.265628 -0.079987
v -0.599943 1.208989 -0.023805
v -0.605576 1.264704 -0.022613
v -0.588033 1.210062 -0.024959
v -0.593288 1.266082 -0.023935
v -0.589979 1.210376 -0.081807
v -0.584291 1.153851 -0.026095
v -0.585748 1.154330 -0.082658
v -0.587122 1.154621 -0.139499
v -0.583757 1.098294 -0.083471
v -0.584934 1.098666 -0.140146
v -0.585461 1.099011 -0.196879
v -0.584950 1.042736 -0.140623
v -0.585264 1.043059 -0.197094
v -0.584692 1.043420 -0.253445
v -0.584672 1.099385 -0.253698
v -0.583834 1.043724 -0.309328
v -0.583521 1.099645 -0.310138
v -0.582751 1.043840 -0.364162
v -0.582227 1.099674 -0.364203
v -0.594728 1.044204 -0.365842
v -0.593965 1.099531 -0.366108
v -0.595577 1.044217 -0.309234
v -0.595310 1.099758 -0.309244
v -0.597039 1.155092 -0.309447
v -0.596357 1.100176 -0.252433
v -0.598532 1.155693 -0.252520
v -0.596965 1.100231 -0.195850
v -0.599333 1.155810 -0.195449
v -0.596313 1.099555 -0.139234
v -0.598731 1.155216 -0.138447
v -0.595243 1.098563 -0.082549
v -0.597381 1.154266 -0.081617
v -0.594135 1.097569 -0.025996
v -0.595860 1.153289 -0.024799
v -0.582532 1.097679 -0.026874
v -0.594750 1.042182 -0.026704
v -0.583213 1.041760 -0.027634
v -0.584087 1.042364 -0.084144
v -0.586373 0.986053 -0.028492
v -0.586832 0.986547 -0.084683
v -0.587079 0.986854 -0.140950
v -0.591814 0.930994 -0.084994
v -0.591861 0.931294 -0.141154
v -0.591872 0.931433 -0.197365
v -0.587100 0.987099 -0.197230
v -0.591788 0.931569 -0.253440
v -0.586926 0.987421 -0.253296
v -0.591599 0.931798 -0.309110
v -0.586568 0.987762 -0.308935
v -0.591200 0.932005 -0.364371
v -0.585961 0.987919 -0.364199
v -0.603713 0.933314 -0.366198
v -0.598020 0.988711 -0.365806
v -0.603967 0.932994 -0.309805
v -0.598582 0.988624 -0.309471
v -0.604096 0.932939 -0.253414
v -0.598672 0.988565 -0.253063
v -0.596298 1.044381 -0.252621
v -0.598793 0.988432 -0.196744
v -0.596698 1.044305 -0.196337
v -0.598760 0.988081 -0.140390
v -0.596229 1.043776 -0.139985
v -0.598657 0.987526 -0.083804
v -0.595535 1.042984 -0.083371
v -0.598212 0.987013 -0.027128
v -0.604123 0.932264 -0.084363
v -0.604014 0.931675 -0.027708
v -0.591760 0.930459 -0.028966
v -0.610166 0.876982 -0.141238
v -0.604102 0.932674 -0.140864
v -0.616273 0.820918 -0.197408
v -0.616148 0.820930 -0.141401
v -0.610178 0.877061 -0.197345
v -0.604137 0.932885 -0.197128
v -0.610155 0.877125 -0.253489
v -0.616272 0.820800 -0.253479
v -0.603307 0.821076 -0.253488
v -0.603392 0.821183 -0.197462
v -0.597482 0.876204 -0.253575
v -0.597513 0.876232 -0.197489
v -0.597519 0.876157 -0.141358
v -0.603356 0.821171 -0.141442
v -0.680090 1.313909 -0.033637
v -0.680519 1.317672 -0.031406
v -0.672097 1.320223 -0.027382
v -0.675105 1.316647 -0.028887
v -0.668916 1.332855 -0.070267
v -0.670529 1.337537 -0.037846
v -0.683301 1.327806 -0.038102
v -0.683514 1.324617 -0.067628
v -0.681749 1.324063 -0.022177
v -0.669463 1.314319 -0.035868
v -0.669399 1.314295 -0.048082
v -0.666713 1.362580 -0.347233
v -0.669895 1.368525 -0.368123
v -0.665926 1.393651 -0.354623
v -0.664993 1.394653 -0.339539
v -0.682557 1.323059 -0.319702
v -0.682175 1.324206 -0.356783
v -0.674975 1.318241 -0.351075
v -0.668347 1.326628 -0.313199
v -0.689234 1.225012 -0.339498
v -0.689244 1.225010 -0.366924
v -0.676778 1.230719 -0.356751
v -0.677153 1.230089 -0.338053
v -0.673633 1.253112 -0.335910
v -0.674659 1.243958 -0.358452
v -0.669527 1.314343 -0.023756
v -0.673364 1.284282 -0.033433
v -0.676415 1.283319 -0.021951
v -0.685321 1.282799 -0.033990
v -0.669301 1.314258 -0.066721
v -0.684512 1.308922 -0.064968
v -0.686146 1.281527 -0.062429
v -0.679132 1.343004 -0.022098
v -0.678878 1.194661 -0.058727
v -0.676530 1.216414 -0.055783
v -0.682042 1.225743 -0.033495
v -0.680704 1.200140 -0.028549
v -0.690214 1.225168 -0.057219
v -0.677217 1.230080 -0.056757
v -0.682042 1.225743 -0.033495
v -0.690433 1.225114 -0.034463
v -0.684621 1.257047 -0.021686
v -0.688852 1.234049 -0.025864
v -0.675200 1.257279 -0.030668
v -0.674255 1.258227 -0.052638
v -0.690582 1.220705 -0.053536
v -0.690812 1.208905 -0.027666
v -0.705398 1.043575 -0.082604
v -0.702364 1.020359 -0.077509
v -0.696992 1.020212 -0.036985
v -0.705099 1.043909 -0.050591
v -0.692542 1.033612 -0.075873
v -0.693032 1.037520 -0.042841
v -0.694930 0.999870 -0.066628
v -0.701681 1.017687 -0.066883
v -0.696009 0.996569 -0.039478
v -0.708968 0.995393 -0.067835
v -0.708820 0.994500 -0.041852
v -0.704172 1.041802 -0.028528
v -0.705455 1.019498 -0.026115
v -0.707857 0.995288 -0.026415
v -0.697274 1.133414 -0.032577
v -0.697710 1.123734 -0.030080
v -0.698950 1.115802 -0.024913
v -0.696954 1.126960 -0.025705
v -0.691410 1.119738 -0.037425
v -0.700560 1.095796 -0.035000
v -0.692535 1.086802 -0.022210
v -0.689465 1.109082 -0.022332
v -0.698657 1.124728 -0.043409
v -0.689549 1.123092 -0.037129
v -0.697252 1.138685 -0.048541
v -0.698349 1.126621 -0.072960
v -0.684391 1.132146 -0.067531
v -0.698059 1.125368 -0.340107
v -0.697937 1.125903 -0.356461
v -0.686730 1.123425 -0.358843
v -0.683713 1.132483 -0.333567
v -0.693872 1.033157 -0.364242
v -0.692390 1.031515 -0.327219
v -0.697119 1.020452 -0.354502
v -0.695642 1.017939 -0.369528
v -0.702393 1.018060 -0.355839
v -0.707418 1.000673 -0.364651
v -0.706657 1.026202 -0.320627
v -0.702341 1.017485 -0.348355
v -0.694372 1.002108 -0.337657
v -0.704864 1.033349 -0.366787
v -0.708595 0.994323 -0.342501
v -0.698959 0.948044 -0.064724
v -0.700030 0.946759 -0.037088
v -0.700557 0.924384 -0.023668
v -0.700426 0.924335 -0.057200
v -0.702934 0.943410 -0.024180
v -0.702548 0.923450 -0.023602
v -0.703366 0.894665 -0.022162
v -0.709942 0.934327 -0.023076
v -0.710203 0.923486 -0.040970
v -0.715834 0.881228 -0.038238
v -0.718700 0.835700 -0.306635
v -0.717618 0.863274 -0.306934
v -0.717326 0.859644 -0.341548
v -0.717736 0.841670 -0.332428
v -0.715584 0.895134 -0.306957
v -0.715647 0.891335 -0.342064
v -0.705166 0.881489 -0.361772
v -0.705786 0.860055 -0.357031
v -0.701924 0.898434 -0.337602
v -0.703614 0.876666 -0.339346
v -0.703035 0.895361 -0.353394
v -0.704962 0.846958 -0.339790
v -0.701061 0.900914 -0.307109
v -0.703179 0.870510 -0.307070
v -0.705161 0.839644 -0.307166
v -0.703545 0.863042 -0.269421
v -0.705583 0.833365 -0.271922
v -0.719568 0.836990 -0.266581
v -0.711732 0.825703 -0.219823
v -0.719148 0.844284 -0.219677
v -0.717031 0.875881 -0.218862
v -0.717459 0.868325 -0.267955
v -0.714743 0.907782 -0.218139
v -0.715245 0.900142 -0.267745
v -0.700299 0.912884 -0.218440
v -0.705200 0.919702 -0.267856
v -0.709319 0.919698 -0.306792
v -0.701319 0.894623 -0.268547
v -0.714711 0.907469 -0.332148
v -0.702081 0.884850 -0.218812
v -0.704282 0.852904 -0.219408
v -0.702735 0.876114 -0.160587
v -0.704912 0.844398 -0.160325
v -0.714596 0.825858 -0.160554
v -0.705470 0.836591 -0.110122
v -0.720054 0.833265 -0.116371
v -0.718050 0.862736 -0.113862
v -0.718691 0.852748 -0.161209
v -0.715936 0.894389 -0.113990
v -0.716520 0.884572 -0.161907
v -0.709636 0.919929 -0.113452
v -0.714373 0.913334 -0.161814
v -0.701058 0.900693 -0.113486
v -0.700681 0.907722 -0.161204
v -0.703275 0.868549 -0.113093
v -0.701445 0.895296 -0.074347
v -0.703767 0.862792 -0.075342
v -0.705819 0.832364 -0.075335
v -0.704202 0.857418 -0.042739
v -0.709648 0.826102 -0.051351
v -0.718123 0.846956 -0.040872
v -0.719558 0.838490 -0.075294
v -0.717281 0.870874 -0.074676
v -0.715363 0.904020 -0.074062
v -0.704494 0.921257 -0.028228
v -0.707703 0.919970 -0.072724
v -0.701984 0.890629 -0.038477
v -0.704127 0.862084 -0.024602
v -0.711236 0.965514 -0.098399
v -0.713570 0.934506 -0.095033
v -0.713676 0.932377 -0.062863
v -0.711071 0.965778 -0.067089
v -0.700329 0.924345 -0.096895
v -0.710665 0.964966 -0.041950
v -0.709165 0.967796 -0.026513
v -0.701183 0.969161 -0.024248
v -0.699254 0.995364 -0.022123
v -0.698216 0.971102 -0.041085
v -0.697080 0.973069 -0.066720
v -0.698502 0.949367 -0.097428
v -0.696618 0.974660 -0.097908
v -0.694642 1.001374 -0.098496
v -0.696442 0.975870 -0.133560
v -0.694545 1.002408 -0.134589
v -0.702889 1.017718 -0.135347
v -0.702558 1.017580 -0.099094
v -0.709106 0.993835 -0.135502
v -0.709077 0.994473 -0.099200
v -0.711265 0.965094 -0.135238
v -0.709142 0.993033 -0.179311
v -0.711223 0.965129 -0.179143
v -0.713453 0.935009 -0.176436
v -0.713556 0.934689 -0.131817
v -0.700296 0.924352 -0.181055
v -0.700329 0.924362 -0.134807
v -0.698274 0.951293 -0.180970
v -0.698357 0.950530 -0.133374
v -0.696368 0.976662 -0.180296
v -0.698240 0.951078 -0.229784
v -0.696315 0.976673 -0.229889
v -0.694398 1.003212 -0.229651
v -0.694503 1.003062 -0.179459
v -0.703429 1.017673 -0.229426
v -0.703772 1.017613 -0.179381
v -0.709046 0.993614 -0.230082
v -0.703036 1.017547 -0.271913
v -0.708957 0.994188 -0.271726
v -0.710952 0.966397 -0.271427
v -0.711032 0.965748 -0.230396
v -0.712777 0.936519 -0.270198
v -0.712610 0.935925 -0.228986
v -0.700200 0.924305 -0.272516
v -0.700245 0.924327 -0.229400
v -0.698257 0.950235 -0.271868
v -0.700195 0.924313 -0.305844
v -0.698363 0.949153 -0.306261
v -0.696439 0.974714 -0.306027
v -0.696312 0.975982 -0.271378
v -0.694147 1.002446 -0.306370
v -0.694333 1.002948 -0.271768
v -0.702688 1.017513 -0.308462
v -0.708839 0.994532 -0.306901
v -0.710460 0.968189 -0.338721
v -0.710729 0.967028 -0.306473
v -0.712059 0.937410 -0.338212
v -0.712318 0.937455 -0.306910
v -0.700199 0.924328 -0.339506
v -0.708983 0.970320 -0.364772
v -0.711453 0.941645 -0.362683
v -0.698482 0.973913 -0.360092
v -0.699824 0.945028 -0.361130
v -0.696821 0.973146 -0.334956
v -0.698643 0.947791 -0.335249
v -0.699132 1.018816 -0.020346
v -0.691505 1.055964 -0.353907
v -0.701658 1.057691 -0.367274
v -0.703359 1.054910 -0.350493
v -0.692132 1.079721 -0.366288
v -0.700861 1.081318 -0.350804
v -0.704114 1.053726 -0.322898
v -0.701811 1.079565 -0.323792
v -0.699060 1.106540 -0.347542
v -0.699609 1.105137 -0.326187
v -0.704423 1.052292 -0.292061
v -0.702214 1.077809 -0.294705
v -0.699989 1.103306 -0.297600
v -0.690222 1.119327 -0.328895
v -0.691233 1.119407 -0.301084
v -0.702468 1.076481 -0.259857
v -0.700199 1.102523 -0.263452
v -0.691587 1.119494 -0.267566
v -0.685557 1.103222 -0.305513
v -0.685644 1.103092 -0.271637
v -0.700396 1.101798 -0.220774
v -0.691899 1.119648 -0.224932
v -0.685760 1.103096 -0.230036
v -0.688087 1.077819 -0.276060
v -0.688170 1.077653 -0.235966
v -0.692135 1.119780 -0.173007
v -0.685870 1.103217 -0.179405
v -0.688234 1.077978 -0.186094
v -0.690480 1.053269 -0.241817
v -0.690510 1.053735 -0.193155
v -0.685915 1.103483 -0.134691
v -0.688222 1.078750 -0.140161
v -0.690449 1.054860 -0.144872
v -0.692966 1.027630 -0.201063
v -0.692879 1.028668 -0.149688
v -0.688174 1.079946 -0.103670
v -0.690381 1.056356 -0.107262
v -0.692782 1.029961 -0.110261
v -0.706982 1.024853 -0.153991
v -0.707098 1.023754 -0.112658
v -0.690359 1.058273 -0.073537
v -0.688192 1.081373 -0.071335
v -0.688511 1.083309 -0.042761
v -0.690708 1.060534 -0.044707
v -0.693546 1.062902 -0.024353
v -0.696441 1.040073 -0.023373
v -0.702344 1.066029 -0.032421
v -0.701052 1.095773 -0.061760
v -0.703245 1.068326 -0.057371
v -0.700952 1.098116 -0.091530
v -0.703223 1.070575 -0.087021
v -0.700786 1.099910 -0.123763
v -0.703087 1.072413 -0.119401
v -0.705233 1.046577 -0.115619
v -0.702902 1.073962 -0.161998
v -0.705049 1.048387 -0.157403
v -0.702682 1.075314 -0.216533
v -0.704862 1.049917 -0.211732
v -0.706925 1.025568 -0.205716
v -0.704627 1.051144 -0.256171
v -0.706527 1.026419 -0.252093
v -0.692875 1.027494 -0.247671
v -0.706597 1.027743 -0.290783
v -0.692729 1.028166 -0.283208
v -0.690428 1.053467 -0.280481
v -0.690387 1.054231 -0.317378
v -0.688068 1.078279 -0.310709
v -0.688788 1.079070 -0.342043
v -0.685836 1.102958 -0.333574
v -0.686759 1.104028 -0.351543
v -0.690017 1.119366 -0.344900
v -0.700606 1.100987 -0.167296
v -0.692271 1.119736 -0.129007
v -0.692103 1.119765 -0.096118
v -0.685920 1.103785 -0.100153
v -0.692021 1.119755 -0.065463
v -0.686000 1.103721 -0.068638
v -0.686156 1.104318 -0.039219
v -0.696284 1.144678 -0.341446
v -0.695563 1.140561 -0.364755
v -0.694070 1.167339 -0.345096
v -0.691235 1.164540 -0.368859
v -0.678326 1.187638 -0.329578
v -0.680843 1.161776 -0.331700
v -0.680780 1.161304 -0.357541
v -0.678159 1.189054 -0.356695
v -0.689512 1.190366 -0.369108
v -0.691888 1.192252 -0.348273
v -0.689722 1.220578 -0.351602
v -0.689519 1.209913 -0.366939
v -0.675866 1.211834 -0.354149
v -0.694237 1.169152 -0.317381
v -0.692066 1.193809 -0.320780
v -0.689749 1.220651 -0.324675
v -0.692149 1.194498 -0.290645
v -0.689842 1.220647 -0.294679
v -0.675915 1.213050 -0.297825
v -0.675800 1.213638 -0.325680
v -0.678512 1.186554 -0.301224
v -0.676042 1.212554 -0.264751
v -0.678661 1.185895 -0.268045
v -0.681143 1.160617 -0.272000
v -0.681004 1.161100 -0.304893
v -0.683936 1.132428 -0.275265
v -0.683855 1.132136 -0.311013
v -0.698218 1.126030 -0.280983
v -0.698062 1.126442 -0.309898
v -0.696364 1.146782 -0.283785
v -0.696289 1.146150 -0.314210
v -0.694303 1.170041 -0.287069
v -0.696458 1.146899 -0.246106
v -0.694396 1.170301 -0.251767
v -0.692235 1.194760 -0.257026
v -0.694547 1.170024 -0.205801
v -0.692386 1.194552 -0.210955
v -0.690068 1.220643 -0.215518
v -0.689943 1.220642 -0.262103
v -0.676197 1.212424 -0.221809
v -0.690198 1.220683 -0.165347
v -0.676416 1.212751 -0.170839
v -0.678946 1.186108 -0.176009
v -0.678812 1.185644 -0.226252
v -0.681349 1.160954 -0.182142
v -0.681248 1.160521 -0.231681
v -0.684057 1.132942 -0.188185
v -0.683979 1.132447 -0.238027
v -0.698326 1.126161 -0.194560
v -0.698325 1.125826 -0.239453
v -0.696587 1.146714 -0.200158
v -0.698420 1.124289 -0.147105
v -0.696727 1.146268 -0.151960
v -0.694755 1.169354 -0.156571
v -0.696906 1.145201 -0.111371
v -0.694988 1.167838 -0.114439
v -0.692842 1.192945 -0.117680
v -0.692597 1.193986 -0.161104
v -0.690417 1.220689 -0.121103
v -0.693161 1.189965 -0.081056
v -0.690577 1.220693 -0.083931
v -0.676736 1.213894 -0.088245
v -0.676517 1.213518 -0.125419
v -0.678888 1.190602 -0.092803
v -0.678968 1.187633 -0.130349
v -0.681303 1.164465 -0.097707
v -0.681371 1.162252 -0.136007
v -0.684168 1.133837 -0.102867
v -0.683941 1.135516 -0.141567
v -0.698477 1.126769 -0.107852
v -0.697085 1.142599 -0.076223
v -0.695612 1.159059 -0.050397
v -0.695265 1.164511 -0.078639
v -0.693450 1.185759 -0.051392
v -0.696070 1.148434 -0.035139
v -0.693197 1.178934 -0.028445
v -0.682894 1.169416 -0.030202
v -0.681339 1.167248 -0.062625
v -0.675607 1.232922 -0.081455
v -0.673798 1.259137 -0.075977
v -0.671722 1.285805 -0.071559
v -0.672283 1.285023 -0.050818
v -0.673446 1.260132 -0.103757
v -0.671448 1.286332 -0.100373
v -0.669194 1.314227 -0.096817
v -0.684512 1.307722 -0.094165
v -0.671277 1.287051 -0.133260
v -0.669169 1.314246 -0.129128
v -0.684423 1.307242 -0.123007
v -0.686317 1.280308 -0.090000
v -0.686281 1.279782 -0.120122
v -0.669099 1.314259 -0.168372
v -0.684257 1.307060 -0.158032
v -0.686131 1.280060 -0.154035
v -0.688094 1.253375 -0.115492
v -0.687918 1.254342 -0.148648
v -0.684136 1.305080 -0.213882
v -0.685860 1.280741 -0.206802
v -0.687631 1.255672 -0.199955
v -0.689942 1.225075 -0.142909
v -0.689781 1.225035 -0.193388
v -0.685650 1.281425 -0.255208
v -0.687374 1.256593 -0.250367
v -0.689588 1.224974 -0.244698
v -0.676258 1.234544 -0.185390
v -0.676293 1.235014 -0.239792
v -0.687236 1.256362 -0.285541
v -0.689450 1.224989 -0.281648
v -0.676026 1.233263 -0.280073
v -0.673193 1.262671 -0.233595
v -0.672994 1.260527 -0.275377
v -0.689337 1.225001 -0.312013
v -0.674988 1.230952 -0.306701
v -0.673083 1.257244 -0.307266
v -0.670824 1.286950 -0.270982
v -0.670852 1.284884 -0.303335
v -0.671106 1.281701 -0.331916
v -0.668531 1.314158 -0.297575
v -0.668478 1.314067 -0.325997
v -0.673400 1.274334 -0.360409
v -0.670886 1.306430 -0.357333
v -0.686350 1.259700 -0.342233
v -0.684339 1.287842 -0.344206
v -0.683391 1.287508 -0.359473
v -0.684021 1.263340 -0.366070
v -0.686994 1.257160 -0.316315
v -0.685031 1.284992 -0.319093
v -0.683437 1.308909 -0.320049
v -0.683638 1.303607 -0.342549
v -0.685414 1.282680 -0.289411
v -0.683602 1.308955 -0.293610
v -0.683878 1.307723 -0.260250
v -0.668646 1.314221 -0.264543
v -0.668879 1.314239 -0.220573
v -0.670948 1.287889 -0.227259
v -0.671123 1.287848 -0.175175
v -0.673248 1.262492 -0.181439
v -0.673270 1.260978 -0.136935
v -0.675338 1.233104 -0.137061
v -0.675469 1.232624 -0.110076
v -0.690036 1.225077 -0.109872
v -0.690129 1.225124 -0.082093
v -0.688163 1.253345 -0.086327
v -0.688094 1.254176 -0.060153
v -0.687574 1.255720 -0.036862
v -0.680546 1.372090 -0.041918
v -0.681373 1.345152 -0.039495
v -0.677952 1.369550 -0.020836
v -0.668446 1.366311 -0.037909
v -0.667241 1.363186 -0.070052
v -0.665495 1.390884 -0.071111
v -0.665901 1.391899 -0.042272
v -0.678981 1.389654 -0.027838
v -0.667062 1.361206 -0.105869
v -0.665317 1.389713 -0.105861
v -0.663583 1.418277 -0.104410
v -0.663623 1.418221 -0.073253
v -0.663675 1.418125 -0.048132
v -0.677365 1.404845 -0.101580
v -0.678926 1.403748 -0.070926
v -0.679512 1.399971 -0.044169
v -0.680779 1.374849 -0.103450
v -0.680742 1.373862 -0.069775
v -0.682129 1.348142 -0.105159
v -0.682116 1.346824 -0.068979
v -0.683483 1.323746 -0.108934
v -0.681963 1.348911 -0.151025
v -0.683242 1.323506 -0.153527
v -0.668749 1.329254 -0.153153
v -0.668884 1.330093 -0.103130
v -0.666913 1.359895 -0.153046
v -0.668566 1.328691 -0.214908
v -0.666768 1.358908 -0.214536
v -0.665084 1.387276 -0.215367
v -0.665209 1.388515 -0.148807
v -0.663203 1.418261 -0.215969
v -0.663442 1.418060 -0.145189
v -0.678737 1.407512 -0.218543
v -0.680186 1.405810 -0.148969
v -0.680344 1.376393 -0.216853
v -0.680783 1.375935 -0.148595
v -0.681661 1.348800 -0.216337
v -0.680360 1.375252 -0.276720
v -0.681501 1.347945 -0.274110
v -0.682722 1.323235 -0.273407
v -0.682906 1.323353 -0.215634
v -0.668376 1.328333 -0.270750
v -0.666400 1.360552 -0.313896
v -0.666557 1.358953 -0.271971
v -0.664594 1.390219 -0.312175
v -0.664894 1.387413 -0.274860
v -0.662680 1.418144 -0.311355
v -0.663112 1.417946 -0.278543
v -0.678596 1.406059 -0.309010
v -0.679471 1.406976 -0.282505
v -0.680003 1.374112 -0.313141
v -0.678363 1.402138 -0.337449
v -0.679596 1.372225 -0.346658
v -0.680958 1.344284 -0.351977
v -0.681356 1.346773 -0.314952
v -0.675074 1.336558 -0.372192
v -0.662485 1.418187 -0.334152
v -0.028957 0.642538 -0.492526
v -0.000030 0.650063 -0.488948
v -0.000030 0.629612 -0.492623
v -0.000030 0.636398 -0.492604
v -0.013339 0.947076 0.019815
v -0.006398 0.972778 0.015555
v -0.000030 0.980157 0.015824
v -0.000030 0.957093 0.014876
v -0.026881 0.978986 0.054680
v -0.000030 0.978952 0.054059
v -0.023057 0.979523 0.024036
v -0.007008 0.011811 0.009030
v -0.001171 0.013720 -0.042328
v -0.000329 0.046677 -0.046460
v -0.007339 0.036995 0.014494
v -0.017816 0.070181 -0.090066
v -0.020995 0.062673 -0.054180
v -0.000030 0.066990 -0.094874
v -0.025492 0.051338 0.015024
v -0.653524 1.523615 -0.345097
v -0.628988 1.523435 -0.340577
v -0.663242 1.523315 -0.300322
v -0.672830 1.530441 -0.305133
v -0.634813 1.523412 -0.295269
v -0.674574 1.546295 -0.280775
v -0.672983 1.558710 -0.307781
v -0.673108 1.551054 -0.351056
v -0.631237 1.609122 -0.343336
v -0.673075 1.590239 -0.350825
v -0.672967 1.600963 -0.294187
v -0.630936 1.609458 -0.280958
v -0.643951 0.048462 -0.497033
v -0.639401 0.003727 -0.483248
v -0.664026 0.000214 -0.490968
v -0.664204 0.050791 -0.483802
v -0.664984 0.051220 -0.453237
v -0.664834 0.000162 -0.453210
v -0.637214 0.000233 -0.453071
v -0.000030 0.613999 -0.492606
v -0.051939 0.612104 -0.492368
v -0.000030 0.650311 -0.480046
v -0.042699 0.650226 -0.481587
v -0.065739 0.601719 -0.438674
v -0.168422 0.601558 -0.443783
v -0.159905 0.604802 -0.492624
v -0.064536 0.602097 -0.465637
v -0.061319 0.603974 -0.477491
v -0.098084 0.605954 -0.487782
v -0.130169 0.619310 -0.492633
v -0.219709 0.610011 -0.492623
v -0.082784 0.609926 -0.491626
v -0.084788 0.631410 -0.491909
v -0.655826 0.662292 -0.547702
v -0.603665 0.641725 -0.547810
v -0.603650 0.603935 -0.547600
v -0.656034 0.621267 -0.547502
v -0.624712 0.549178 -0.493089
v -0.581844 0.608230 -0.491966
v -0.583724 0.638804 -0.490029
v -0.603673 0.669460 -0.547714
v -0.656994 0.627057 -0.505365
v -0.649355 0.673214 -0.493241
v -0.615948 0.676187 -0.492994
v -0.576809 0.601941 -0.466724
v -0.609333 0.552818 -0.468119
v -0.652938 0.517797 -0.493081
v -0.665152 0.521418 -0.454394
v -0.665295 0.423994 -0.451177
v -0.667038 0.625601 -0.459964
v -0.289733 0.647710 -0.492516
v -0.371855 0.650474 -0.483001
v -0.354551 0.651263 -0.466916
v -0.314179 0.650449 -0.469604
v -0.359582 0.677628 -0.448912
v -0.336093 0.650643 -0.447216
v -0.366046 0.676024 -0.471579
v -0.470549 0.650344 -0.480785
v -0.465511 0.650600 -0.456605
v -0.393052 0.660806 -0.460354
v -0.319743 0.715942 -0.345493
v -0.277274 0.732326 -0.347982
v -0.346964 0.714952 -0.427420
v -0.361088 0.713846 -0.418010
v -0.373638 0.734472 -0.446273
v -0.328249 0.735642 -0.431739
v -0.339441 0.716397 -0.244910
v -0.277420 0.716924 -0.231518
v -0.361967 0.714796 -0.343883
v -0.382068 0.711349 -0.415075
v -0.353409 0.680920 -0.398753
v -0.381530 0.681576 -0.404154
v -0.388007 0.675691 -0.448799
v -0.389857 0.696803 -0.420168
v -0.388224 0.689708 -0.483244
v -0.313470 0.680890 -0.473290
v -0.313483 0.680734 -0.441107
v -0.313840 0.680870 -0.395866
v -0.184789 0.717832 -0.218619
v -0.312123 0.681188 -0.492524
v -0.364031 0.712715 -0.477986
v -0.382729 0.701800 -0.499825
v -0.388478 0.704064 -0.465006
v -0.386792 0.715532 -0.462336
v -0.311563 0.723225 -0.449287
v -0.348221 0.723880 -0.478667
v -0.313731 0.711978 -0.464269
v -0.315372 0.692098 -0.514102
v -0.313631 0.708842 -0.494954
v -0.266331 0.717026 -0.161627
v -0.172175 0.717179 -0.146957
v -0.099968 0.716645 -0.130951
v -0.087292 0.717627 -0.157072
v -0.042976 0.723794 -0.179102
v -0.149595 0.735440 -0.259941
v -0.162591 1.854661 0.081862
v -0.193156 1.851249 0.069338
v -0.192645 1.878610 0.074107
v -0.160006 1.862888 0.102330
v -0.208564 1.893588 0.112779
v -0.194305 1.883541 0.116612
v -0.211310 1.893634 0.069810
v -0.195872 1.851838 0.016671
v -0.195805 1.879900 0.016313
v -0.208721 1.893635 0.016781
v -0.673270 1.571678 0.086740
v -0.673504 1.523881 0.110126
v -0.672888 1.524142 0.169010
v -0.672778 1.563923 0.168868
v -0.655959 1.506864 0.147129
v -0.610878 1.523614 0.166416
v -0.621888 1.483679 0.155519
v -0.609148 1.504577 0.155258
v -0.657081 1.485341 0.137524
v -0.616534 0.738174 0.298807
v -0.588944 0.714365 0.270658
v -0.589653 0.732017 0.257266
v -0.618182 0.742473 0.265750
v -0.642397 0.726790 0.261015
v -0.622270 0.717339 0.297765
v -0.489008 0.696319 0.293682
v -0.499789 0.699568 0.268059
v -0.579544 0.699686 0.280103
v -0.580461 0.694274 0.293556
v -0.488929 0.650197 0.293723
v -0.569359 0.649991 0.293736
v -0.604989 0.664730 0.294121
v -0.608974 0.689023 0.297518
v -0.623532 0.694547 0.295992
v -0.620444 0.669589 0.295016
v -0.640840 0.694511 0.253437
v -0.636175 0.656617 0.262390
v -0.606192 0.644094 0.267162
v -0.487528 0.649851 0.259497
v -0.574976 0.649261 0.263641
v -0.589855 0.646753 0.218220
v -0.486616 0.650045 0.227970
v -0.613169 0.620942 0.233038
v -0.487153 0.677508 0.221550
v -0.589745 0.672254 0.208107
v -0.556481 0.663745 0.144574
v -0.592510 0.619847 0.162793
v -0.348541 0.042470 0.477317
v -0.346935 0.043432 0.429120
v -0.334640 0.076056 0.408158
v -0.346403 0.076236 0.454040
v -0.254801 0.075906 0.454123
v -0.256810 0.075997 0.407966
v -0.348736 0.056507 0.394854
v -0.350734 0.100842 0.394318
v -0.374717 0.005309 0.453709
v -0.347359 0.006133 0.444342
v -0.347380 0.006049 0.508024
v -0.371222 0.013842 0.509742
v -0.369596 0.045014 0.498599
v -0.374169 0.005788 0.404484
v -0.397779 0.019068 0.413441
v -0.396076 0.012926 0.366181
v -0.365300 0.014450 0.351875
v -0.397984 0.061061 0.427802
v -0.392292 0.055319 0.387990
v -0.373528 0.079205 0.389454
v -0.395715 0.042224 0.508728
v -0.397896 0.017687 0.504975
v -0.391573 0.066634 0.471569
v -0.397998 0.019275 0.459947
v -0.363560 0.085799 0.471673
v -0.356493 0.148616 0.471893
v -0.386158 0.147122 0.471816
v -0.398326 0.148374 0.444221
v -0.255420 0.118636 0.454145
v -0.323589 0.120381 0.453802
v -0.328889 0.121430 0.408262
v -0.346091 0.156751 0.436968
v -0.344963 0.118746 0.453722
v -0.397695 0.414441 0.473251
v -0.437189 0.443695 0.463469
v -0.431474 0.472365 0.418023
v -0.399145 0.431042 0.436824
v -0.405403 0.501704 0.420153
v -0.405541 0.498120 0.471815
v -0.398304 0.351083 0.448327
v -0.387113 0.346258 0.472170
v -0.405607 0.473643 0.517144
v -0.392783 0.438118 0.514395
v -0.399415 0.431210 0.416221
v -0.398315 0.365055 0.416811
v -0.405404 0.497618 0.375368
v -0.405485 0.462485 0.386260
v -0.387511 0.395777 0.389113
v -0.385395 0.509308 0.523825
v -0.367612 0.438102 0.516084
v -0.355334 0.344426 0.472194
v -0.354143 0.411137 0.474491
v -0.333040 0.451733 0.463125
v -0.357710 0.475398 0.497673
v -0.389555 0.465998 0.355407
v -0.387409 0.446579 0.375194
v -0.355368 0.447323 0.379782
v -0.361205 0.427457 0.389133
v -0.358647 0.363502 0.389490
v -0.385128 0.511444 0.419745
v -0.384421 0.510856 0.367756
v -0.331223 0.435239 0.431770
v -0.346297 0.410876 0.438686
v -0.346492 0.344587 0.443581
v -0.368167 0.509727 0.510829
v -0.357424 0.499995 0.465087
v -0.376816 0.510598 0.471435
v -0.346551 0.416089 0.407422
v -0.330109 0.446315 0.402968
v -0.324211 0.484370 0.395450
v -0.353150 0.507789 0.375370
v -0.358329 0.511066 0.419682
v -0.273384 0.434287 0.427168
v -0.271726 0.450027 0.398865
v -0.262866 0.469385 0.390105
v -0.323849 0.499385 0.418023
v -0.315288 0.488722 0.455796
v -0.262194 0.455298 0.466736
v -0.270281 0.444017 0.458423
v -0.204949 0.441860 0.457399
v -0.203736 0.446593 0.469802
v -0.204395 0.418860 0.466720
v -0.253622 0.420319 0.467328
v -0.247677 0.418461 0.477944
v -0.247859 0.497796 0.455143
v -0.205061 0.452766 0.397143
v -0.204855 0.463695 0.385002
v -0.201748 0.435573 0.376232
v -0.255825 0.433805 0.375955
v -0.240138 0.434530 0.364974
v -0.236571 0.483712 0.387141
v -0.235013 0.497731 0.412234
v -0.271327 0.496454 0.412466
v -0.232347 0.550132 0.370562
v -0.233143 0.509034 0.414012
v -0.269013 0.505936 0.422308
v -0.263817 0.549753 0.373144
v -0.243985 0.554904 0.380991
v -0.188495 0.680782 0.293545
v -0.187263 0.700591 0.299672
v -0.270428 0.698119 0.284704
v -0.269981 0.680302 0.293055
v -0.369257 0.689926 0.293629
v -0.369430 0.699500 0.269134
v -0.257751 0.713015 0.232496
v -0.267151 0.701385 0.227942
v -0.258608 0.710272 0.284310
v -0.263386 0.690477 0.322809
v -0.251168 0.680050 0.316499
v -0.185603 0.673611 0.318134
v -0.367815 0.700376 0.231337
v -0.368600 0.676307 0.221341
v -0.270224 0.675281 0.221530
v -0.192514 0.678405 0.221570
v -0.191037 0.704518 0.217122
v -0.189071 0.709704 0.192043
v -0.247914 0.710299 0.192454
v -0.258166 0.717885 0.198709
v -0.376806 0.663406 0.145118
v -0.382805 0.688280 0.154404
v -0.420694 0.685538 0.142129
v -0.426770 0.659240 0.145337
v -0.384866 0.710240 0.134700
v -0.435743 0.708682 0.133177
v -0.313680 0.659202 0.143365
v -0.313545 0.679757 0.141343
v -0.314176 0.704290 0.134173
v -0.427467 0.659166 0.081734
v -0.422669 0.678717 0.075341
v -0.399854 0.682997 0.074192
v -0.383537 0.659002 0.084945
v -0.050875 1.020911 0.013459
v -0.053400 1.017598 0.018357
v -0.060268 1.019579 0.013451
v -0.068404 1.037900 0.005666
v -0.092486 1.025400 0.004462
v -0.084381 1.018062 0.018150
v -0.117820 1.020518 0.015591
v -0.117923 1.033629 0.001152
v -0.097413 1.039591 0.013720
v -0.117672 1.039801 0.013625
v -0.105500 0.942546 0.020922
v -0.130288 0.947451 0.018544
v -0.126829 0.974410 0.016524
v -0.099732 0.972364 0.016326
v -0.144022 0.980267 0.028994
v -0.136096 0.984964 0.018156
v -0.147736 0.970289 0.016509
v -0.138380 0.979446 0.045549
v -0.113722 0.981961 0.033846
v -0.000030 1.039966 0.010903
v -0.000030 1.023524 0.012896
v -0.005249 1.021209 0.016525
v -0.015210 1.038960 0.018875
v -0.000030 1.033985 0.027946
v -0.010993 1.026943 0.025141
v -0.000030 1.023640 0.019641
v -0.034867 1.038437 0.020650
v -0.018699 1.022065 0.019538
v -0.017692 1.028545 0.028110
v -0.015210 1.038960 0.018875
v -0.000030 1.179189 0.028383
v -0.022795 1.179290 0.029928
v -0.022898 1.179793 0.050698
v -0.000030 1.178733 0.052917
v -0.000030 1.153074 0.056971
v -0.018910 1.146509 0.053822
v -0.025051 1.151072 0.022501
v -0.000030 1.148200 0.018045
v -0.000030 1.137505 -0.001526
v -0.028791 1.137231 -0.001537
v -0.077619 1.137187 -0.001478
v -0.068804 1.146436 0.017133
v -0.058675 1.142497 0.042212
v -0.000030 1.098397 0.042640
v -0.000030 1.137767 0.057859
v -0.043067 1.113443 0.041430
v -0.301717 1.142879 0.023116
v -0.298878 1.145097 -0.001366
v -0.305328 1.122151 -0.000857
v -0.304760 1.117644 0.020386
v -0.276218 1.115655 0.023721
v -0.275655 1.129515 0.003716
v -0.273721 1.144877 0.004413
v -0.272256 1.116425 0.041952
v -0.299003 1.119260 0.038475
v -0.287192 1.137515 0.035299
v -0.270460 1.143249 0.025755
v -0.267308 1.136897 0.041594
v -0.254006 1.130777 0.001232
v -0.254773 1.103413 0.022234
v -0.243015 1.081096 0.025512
v -0.237736 1.101260 0.025896
v -0.253649 1.081535 0.008019
v -0.218921 1.112572 0.026404
v -0.252072 1.111566 0.035981
v -0.110181 1.038753 -0.039390
v -0.054376 1.034148 -0.041875
v -0.040012 1.016988 -0.026175
v -0.121390 1.015211 -0.027101
v -0.141154 1.040374 -0.023130
v -0.092377 1.040969 -0.025560
v -0.153235 1.040033 -0.035148
v -0.167906 1.024096 -0.024898
v -0.174177 1.038595 -0.019851
v -0.183206 1.023597 -0.029372
v -0.178334 1.039829 -0.035788
v -0.206064 1.039769 -0.035446
v -0.212659 1.020773 -0.027103
v -0.195377 1.036040 -0.018329
v -0.226653 1.019167 0.012273
v -0.245275 1.037710 -0.007722
v -0.241549 1.039265 -0.030094
v -0.229751 1.029907 -0.006267
v -0.232673 1.054431 0.005795
v -0.212659 1.020773 -0.027103
v -0.250934 1.058618 0.002950
v -0.246673 1.057774 0.024587
v -0.248325 1.039270 0.023998
v -0.207852 1.031183 0.000687
v -0.206873 1.039096 0.010599
v -0.227838 1.040855 0.020631
v -0.203226 1.017751 0.021349
v -0.232519 1.082550 0.008078
v -0.230893 1.108219 0.009977
v -0.227229 1.132250 -0.000881
v -0.205918 1.114996 0.005480
v -0.248831 1.133137 0.041256
v -0.219902 1.132220 0.042207
v -0.194844 1.133165 -0.001444
v -0.094831 1.112777 0.020477
v -0.035843 1.112364 0.017384
v -0.104339 1.122832 0.042218
v -0.000030 1.110684 0.018112
v -0.050875 1.020911 0.013459
v -0.025140 1.021248 0.018994
v -0.035463 1.020854 0.015179
v -0.013260 1.015421 0.017585
v -0.000030 0.939493 0.044502
v -0.021669 0.938947 0.041832
v -0.000030 0.941561 0.027582
v -0.045550 0.935699 0.035644
v -0.035775 0.935323 0.024442
v -0.078805 0.938672 0.039702
v -0.110216 0.938977 0.042693
v -0.074253 0.939240 0.022587
v -0.058588 0.971269 0.015300
v -0.025364 0.938731 0.064886
v -0.051626 0.938274 0.063963
v -0.080621 0.938466 0.064005
v -0.151183 0.980286 0.033983
v -0.153031 0.982305 0.024823
v -0.180396 0.951799 0.019011
v -0.161327 0.941260 0.018389
v -0.154900 0.939490 0.020506
v -0.178036 0.943593 0.027782
v -0.161054 0.945737 0.017154
v -0.056220 0.979222 0.055323
v -0.060692 0.980639 0.028506
v -0.088095 0.984453 0.031542
v -0.082981 0.979606 0.058020
v -0.111911 0.979669 0.062758
v -0.146053 1.039877 0.015532
v -0.138405 1.021636 0.013111
v -0.146156 1.036891 0.003437
v -0.180588 1.039754 0.016208
v -0.185532 1.020998 0.013884
v -0.211015 1.016706 0.010834
v -0.189564 0.939452 0.023176
v -0.191128 0.945111 0.014709
v -0.217470 0.955176 0.014161
v -0.206086 0.979242 0.013889
v -0.224334 0.216196 0.008806
v -0.226775 0.226050 0.010365
v -0.228106 0.204648 0.005603
v -0.226467 0.215125 0.007611
v -0.220981 0.259457 0.010799
v -0.223435 0.219119 0.005964
v -0.226621 0.783995 0.013221
v -0.218052 0.767238 0.014649
v -0.221157 0.675389 0.014226
v -0.226601 0.722884 0.013868
v -0.198915 0.753500 0.013875
v -0.208605 0.655576 0.013942
v -0.154351 0.979512 0.046886
v -0.169021 0.980185 0.042423
v -0.198570 0.987602 0.022758
v -0.180404 0.981786 0.015570
v -0.180849 1.036309 0.003236
v -0.224639 0.980477 0.024663
v -0.192915 0.929205 0.020842
v -0.199571 0.925619 0.013593
v -0.205807 0.934539 0.031916
v -0.214294 0.909670 0.021830
v -0.178620 0.938995 0.044644
v -0.181669 0.938375 0.065225
v -0.209068 0.938340 0.061806
v -0.236403 0.938253 0.057569
v -0.227274 0.933105 0.023041
v -0.226575 0.896739 0.015048
v -0.231623 0.958120 0.017603
v -0.204118 0.979153 0.061230
v -0.235540 0.978916 0.058006
v -0.272913 0.978840 0.057659
v -0.271371 0.978708 0.028071
v -0.272519 0.961048 0.017615
v -0.219807 0.887846 0.014689
v -0.218421 0.927197 0.014483
v -0.274589 0.938729 0.056188
v -0.272815 0.940027 0.025802
v -0.378860 0.978982 0.060297
v -0.431029 0.979086 0.060445
v -0.440004 0.979126 0.086693
v -0.380138 0.979002 0.086797
v -0.383799 0.938682 0.087560
v -0.440188 0.938896 0.086868
v -0.440126 0.938928 0.057611
v -0.410881 0.928729 0.052180
v -0.377908 0.978811 0.033579
v -0.378054 0.967829 0.017898
v -0.414445 0.964571 0.018238
v -0.425865 0.978939 0.033104
v -0.439783 0.939185 0.018708
v -0.410716 0.930336 0.029031
v -0.383012 0.935048 0.032905
v -0.409743 0.870037 0.026326
v -0.405380 0.870487 0.057911
v -0.323402 0.938718 0.087481
v -0.328077 0.938642 0.055068
v -0.323560 0.938759 0.026468
v -0.384908 0.870108 0.035960
v -0.321285 0.961985 0.017708
v -0.384902 0.796186 0.041590
v -0.386544 0.726012 0.046536
v -0.400719 0.735983 0.024345
v -0.403852 0.796275 0.021397
v -0.408752 0.797289 0.058003
v -0.402457 0.723487 0.056310
v -0.446544 0.726050 0.121369
v -0.384722 0.725938 0.127606
v -0.314747 0.725726 0.127459
v -0.456935 0.726114 0.094223
v -0.390707 0.725872 0.096297
v -0.399002 0.705240 0.076985
v -0.466724 0.706085 0.079761
v -0.319020 0.679894 0.075949
v -0.315746 0.707493 0.080198
v -0.314303 0.659098 0.081831
v -0.615919 1.608848 -0.403959
v -0.616027 1.606482 -0.402218
v -0.587425 1.605248 -0.403135
v -0.544956 1.608704 -0.403441
v -0.401186 1.349212 0.073059
v -0.388659 1.314581 0.054727
v -0.379688 1.325082 0.073282
v -0.381861 1.349200 0.073082
v -0.404290 1.348423 0.011385
v -0.421622 1.329360 -0.003127
v -0.420511 1.349225 0.073037
v -0.391428 1.314586 0.023742
v -0.385084 1.296199 -0.096981
v -0.375882 1.314819 -0.071926
v -0.412543 1.316463 -0.065475
v -0.406424 1.303080 -0.094278
v -0.387691 1.314690 -0.019479
v -0.413969 1.317083 -0.080003
v -0.403141 1.349262 -0.036224
v -0.299981 1.314624 0.040873
v -0.355409 1.314586 0.044123
v -0.356659 1.314753 -0.001988
v -0.299498 1.314770 -0.001853
v -0.360494 1.348507 -0.003049
v -0.372800 1.349145 0.021078
v -0.346896 1.349276 0.025256
v -0.424821 1.261705 -0.095088
v -0.439299 1.269943 -0.100036
v -0.443574 1.273582 -0.113344
v -0.402193 1.338273 -0.101664
v -0.000030 1.314435 0.063833
v -0.042559 1.314589 0.064702
v -0.030688 1.312998 0.027254
v -0.000030 1.313838 0.027233
v -0.000030 1.314864 -0.001894
v -0.045018 1.314708 -0.001757
v -0.589634 0.734247 0.215479
v -0.586897 0.729342 0.141152
v -0.609136 0.779338 0.162779
v -0.617489 0.746038 0.217474
v -0.640954 0.739173 0.211731
v -0.640297 0.766459 0.170214
v -0.645808 0.841695 0.157977
v -0.627356 0.843969 0.170800
v -0.549396 0.797602 0.170413
v -0.562345 0.843854 0.153892
v -0.585406 0.843811 0.120697
v -0.586977 0.895176 0.149123
v -0.547836 0.843886 0.120805
v -0.611075 0.908578 0.157306
v -0.640051 0.911295 0.157515
v -0.585199 0.797642 0.120687
v -0.544016 0.797626 0.120377
v -0.587265 0.754017 0.108416
v -0.588232 0.891470 0.083068
v -0.587881 0.811686 0.083106
v -0.587915 0.757803 0.084089
v -0.586864 0.698926 0.223470
v -0.484511 0.700401 0.231054
v -0.576891 0.695676 0.139004
v -0.662881 0.839333 0.150012
v -0.663199 0.769025 0.150342
v -0.641534 0.692152 0.200703
v -0.641573 0.691749 0.169025
v -0.663478 0.690887 0.154028
v -0.514522 0.705118 0.134399
v -0.523651 0.725943 0.124636
v -0.537797 0.726071 0.098130
v -0.553491 0.658743 0.106720
v -0.587344 0.598756 0.111123
v -0.672741 1.608087 0.168871
v -0.672970 1.608309 0.078170
v -0.623662 1.609025 0.096492
v -0.643066 1.608678 0.167624
v -0.583190 1.523703 0.069923
v -0.551965 1.523600 0.066817
v -0.578149 1.520438 0.090381
v -0.585665 1.510215 0.084028
v -0.632095 1.569583 0.172245
v -0.615453 1.556286 0.174621
v -0.631650 1.556572 0.174712
v -0.633841 1.566443 0.174473
v -0.609076 1.574353 0.166866
v -0.614603 1.573127 0.167182
v -0.658032 1.523760 0.046026
v -0.656757 1.499701 0.083184
v -0.641925 1.523540 0.033570
v -0.641961 1.523502 -0.011696
v -0.671107 1.551101 0.016828
v -0.631346 1.570397 0.174872
v -0.631670 1.570090 0.173330
v -0.585388 1.468727 0.091516
v -0.592890 1.460225 0.082607
v -0.548030 1.546885 0.066150
v -0.574968 1.552082 0.068598
v -0.593771 1.608956 0.165348
v -0.617585 1.608862 0.166324
v -0.582918 1.599088 0.062004
v -0.602076 1.609096 0.017876
v -0.612620 1.608920 0.058873
v -0.589936 1.608504 0.070645
v -0.654321 1.609041 0.009657
v -0.556171 1.546110 0.163679
v -0.467821 1.590314 0.157354
v -0.491596 1.601712 0.149784
v -0.592077 1.567162 0.165669
v -0.364473 1.609200 0.098583
v -0.477034 1.608424 0.110098
v -0.361146 1.609052 0.127447
v -0.357829 1.597938 0.145432
v -0.209417 1.523821 0.100099
v -0.196335 1.532016 0.061187
v -0.173710 1.538024 0.073316
v -0.190282 1.538028 0.108776
v -0.187695 1.572098 0.108022
v -0.171690 1.571466 0.073665
v -0.188754 1.568582 0.056764
v -0.242410 1.533392 0.192449
v -0.262076 1.537411 0.181110
v -0.259469 1.533522 0.136811
v -0.234066 1.524486 0.147673
v -0.239242 1.523250 0.093871
v -0.280915 1.524000 0.091471
v -0.280365 1.536126 0.121181
v -0.280289 1.567387 0.126768
v -0.260564 1.569141 0.149188
v -0.221928 1.538817 0.154419
v -0.225847 1.542775 0.184247
v -0.218048 1.572569 0.152319
v -0.223145 1.570739 0.184475
v -0.240456 1.571438 0.198327
v -0.190378 1.597771 0.056264
v -0.184808 1.606901 0.073100
v -0.226397 1.564662 0.056292
v -0.225494 1.596026 0.056055
v -0.223467 1.609190 0.067901
v -0.259891 1.572599 0.184943
v -0.275724 1.608595 0.123842
v -0.273534 1.608487 0.113226
v -0.371532 1.561546 0.146983
v -0.255923 1.621109 0.154514
v -0.224704 1.692649 0.115165
v -0.235027 1.628204 0.123881
v -0.244940 1.634786 0.123898
v -0.239284 1.692306 0.115491
v -0.194062 1.607172 0.103929
v -0.219729 1.620789 0.139355
v -0.224750 1.609129 0.094472
v -0.219308 1.623016 0.176477
v -0.214675 1.692951 0.131240
v -0.213407 1.699280 0.160947
v -0.249032 1.692644 0.121904
v -0.224959 1.751501 0.100562
v -0.212558 1.735179 0.117414
v -0.196493 1.754185 0.103072
v -0.202326 1.756003 0.134331
v -0.239730 1.733578 0.107611
v -0.261936 1.760403 0.078658
v -0.265717 1.727277 0.096684
v -0.280122 1.737983 0.118739
v -0.284678 1.764665 0.095640
v -0.251075 1.711126 0.143862
v -0.267318 1.765268 0.156109
v -0.286059 1.774412 0.129126
v -0.254680 1.625802 0.183243
v -0.243984 1.708771 0.178801
v -0.241769 1.764898 0.171813
v -0.191567 1.773740 0.079656
v -0.220431 1.785536 0.078350
v -0.222778 1.705466 0.183002
v -0.217710 1.764880 0.175819
v -0.142517 1.754546 0.103644
v -0.143033 1.768861 0.132470
v -0.244418 1.813312 0.144057
v -0.269187 1.802734 0.113522
v -0.195960 1.868203 0.160170
v -0.202863 1.893514 0.165801
v -0.196228 1.892397 0.199982
v -0.202279 1.852123 0.194962
v -0.214302 1.833077 0.175071
v -0.217049 1.870799 0.200172
v -0.222923 1.892759 0.172492
v -0.197957 1.840003 0.153422
v -0.201312 1.832917 0.120689
v -0.160288 1.843860 0.105421
v -0.191120 1.852638 0.124495
v -0.094682 1.845654 0.105767
v -0.094665 1.865016 0.101225
v -0.094714 1.857237 0.083927
v -0.091597 1.598740 0.202919
v -0.090852 1.640273 0.222098
v -0.089698 1.611072 0.238246
v -0.092848 1.575582 0.215960
v -0.080946 1.632598 0.246493
v -0.083583 1.611822 0.246779
v -0.105757 1.563894 0.221199
v -0.096997 1.594641 0.244984
v -0.042990 1.654095 0.244558
v -0.057567 1.639122 0.249542
v -0.067341 1.629656 0.250879
v -0.049488 1.619169 0.249422
v -0.080929 1.586252 0.173391
v -0.091651 1.570559 0.178375
v -0.090360 1.560670 0.141240
v -0.080819 1.577800 0.149765
v -0.096359 1.544876 0.185783
v -0.099093 1.534837 0.138535
v -0.099305 1.559733 0.070919
v -0.091711 1.580799 0.090942
v -0.090604 1.593712 0.097490
v -0.082421 1.577929 0.131293
v -0.114127 1.624649 0.124260
v -0.115215 1.632523 0.095262
v -0.114559 1.597370 0.102528
v -0.110716 1.588683 0.130332
v -0.114674 1.561873 0.135287
v -0.114823 1.580322 0.088658
v -0.119005 1.633472 0.070589
v -0.114548 1.562417 0.071149
v -0.107396 1.631965 0.035461
v -0.113035 1.692396 0.062537
v -0.114692 1.675867 0.080660
v -0.114665 1.598161 0.229565
v -0.114913 1.617899 0.242166
v -0.124876 1.649392 0.098738
v -0.137308 1.651034 0.092257
v -0.134567 1.627299 0.209261
v -0.144775 1.641489 0.194565
v -0.147738 1.634328 0.159387
v -0.135279 1.626823 0.178556
v -0.126543 1.650837 0.187259
v -0.134449 1.651720 0.158820
v -0.116292 1.660281 0.153559
v -0.124450 1.650676 0.129416
v -0.140909 1.650862 0.126223
v -0.121028 1.642008 0.214598
v -0.134970 1.651490 0.206226
v -0.118702 1.645798 0.129478
v -0.119331 1.644215 0.096643
v -0.119622 1.631148 0.202244
v -0.110072 1.674564 0.236009
v -0.114590 1.644351 0.246422
v -0.092286 1.664914 0.232960
v -0.079376 1.606449 0.192610
v -0.076605 1.637472 0.196684
v -0.077002 1.662302 0.185477
v -0.091422 1.673294 0.197068
v -0.092608 1.691463 0.208636
v -0.115651 1.622242 0.224639
v -0.115569 1.612456 0.211061
v -0.113119 1.680284 0.139720
v -0.115173 1.667655 0.208963
v -0.115958 1.663931 0.181845
v -0.092727 1.714491 0.170661
v -0.101520 1.727919 0.175255
v -0.110643 1.704568 0.218361
v -0.114202 1.696223 0.195213
v -0.114702 1.724408 0.175207
v -0.092292 1.714620 0.112939
v -0.112498 1.723841 0.122255
v -0.095981 1.730836 0.140811
v -0.087512 1.727159 0.141454
v -0.114388 1.706346 0.126332
v -0.114101 1.717479 0.157716
v -0.111270 1.733897 0.150656
v -0.099433 1.733041 0.146315
v -0.106502 1.736391 0.133891
v -0.114786 1.690423 0.171126
v -0.091587 1.694259 0.116052
v -0.091921 1.696215 0.142760
v -0.095631 1.754133 0.101897
v -0.090660 1.756888 0.135470
v -0.141325 1.793417 0.121912
v -0.093006 1.793338 0.118467
v -0.046899 1.793405 0.120231
v -0.045331 1.776720 0.137936
v -0.049132 1.754596 0.124761
v -0.045850 1.758613 0.139808
v -0.083616 1.748783 0.138181
v -0.204307 1.824052 0.148626
v -0.210980 1.804641 0.170931
v -0.240165 1.798093 0.165390
v -0.187291 1.793945 0.102010
v -0.220830 1.803486 0.102589
v -0.189021 1.793906 0.129166
v -0.187829 1.793663 0.084302
v -0.215879 1.795152 0.091023
v -0.239503 1.827858 0.098106
v -0.238758 1.833342 0.071075
v -0.237333 1.893720 0.066532
v -0.266199 1.893523 0.065065
v -0.265588 1.893609 0.109593
v -0.237930 1.892327 0.113934
v -0.266215 1.834681 0.062389
v -0.266132 1.835573 0.105950
v -0.196283 1.875988 -0.044594
v -0.198144 1.872755 -0.108761
v -0.204226 1.889892 -0.107190
v -0.206122 1.892956 -0.041505
v -0.238424 1.893720 -0.040445
v -0.246844 1.891859 -0.109706
v -0.196822 1.872792 -0.144328
v -0.215315 1.893675 -0.150306
v -0.257887 1.893532 -0.160772
v -0.196038 1.847132 -0.042942
v -0.196466 1.834566 -0.108193
v -0.210183 1.834266 -0.040821
v -0.222697 1.822259 -0.107170
v -0.198112 1.846693 -0.143013
v -0.210898 1.833670 -0.153358
v -0.265905 1.836915 -0.107889
v -0.265918 1.892994 -0.107561
v -0.255010 1.828739 -0.107406
v -0.266142 1.893506 -0.040282
v -0.265996 1.834617 -0.037718
v -0.262827 1.842170 -0.155674
v -0.266322 1.883210 -0.175362
v -0.249956 1.839379 -0.170286
v -0.240825 1.834297 -0.039130
v -0.261418 1.754312 -0.120240
v -0.235783 1.753658 -0.105988
v -0.213686 1.753580 -0.131625
v -0.213449 1.754891 -0.160619
v -0.223178 1.821017 -0.170129
v -0.261437 1.757894 -0.153089
v -0.245145 1.676015 -0.103009
v -0.256824 1.613245 -0.100939
v -0.210041 1.610573 -0.103382
v -0.214783 1.675729 -0.114663
v -0.260703 1.595768 -0.068659
v -0.208142 1.598746 -0.068466
v -0.140792 1.609173 -0.122709
v -0.200581 1.609452 -0.131199
v -0.140544 1.609046 -0.093874
v -0.138701 1.600841 -0.068443
v -0.213813 1.671892 -0.146816
v -0.182187 1.523315 -0.111859
v -0.179671 1.523590 -0.085373
v -0.197808 1.523857 -0.073250
v -0.227630 1.518117 -0.104795
v -0.274452 1.502282 -0.094404
v -0.196472 1.543048 -0.068390
v -0.262465 1.537614 -0.068487
v -0.261369 1.675543 -0.124841
v -0.261503 1.620606 -0.126200
v -0.313805 1.595156 -0.069586
v -0.314137 1.608848 -0.091149
v -0.313416 1.609218 -0.121300
v -0.260431 1.478470 -0.098630
v -0.214005 1.617322 -0.158557
v -0.230595 1.675447 -0.168772
v -0.261134 1.675595 -0.157544
v -0.261051 1.620703 -0.160270
v -0.138307 1.609068 -0.153690
v -0.257688 1.603503 -0.176805
v -0.203049 1.603252 -0.176755
v -0.134531 1.603147 -0.176851
v -0.000030 1.524062 -0.068492
v -0.055790 1.524360 -0.068531
v -0.044416 1.509742 -0.087694
v -0.000030 1.523408 -0.085233
v -0.037005 1.444964 -0.087234
v -0.016166 1.513915 -0.095197
v -0.058527 1.444208 -0.099596
v -0.000030 1.523251 -0.095744
v -0.000030 1.523175 -0.118242
v -0.016209 1.514302 -0.116161
v -0.040639 1.511687 -0.129388
v -0.000030 1.523212 -0.131297
v -0.016451 1.445560 -0.114355
v -0.031155 1.445237 -0.128182
v -0.000030 1.523644 -0.163664
v -0.051500 1.523563 -0.165532
v -0.128787 1.524277 -0.068626
v -0.120688 1.523502 -0.091050
v -0.122684 1.523277 -0.118070
v -0.059785 1.508196 -0.115965
v -0.058290 1.446367 -0.120959
v -0.121083 1.523777 -0.167489
v -0.118532 1.523253 -0.140894
v -0.017673 0.741245 -0.139575
v -0.055043 0.736481 -0.140666
v -0.057591 0.773108 -0.129532
v -0.026268 0.775506 -0.131453
v -0.101068 0.713851 -0.103754
v -0.059024 0.736388 -0.105327
v -0.100330 0.691932 -0.088135
v -0.060516 0.681335 -0.092951
v -0.039572 0.691082 -0.082441
v -0.040240 0.755820 -0.082756
v -0.016609 0.771561 -0.108624
v -0.014660 0.705297 -0.115194
v -0.172905 0.682155 -0.126365
v -0.168478 0.681888 -0.154659
v -0.060866 0.679344 -0.149213
v -0.089966 0.681844 -0.123362
v -0.172204 0.681654 -0.196621
v -0.071468 0.681291 -0.194477
v -0.000030 0.681611 -0.193190
v -0.000030 0.681813 -0.153853
v -0.058615 0.657120 -0.123806
v -0.033880 0.653705 -0.130575
v -0.095973 0.682551 -0.101982
v -0.058927 0.664473 -0.106457
v -0.038334 0.621677 -0.082042
v -0.058436 0.611417 -0.089636
v -0.058879 0.601881 -0.111520
v -0.041743 0.294092 -0.082060
v -0.058619 0.287726 -0.094633
v -0.059005 0.239994 -0.095679
v -0.040344 0.249328 -0.082312
v -0.058735 0.283302 -0.119235
v -0.062111 0.230920 -0.119009
v -0.092251 0.223153 -0.121890
v -0.093004 0.223149 -0.099605
v -0.039818 0.223017 -0.082684
v -0.062058 0.221415 -0.082829
v -0.091490 0.217529 -0.082721
v -0.473010 0.050453 -0.083048
v -0.490158 0.058922 -0.091953
v -0.485776 0.007692 -0.083417
v -0.469536 0.018703 -0.084762
v -0.453799 0.014403 -0.099317
v -0.486199 0.012695 -0.108246
v -0.489944 0.066218 -0.115460
v -0.484628 0.007984 -0.127536
v -0.461927 0.013601 -0.125950
v -0.446540 0.104054 -0.083333
v -0.446599 0.038987 -0.083191
v -0.445660 0.094874 -0.104101
v -0.454770 0.083216 -0.130411
v -0.475998 0.074561 -0.130436
v -0.470052 0.139812 -0.130887
v -0.463897 0.188596 -0.130563
v -0.436251 0.191823 -0.123683
v -0.446568 0.154764 -0.124608
v -0.456103 0.224216 -0.130808
v -0.431895 0.208750 -0.131529
v -0.445705 0.180531 -0.090477
v -0.433894 0.224128 -0.093752
v -0.390514 0.205960 -0.131941
v -0.390185 0.192896 -0.119158
v -0.446130 0.232748 -0.126024
v -0.427767 0.224334 -0.126410
v -0.445491 0.274222 -0.118002
v -0.425808 0.224382 -0.113037
v -0.455694 0.287613 -0.130554
v -0.461568 0.254037 -0.084577
v -0.447867 0.263235 -0.085271
v -0.390610 0.218069 -0.083118
v -0.429643 0.224097 -0.092290
v -0.388506 0.193025 -0.089898
v -0.445257 0.268089 -0.096984
v -0.479041 0.247119 -0.084485
v -0.465078 0.182418 -0.083869
v -0.090456 0.206659 -0.131924
v -0.063472 0.206352 -0.131864
v -0.039496 0.206846 -0.131890
v -0.038979 0.232616 -0.131023
v -0.033369 0.033784 0.205208
v -0.052933 0.031364 0.204041
v -0.051397 0.027179 0.247479
v -0.036465 0.026542 0.259451
v -0.040295 0.005966 0.255444
v -0.057027 0.006630 0.253232
v -0.057407 0.009653 0.203267
v -0.025657 0.003688 0.245232
v -0.018923 0.022366 0.249194
v -0.018637 0.023334 0.204263
v -0.022934 0.003814 0.203415
v -0.042127 0.002007 0.203600
v 0.000336 0.013646 -0.046876
v -0.019443 0.006564 -0.048208
v -0.025961 0.012894 -0.112596
v -0.000030 0.011852 -0.125000
v -0.037784 0.025868 -0.064557
v -0.028219 0.036991 -0.120930
v -0.000030 0.044340 -0.140918
v -0.036053 0.050032 -0.062201
v -0.027483 0.056384 -0.107655
v -0.038898 0.200828 -0.082987
v -0.039169 0.192077 -0.107743
v -0.016083 0.190675 -0.103038
v -0.017415 0.201502 -0.082915
v -0.000030 0.200871 -0.082881
v -0.000030 0.190072 -0.094818
v -0.041818 0.278647 -0.131258
v -0.016471 0.267059 -0.106133
v -0.020614 0.259448 -0.082778
v -0.017570 0.226444 -0.083816
v -0.016403 0.230337 -0.106213
v -0.000030 0.220083 -0.082899
v -0.000030 0.223716 -0.105871
v -0.000030 0.223158 -0.125801
v -0.016689 0.229643 -0.125691
v -0.000030 0.206242 -0.131876
v -0.017391 0.207700 -0.131784
v -0.000030 0.716966 -0.153069
v -0.000030 0.717072 -0.247812
v -0.004413 0.717471 -0.148138
v -0.134726 0.717156 -0.303927
v -0.609525 0.419608 -0.472958
v -0.609505 0.316554 -0.471425
v -0.610038 0.256909 -0.489437
v -0.619009 0.387190 -0.493127
v -0.581825 0.289098 -0.472350
v -0.578392 0.268584 -0.489626
v -0.645597 0.338099 -0.493184
v -0.645447 0.225130 -0.493106
v -0.553998 0.235126 -0.414175
v -0.529266 0.272255 -0.414117
v -0.611941 0.313917 -0.420338
v -0.624395 0.259758 -0.414591
v -0.516605 0.289030 -0.423548
v -0.589368 0.289367 -0.432323
v -0.609811 0.385666 -0.423736
v -0.629987 0.428933 -0.414525
v -0.580802 0.226797 -0.478007
v -0.609368 0.195114 -0.472885
v -0.637637 0.195316 -0.414665
v -0.612182 0.194762 -0.415064
v -0.609659 0.193450 -0.427985
v -0.531905 0.226698 -0.441162
v -0.616725 0.049130 -0.492238
v -0.610194 0.000278 -0.491028
v -0.608321 0.047432 -0.462445
v -0.609976 0.004101 -0.455791
v -0.636578 0.000000 -0.422388
v -0.664441 0.000212 -0.415525
v -0.633506 0.038002 -0.407230
v -0.655733 0.044019 -0.410117
v -0.610688 0.003213 -0.421380
v -0.608533 0.039690 -0.417094
v -0.644687 0.099190 -0.391040
v -0.664586 0.101638 -0.415420
v -0.656061 0.049048 -0.375796
v -0.629618 0.038058 -0.370915
v -0.605024 0.091226 -0.391628
v -0.604903 0.052276 -0.376362
v -0.608278 0.100661 -0.439200
v -0.648233 0.098693 -0.311296
v -0.628879 0.125759 -0.414469
v -0.656599 0.075459 -0.302010
v -0.625508 0.098738 -0.303686
v -0.618700 0.115801 -0.414723
v -0.609444 0.159004 -0.449036
v -0.664689 0.000180 0.118687
v -0.636038 0.001326 0.125281
v -0.638436 0.008630 0.146605
v -0.650372 0.023428 0.153143
v -0.621439 0.039109 0.167259
v -0.621197 0.028748 0.153873
v -0.607127 0.007440 0.147900
v -0.594293 0.014567 0.146815
v -0.664847 0.053030 0.124946
v -0.664344 0.047048 0.083852
v -0.663289 0.000139 0.083847
v -0.618340 0.001719 0.116434
v -0.620542 0.023677 0.077788
v -0.646670 0.036794 0.075618
v -0.590713 0.078213 0.156961
v -0.597829 0.040284 0.157563
v -0.622732 0.090144 0.167502
v -0.622594 0.057124 0.168475
v -0.640646 0.038183 -0.014319
v -0.613706 0.038415 -0.014919
v -0.612035 0.041413 0.047256
v -0.639704 0.037494 0.056134
v -0.588441 0.063809 0.092459
v -0.588183 0.126342 0.092912
v -0.656776 0.054710 -0.014357
v -0.656592 0.050371 0.063297
v -0.664426 0.079053 0.083845
v -0.656722 0.086990 -0.014125
v -0.633172 0.098646 -0.015063
v -0.630161 0.099223 0.053503
v -0.632538 0.180788 0.083069
v -0.664320 0.170801 0.083717
v -0.588177 0.097333 0.127102
v -0.605970 0.098811 0.043535
v -0.605331 0.192746 0.083085
v -0.602639 0.127883 0.083049
v -0.604490 0.085554 0.048801
v -0.587796 0.230289 0.102114
v -0.587557 0.526818 0.125499
v -0.596437 0.551913 0.159468
v -0.502815 0.678878 0.141474
v -0.585742 0.726494 0.093005
v -0.603228 0.707439 0.082149
v -0.617536 0.761371 0.082992
v -0.541841 0.706411 0.080360
v -0.638322 0.600772 0.176624
v -0.639822 0.631944 0.211169
v -0.657425 0.506367 0.159360
v -0.629154 0.487773 0.160034
v -0.659134 0.608181 0.159052
v -0.624457 0.572894 0.082964
v -0.642402 0.605318 0.039584
v -0.605534 0.605507 0.057165
v -0.596708 0.574897 0.083050
v -0.589447 0.638088 0.011400
v -0.587639 0.631065 0.066194
v -0.587724 0.606114 0.076282
v -0.664146 0.765279 0.101946
v -0.652593 0.763578 0.083291
v -0.647628 0.686692 0.082230
v -0.664511 0.686895 0.106273
v -0.597260 0.670238 0.050902
v -0.637118 0.670431 0.040143
v -0.666185 0.626307 0.107299
v -0.658632 0.638025 0.081563
v -0.660067 0.669769 0.035706
v -0.651425 0.578915 0.083231
v -0.664936 0.548800 0.107077
v -0.660103 0.619086 0.031036
v -0.591978 0.636837 -0.049899
v -0.594481 0.669430 -0.065079
v -0.600330 0.669348 -0.012473
v -0.630689 0.670216 -0.021606
v -0.630668 0.670162 -0.076719
v -0.568532 0.635110 -0.071242
v -0.562909 0.662422 -0.071286
v -0.636592 0.670170 -0.134367
v -0.600680 0.669134 -0.111651
v -0.563218 0.670064 -0.101351
v -0.591259 0.605862 -0.029264
v -0.583276 0.605391 -0.071822
v -0.620925 0.605251 -0.030468
v -0.626266 0.605186 -0.080343
v -0.630325 0.605023 -0.137133
v -0.590663 0.610870 -0.127652
v -0.505358 0.605565 -0.091016
v -0.479040 0.607871 -0.084759
v -0.483679 0.621714 -0.071755
v -0.515326 0.629145 -0.070828
v -0.485000 0.679313 -0.087349
v -0.482389 0.668424 -0.071930
v -0.518810 0.661628 -0.071078
v -0.454513 0.541439 -0.087032
v -0.458289 0.618919 -0.087734
v -0.473760 0.532565 -0.086724
v -0.461548 0.687284 -0.088644
v -0.489567 0.522869 -0.090144
v -0.490537 0.517679 -0.106389
v -0.514885 0.605772 -0.112387
v -0.514308 0.669982 -0.092355
v -0.502898 0.606085 -0.122031
v -0.489535 0.503589 -0.124305
v -0.472585 0.646953 -0.129302
v -0.469600 0.578873 -0.130008
v -0.505213 0.661992 -0.123592
v -0.464482 0.762036 -0.089621
v -0.486137 0.761216 -0.093541
v -0.489767 0.695476 -0.118295
v -0.488377 0.761872 -0.115744
v -0.474684 0.697800 -0.128425
v -0.362461 1.349225 -0.093063
v -0.361227 1.349362 -0.062297
v -0.355121 1.350793 -0.095366
v -0.376401 1.295900 -0.110052
v -0.369248 1.367527 -0.124500
v -0.394819 1.321821 -0.124256
v -0.376539 1.373613 -0.104891
v -0.333059 1.437199 -0.100631
v -0.307781 1.419138 -0.095123
v -0.304416 1.417736 -0.121754
v -0.353842 1.353227 -0.124439
v -0.302132 1.483063 -0.123882
v -0.327366 1.433113 -0.123623
v -0.268161 1.473300 -0.120642
v -0.306865 1.523367 -0.096086
v -0.298283 1.523082 -0.125130
v -0.243691 1.513920 -0.124140
v -0.314603 1.609119 -0.155138
v -0.313271 1.602976 -0.176844
v -0.184717 1.523260 -0.137394
v -0.304091 1.523604 -0.162991
v -0.246712 1.523474 -0.162848
v -0.313027 1.532314 -0.068462
v -0.671170 1.583708 0.005433
v -0.537911 1.608998 -0.105982
v -0.593210 1.609000 -0.101127
v -0.588017 1.607826 -0.054719
v -0.538774 1.607833 -0.076483
v -0.541523 1.584284 -0.068725
v -0.583006 1.583590 -0.038165
v -0.645991 1.609135 -0.097026
v -0.647769 1.609121 -0.055519
v -0.589038 1.523734 -0.079797
v -0.545056 1.523811 -0.079263
v -0.577122 1.536361 -0.066354
v -0.583721 1.523714 -0.054295
v -0.583085 1.550562 -0.030551
v -0.583237 1.523808 -0.008699
v -0.544620 1.548640 -0.068273
v -0.637102 1.608550 -0.158813
v -0.589854 1.608771 -0.159253
v -0.583351 1.599400 -0.181132
v -0.631538 1.609121 -0.188678
v -0.534604 1.602931 -0.176959
v -0.533698 1.588098 -0.177271
v -0.629717 1.609073 -0.229109
v -0.591194 1.608984 -0.221237
v -0.539149 1.523574 -0.139177
v -0.587791 1.523588 -0.135197
v -0.579445 1.526133 -0.176512
v -0.535801 1.524455 -0.170533
v -0.621153 1.523346 -0.129008
v -0.617033 1.523404 -0.164632
v -0.583592 1.570056 -0.217149
v -0.574767 1.561139 -0.177438
v -0.583640 1.533948 -0.216172
v -0.533868 1.553616 -0.177197
v -0.608318 1.523492 -0.212116
v -0.655010 1.522968 -0.117343
v -0.652854 1.523034 -0.153073
v -0.671447 1.544770 -0.205031
v -0.662506 1.524803 -0.201650
v -0.671360 1.533501 -0.176751
v -0.672442 1.552740 -0.173430
v -0.672470 1.562880 -0.142955
v -0.672182 1.563134 -0.115824
v -0.671890 1.586234 -0.096753
v -0.674788 1.600295 -0.130081
v -0.665794 1.605256 -0.201195
v -0.667355 1.603048 -0.169581
v -0.673079 1.534024 -0.151886
v -0.672197 1.569646 -0.203528
v -0.672405 1.576794 -0.170112
v -0.672397 1.588613 -0.203629
v -0.640269 1.523531 -0.205155
v -0.670767 1.527245 -0.247012
v -0.635934 1.523354 -0.252520
v -0.671896 1.545053 -0.231878
v -0.583712 1.577549 -0.360883
v -0.583975 1.599590 -0.384004
v -0.584179 1.606881 -0.360771
v -0.583627 1.574399 -0.322343
v -0.584049 1.582377 -0.390449
v -0.585003 1.602023 -0.398843
v -0.674085 1.608259 -0.406387
v -0.673796 1.579929 -0.406069
v -0.656870 1.606092 -0.402338
v -0.648792 1.608455 -0.404004
v -0.673985 1.579066 -0.441437
v -0.674059 1.608541 -0.443656
v -0.645820 1.609018 -0.444326
v -0.583669 1.546125 -0.341561
v -0.597677 1.523309 -0.355741
v -0.662291 1.530970 -0.401841
v -0.634696 1.527957 -0.401818
v -0.634692 1.523561 -0.405643
v -0.635720 1.508161 -0.418236
v -0.608755 1.511567 -0.436033
v -0.587363 1.523537 -0.404089
v -0.469394 1.523945 -0.403317
v -0.461511 1.523373 -0.443881
v -0.458531 1.523591 -0.485012
v -0.606724 1.522887 -0.470727
v -0.673609 1.524078 -0.406605
v -0.657740 1.523735 -0.405632
v -0.673649 1.550939 -0.406172
v -0.644664 1.608871 -0.474523
v -0.645457 1.608493 -0.499986
v -0.669736 1.608092 -0.497304
v -0.674069 1.608496 -0.473675
v -0.673933 1.578418 -0.471784
v -0.673652 1.577968 -0.493224
v -0.652236 1.578268 -0.501399
v -0.457394 1.545678 -0.500805
v -0.570623 1.548567 -0.501248
v -0.630427 1.534980 -0.501159
v -0.640230 1.480259 -0.491918
v -0.673988 1.550347 -0.437908
v -0.674042 1.524018 -0.433342
v -0.663875 1.508740 -0.431206
v -0.633594 1.431276 -0.417947
v -0.663972 1.444719 -0.433121
v -0.664538 1.458966 -0.471707
v -0.665163 1.519467 -0.477346
v -0.673894 1.524025 -0.481263
v -0.673870 1.549611 -0.472520
v -0.673526 1.547670 -0.489885
v -0.608915 0.812951 -0.467328
v -0.608793 0.885318 -0.452256
v -0.608847 0.827505 -0.428714
v -0.608320 0.833935 -0.430842
v -0.631304 0.753805 -0.415737
v -0.623342 0.676832 -0.415192
v -0.626294 0.903861 -0.416425
v -0.469353 0.609084 -0.488105
v -0.470556 0.632908 -0.490860
v -0.578299 0.647070 -0.470424
v -0.609006 0.676241 -0.470614
v -0.608999 0.747641 -0.473247
v -0.621059 0.729612 -0.492965
v -0.651529 0.711156 -0.493078
v -0.579327 0.601955 -0.443018
v -0.582870 0.613894 -0.413063
v -0.619626 0.588387 -0.413882
v -0.609222 0.570274 -0.443055
v -0.600762 0.606921 -0.347112
v -0.629899 0.604419 -0.349262
v -0.600586 0.629783 -0.349299
v -0.575665 0.630824 -0.413307
v -0.449725 0.633162 -0.413704
v -0.425999 0.650451 -0.431791
v -0.573549 0.649841 -0.413543
v -0.600556 0.655266 -0.344686
v -0.616977 0.670078 -0.343887
v -0.577605 0.650321 -0.447136
v -0.608946 0.680491 -0.445619
v -0.659602 0.622555 -0.355593
v -0.659992 0.660588 -0.345507
v -0.655004 0.720504 -0.415698
v -0.661455 0.650328 -0.415350
v -0.643774 0.670073 -0.343916
v -0.599768 0.632407 -0.179109
v -0.568726 0.628367 -0.127951
v -0.600832 0.605483 -0.191379
v -0.633040 0.604793 -0.195449
v -0.599800 0.660145 -0.163943
v -0.564302 0.659513 -0.127008
v -0.629794 0.670300 -0.188182
v -0.655062 0.604100 -0.146550
v -0.662115 0.611711 -0.199831
v -0.654807 0.605569 -0.084063
v -0.663200 0.669509 -0.139855
v -0.662392 0.669626 -0.081983
v -0.656853 0.669871 -0.200233
v -0.664889 0.667781 -0.168079
v -0.662410 0.634785 -0.084397
v -0.663276 0.639415 -0.137852
v -0.678067 0.646853 -0.153392
v -0.676834 0.662833 -0.154728
v -0.662266 0.641368 -0.200771
v -0.666844 0.639059 -0.167764
v -0.661213 0.615125 -0.262931
v -0.661362 0.646907 -0.261996
v -0.651414 0.670069 -0.261649
v -0.621032 0.670172 -0.260546
v -0.600225 0.658840 -0.258588
v -0.600225 0.632260 -0.262409
v -0.601120 0.605183 -0.263292
v -0.633355 0.604648 -0.263290
v -0.651387 0.605546 -0.032189
v -0.661513 0.629633 -0.030613
v -0.661527 0.669676 -0.027073
v -0.664254 0.556635 -0.415267
v -0.664387 0.626320 -0.415672
v -0.665015 0.676024 -0.465278
v -0.652407 0.761002 -0.493038
v -0.664861 0.725897 -0.461678
v -0.664950 0.823921 -0.459998
v -0.650307 0.848013 -0.492955
v -0.619282 0.868866 -0.492757
v -0.622164 0.789034 -0.492955
v -0.646413 0.966349 -0.492908
v -0.609221 0.983475 -0.486711
v -0.608730 1.002484 -0.449669
v -0.609089 1.093504 -0.484791
v -0.608668 1.111760 -0.447910
v -0.629019 1.129542 -0.416897
v -0.627663 1.021638 -0.416521
v -0.664308 1.146673 -0.427313
v -0.664454 1.040366 -0.423793
v -0.663147 0.934147 -0.416466
v -0.664808 1.058205 -0.461577
v -0.664907 0.950653 -0.457999
v -0.644903 1.075463 -0.492919
v -0.664776 1.163567 -0.465214
v -0.642906 1.181543 -0.492866
v -0.609030 1.200156 -0.482461
v -0.641895 1.287659 -0.492615
v -0.608844 1.305419 -0.479479
v -0.608501 1.322408 -0.442316
v -0.608808 1.218196 -0.445959
v -0.632448 1.339124 -0.417324
v -0.630546 1.235081 -0.417534
v -0.664958 1.355671 -0.431759
v -0.664637 1.251472 -0.430368
v -0.664701 1.371816 -0.468886
v -0.664882 1.269394 -0.467395
v -0.640786 1.387466 -0.492435
v -0.608665 1.404089 -0.476228
v -0.608473 1.416965 -0.438938
v -0.637115 0.534884 -0.414681
v -0.664516 0.463448 -0.415378
v -0.639988 0.594881 -0.409561
v -0.610884 0.503188 -0.419491
v -0.609426 0.350315 -0.448573
v -0.609384 0.461291 -0.445851
v -0.581737 0.289098 -0.450511
v -0.513505 0.289061 -0.445784
v -0.511674 0.289002 -0.471957
v -0.391054 0.289077 -0.439361
v -0.391458 0.289034 -0.470680
v -0.391937 0.277905 -0.490366
v -0.510379 0.275738 -0.490038
v -0.392195 0.245442 -0.490377
v -0.510336 0.239624 -0.490030
v -0.392187 0.226803 -0.476644
v -0.513619 0.226674 -0.469202
v -0.583769 0.226620 -0.457680
v -0.393731 0.226684 -0.446907
v -0.247111 0.226789 -0.479482
v -0.246821 0.226724 -0.449976
v -0.246648 0.226826 -0.422253
v -0.398850 0.226834 -0.420452
v -0.246692 0.250701 -0.414178
v -0.392620 0.255151 -0.414108
v -0.246976 0.280143 -0.414275
v -0.391029 0.282563 -0.414221
v -0.247282 0.289137 -0.437079
v -0.115097 0.278797 -0.414282
v -0.115014 0.289003 -0.435716
v -0.115121 0.289021 -0.469048
v -0.247475 0.289087 -0.470075
v -0.115250 0.278287 -0.491072
v -0.247497 0.278265 -0.490841
v -0.115611 0.248542 -0.491035
v -0.247345 0.247418 -0.490770
v -0.116098 0.226765 -0.480825
v -0.000030 0.250424 -0.491253
v -0.000030 0.226650 -0.480056
v -0.000030 0.226645 -0.453199
v -0.116279 0.226733 -0.451864
v -0.000030 0.228689 -0.423897
v -0.116029 0.226877 -0.423636
v -0.000030 0.253075 -0.414271
v -0.115598 0.250199 -0.414221
v -0.000030 0.277992 -0.414288
v -0.000030 0.288994 -0.437166
v -0.000030 0.289019 -0.467450
v -0.000030 0.276689 -0.491200
v -0.664449 0.376222 -0.415252
v -0.664551 0.284919 -0.415318
v -0.665332 0.296623 -0.450410
v -0.664539 0.200473 -0.415311
v -0.665148 0.201913 -0.450408
v -0.664641 0.334170 -0.484269
v -0.664730 0.207300 -0.480477
v -0.665017 0.115090 -0.450718
v -0.664615 0.116595 -0.481467
v -0.646106 0.116404 -0.494738
v -0.618193 0.122835 -0.493302
v -0.609177 0.106770 -0.471443
v -0.640311 0.476530 -0.493184
v -0.609026 0.759172 -0.447488
v -0.262414 0.650327 -0.416647
v -0.282402 0.627747 -0.413237
v -0.457276 0.610977 -0.415348
v -0.300325 0.601846 -0.414811
v -0.148613 0.622887 -0.413146
v -0.162211 0.601837 -0.417610
v -0.460700 0.602371 -0.440384
v -0.314685 0.601587 -0.441496
v -0.462910 0.602512 -0.466655
v -0.320979 0.601530 -0.469901
v -0.347283 0.601877 -0.489410
v -0.360903 0.625960 -0.492734
v -0.261547 0.628263 -0.492627
v -0.160231 0.638006 -0.492700
v -0.184041 0.650311 -0.482573
v -0.097241 0.649500 -0.492486
v -0.108349 0.650377 -0.473336
v -0.204351 0.650402 -0.461583
v -0.118875 0.650502 -0.452524
v -0.051281 0.650371 -0.466091
v -0.054660 0.650445 -0.446611
v -0.227164 0.650443 -0.438798
v -0.127940 0.650533 -0.430133
v -0.057413 0.650387 -0.426112
v -0.000030 0.650504 -0.444504
v -0.000030 0.650450 -0.425794
v -0.137160 0.644603 -0.413193
v -0.059574 0.642129 -0.413310
v -0.000030 0.640704 -0.413201
v -0.061014 0.620803 -0.413179
v -0.000030 0.621611 -0.413340
v -0.000030 0.650512 -0.463226
v -0.061233 0.601811 -0.422096
v -0.000030 0.601686 -0.437566
v -0.000030 0.604236 -0.415591
v -0.000030 0.601500 -0.459749
v -0.000030 0.601589 -0.477937
v -0.145193 1.577974 -0.500760
v -0.000030 1.578784 -0.500795
v -0.000030 1.545901 -0.500769
v -0.145584 1.544421 -0.500719
v -0.145991 1.523501 -0.485102
v -0.000030 1.523456 -0.482549
v -0.302675 1.545633 -0.500785
v -0.302677 1.523462 -0.487407
v -0.000030 1.523307 -0.446900
v -0.146305 1.523360 -0.447063
v -0.302614 1.523286 -0.447572
v -0.146481 1.524046 -0.403342
v -0.302339 1.524043 -0.403356
v -0.145367 1.608793 -0.403454
v -0.302058 1.608793 -0.403306
v -0.453355 1.608728 -0.403344
v -0.145426 1.608978 -0.425794
v -0.302185 1.609109 -0.435513
v -0.454082 1.609131 -0.438909
v -0.558937 1.609119 -0.440818
v -0.302297 1.609110 -0.467742
v -0.455001 1.609051 -0.471308
v -0.556702 1.609031 -0.472623
v -0.609280 1.609124 -0.443091
v -0.608851 1.609012 -0.473860
v -0.455877 1.608609 -0.500694
v -0.555679 1.608564 -0.500499
v -0.611872 1.608553 -0.500601
v -0.558176 1.579609 -0.501060
v -0.617128 1.579650 -0.503516
v -0.655484 1.549601 -0.500945
v -0.456563 1.579049 -0.500818
v -0.302424 1.608572 -0.500611
v -0.302560 1.578453 -0.500810
v -0.145268 1.608682 -0.499062
v -0.144948 1.609095 -0.462437
v -0.000030 1.609220 -0.456819
v -0.000030 1.608829 -0.490186
v -0.000030 1.608652 -0.403423
v -0.000030 1.524016 -0.403368
v -0.000030 1.585729 -0.403211
v -0.604271 1.527230 -0.401612
v -0.583663 1.540653 -0.306585
v -0.599032 1.523518 -0.302638
v -0.583655 1.538409 -0.259648
v -0.603106 1.523510 -0.257193
v -0.583638 1.575027 -0.263698
v -0.592280 1.609069 -0.276874
v -0.672100 1.589333 -0.229758
v -0.672322 1.570296 -0.233943
v -0.667873 1.605230 -0.244179
v -0.673271 1.577653 -0.260110
v -0.665957 1.522816 -0.161831
v -0.671412 1.587832 -0.051592
v -0.642065 1.609089 -0.129422
v -0.671337 1.558837 -0.050866
v -0.671750 1.561932 -0.090979
v -0.671492 1.535165 -0.090208
v -0.670569 1.532694 -0.045256
v -0.653110 1.523480 -0.094779
v -0.649096 1.523522 -0.063757
v -0.621692 1.523382 -0.101143
v -0.620769 1.523399 -0.073197
v -0.617825 1.523421 -0.037880
v -0.616446 1.523453 0.010058
v -0.645544 1.466910 0.082816
v -0.616910 1.523488 0.047742
v -0.583076 1.523875 0.039184
v -0.621420 1.397542 0.082530
v -0.582955 1.555514 0.022751
v -0.582993 1.585723 0.016599
v -0.582771 1.580056 0.056930
v -0.582805 1.553879 0.051949
v -0.570367 1.597079 0.068473
v -0.570180 1.577344 0.068254
v -0.545680 1.597429 0.066153
v -0.544690 1.574953 0.065839
v -0.479039 1.596572 0.060054
v -0.478314 1.566932 0.059666
v -0.478280 1.524048 0.059859
v -0.363154 1.560908 0.057066
v -0.362245 1.523672 0.057692
v -0.357256 1.523617 0.090275
v -0.477062 1.523436 0.084311
v -0.353696 1.528121 0.127716
v -0.492921 1.523395 0.118763
v -0.584956 1.452221 0.124083
v -0.596152 1.378355 0.155394
v -0.585365 1.263191 0.132420
v -0.594476 1.240602 0.156261
v -0.606511 1.442454 0.155401
v -0.615254 1.353488 0.155899
v -0.618752 1.238444 0.156479
v -0.595560 1.123833 0.156768
v -0.622447 1.124156 0.156999
v -0.643282 1.351422 0.156294
v -0.646517 1.239011 0.156695
v -0.649596 1.123985 0.157201
v -0.629748 1.006594 0.157244
v -0.654393 1.007319 0.157379
v -0.658673 1.239472 0.136208
v -0.659974 1.123064 0.134149
v -0.661139 1.008168 0.132270
v -0.662047 0.912219 0.151762
v -0.662802 0.912256 0.128655
v -0.659827 1.122086 0.100365
v -0.660647 1.008802 0.101062
v -0.662748 0.911626 0.101692
v -0.663711 0.836771 0.126661
v -0.663595 0.833699 0.101077
v -0.645489 1.009196 0.084961
v -0.650142 0.909864 0.083277
v -0.652506 0.829331 0.083274
v -0.618743 0.905902 0.083113
v -0.619639 0.822115 0.083081
v -0.616084 1.009206 0.083382
v -0.587079 1.008091 0.083267
v -0.615715 1.121225 0.083162
v -0.586963 1.122535 0.083152
v -0.585321 1.123810 0.108891
v -0.585560 0.998551 0.112177
v -0.585418 1.124578 0.136600
v -0.585931 1.005175 0.140540
v -0.600815 1.006632 0.156986
v -0.585245 1.266602 0.105026
v -0.587566 1.262498 0.082998
v -0.618056 1.243164 0.082909
v -0.644814 1.121403 0.083269
v -0.645907 1.239390 0.083077
v -0.648021 1.359804 0.082732
v -0.658706 1.239568 0.102482
v -0.657645 1.353091 0.103433
v -0.657288 1.443633 0.100558
v -0.657619 1.352111 0.137467
v -0.657034 1.438038 0.138917
v -0.635431 1.437943 0.155779
v -0.601976 1.487166 0.155101
v -0.594750 1.506101 0.154882
v -0.664125 0.767232 0.127839
v -0.664306 0.689979 0.132552
v -0.664926 0.617065 0.135614
v -0.664792 0.524623 0.134222
v -0.658437 0.419535 0.159658
v -0.664983 0.438294 0.131507
v -0.664902 0.456804 0.100868
v -0.665068 0.351182 0.127851
v -0.664717 0.376770 0.092851
v -0.649233 0.475603 0.083301
v -0.642709 0.396690 0.083244
v -0.664296 0.267071 0.083570
v -0.636278 0.289542 0.083195
v -0.615040 0.493638 0.083142
v -0.607965 0.414444 0.083154
v -0.602943 0.312646 0.083120
v -0.587724 0.432356 0.097638
v -0.587609 0.335742 0.101183
v -0.587551 0.450663 0.131137
v -0.587732 0.358473 0.135663
v -0.587983 0.252825 0.136796
v -0.587925 0.171969 0.133043
v -0.598676 0.379678 0.159603
v -0.599135 0.274150 0.159695
v -0.598447 0.191323 0.159889
v -0.596200 0.125736 0.159745
v -0.629825 0.297663 0.160048
v -0.629119 0.206597 0.160293
v -0.627075 0.138889 0.160256
v -0.657726 0.223665 0.159678
v -0.657282 0.149402 0.159713
v -0.656018 0.097069 0.159926
v -0.654569 0.055906 0.159631
v -0.664961 0.159265 0.128892
v -0.665054 0.096418 0.128266
v -0.665123 0.243844 0.125265
v -0.658658 0.323748 0.159560
v -0.629698 0.400159 0.160083
v -0.597056 0.469293 0.159668
v -0.587884 0.509897 0.092930
v -0.279148 1.523787 0.056596
v -0.226602 1.525965 0.058033
v -0.278488 1.560694 0.056406
v -0.278394 1.592147 0.056496
v -0.363949 1.592524 0.057173
v -0.277776 1.609108 0.067180
v -0.364749 1.609130 0.070697
v -0.477566 1.609167 0.077077
v -0.549622 1.609039 0.078707
v -0.566222 1.609209 0.109138
v -0.574762 1.608824 0.075996
v -0.595078 1.609048 0.102873
v -0.275487 1.609078 0.089643
v -0.590196 1.523584 -0.105463
v -0.542665 1.523568 -0.107207
v -0.466128 1.523544 -0.139120
v -0.466728 1.523525 -0.105874
v -0.468134 1.523817 -0.076101
v -0.469139 1.552470 -0.068393
v -0.380033 1.523502 -0.101266
v -0.378947 1.529997 -0.068495
v -0.378614 1.559041 -0.068318
v -0.469468 1.588444 -0.068381
v -0.378330 1.591999 -0.068447
v -0.313767 1.563399 -0.068395
v -0.261906 1.568534 -0.068410
v -0.203103 1.574063 -0.068366
v -0.133944 1.549479 -0.068436
v -0.137153 1.576245 -0.068492
v -0.063604 1.552012 -0.068413
v -0.065508 1.576926 -0.068591
v -0.066949 1.599306 -0.072176
v -0.067228 1.608171 -0.092559
v -0.000030 1.579375 -0.068290
v -0.000030 1.599331 -0.068302
v -0.000030 1.609060 -0.090692
v -0.067163 1.608957 -0.118833
v -0.000030 1.609278 -0.116355
v -0.065493 1.602578 -0.176825
v -0.066931 1.609111 -0.149687
v -0.000030 1.609232 -0.146843
v -0.000030 1.600817 -0.176946
v -0.129664 1.575409 -0.177125
v -0.062882 1.576161 -0.177121
v -0.000030 1.575846 -0.177199
v -0.059245 1.545081 -0.177083
v -0.000030 1.544411 -0.177170
v -0.000030 1.553883 -0.068312
v -0.125090 1.544630 -0.177137
v -0.187907 1.523505 -0.166081
v -0.190351 1.542673 -0.177074
v -0.194305 1.573262 -0.177151
v -0.249867 1.542375 -0.177057
v -0.253217 1.572976 -0.177114
v -0.310536 1.543281 -0.177064
v -0.312397 1.574443 -0.177109
v -0.384023 1.545952 -0.177090
v -0.383671 1.577078 -0.177143
v -0.382500 1.602546 -0.176996
v -0.466441 1.581046 -0.177181
v -0.466655 1.602516 -0.176851
v -0.467147 1.609148 -0.145656
v -0.381171 1.609076 -0.149490
v -0.467881 1.609113 -0.110587
v -0.380462 1.609168 -0.115280
v -0.468993 1.609006 -0.080603
v -0.379480 1.609037 -0.083971
v -0.536632 1.609047 -0.140869
v -0.593101 1.609008 -0.132151
v -0.466275 1.549520 -0.177142
v -0.465875 1.523885 -0.169042
v -0.382865 1.523699 -0.167091
v -0.378597 1.523427 -0.134797
v -0.176255 1.528272 -0.068523
v -0.672076 1.535803 -0.115779
v -0.382211 1.305243 -0.124264
v -0.405212 1.249906 -0.113712
v -0.415445 1.256457 -0.124425
v -0.433808 1.268232 -0.124471
v -0.451044 1.187860 -0.124465
v -0.470003 1.192431 -0.124398
v -0.483876 1.195407 -0.115509
v -0.475948 1.104601 -0.125046
v -0.484883 1.104742 -0.114623
v -0.484621 1.104970 -0.097405
v -0.476578 1.194586 -0.098236
v -0.467874 1.104846 -0.093212
v -0.457357 1.189326 -0.093811
v -0.448067 1.105257 -0.096373
v -0.445597 1.187674 -0.098576
v -0.408619 1.252038 -0.095593
v -0.445401 1.187972 -0.114297
v -0.447820 1.105259 -0.113435
v -0.458464 1.104692 -0.124951
v -0.447455 1.018221 -0.113398
v -0.456312 1.018226 -0.125393
v -0.475740 1.018224 -0.125338
v -0.455751 0.930333 -0.126109
v -0.475814 0.930642 -0.126117
v -0.486565 0.930380 -0.113139
v -0.485625 1.018213 -0.113798
v -0.484526 0.930196 -0.092468
v -0.485519 1.018213 -0.095755
v -0.466335 0.930256 -0.091385
v -0.466679 1.018167 -0.092341
v -0.447648 0.930254 -0.092565
v -0.447723 1.018234 -0.095897
v -0.446677 0.930204 -0.112881
v -0.446376 0.842456 -0.094619
v -0.445996 0.842463 -0.113443
v -0.455315 0.842324 -0.127044
v -0.445608 0.762576 -0.114285
v -0.454842 0.762268 -0.127862
v -0.475088 0.762062 -0.127672
v -0.475844 0.842250 -0.126885
v -0.487651 0.842188 -0.114181
v -0.486695 0.842219 -0.094716
v -0.465959 0.842282 -0.090471
v -0.445867 0.762572 -0.095247
v -0.445498 0.692231 -0.095974
v -0.445205 0.694515 -0.115112
v -0.445245 0.624987 -0.096368
v -0.445006 0.629115 -0.115504
v -0.453242 0.635619 -0.129186
v -0.454503 0.696668 -0.128578
v -0.444821 0.554816 -0.116076
v -0.451709 0.563756 -0.129670
v -0.445039 0.461982 -0.117513
v -0.452662 0.472690 -0.130294
v -0.471557 0.486137 -0.130492
v -0.454501 0.372926 -0.130498
v -0.474714 0.387700 -0.130743
v -0.489696 0.400816 -0.123292
v -0.477002 0.300048 -0.130783
v -0.489720 0.310709 -0.120860
v -0.490286 0.317079 -0.100881
v -0.490410 0.410660 -0.104095
v -0.484599 0.322624 -0.085140
v -0.486877 0.420427 -0.086434
v -0.468139 0.328868 -0.085078
v -0.470472 0.430463 -0.085944
v -0.451229 0.339275 -0.085611
v -0.452806 0.440888 -0.086368
v -0.444953 0.349006 -0.099055
v -0.444921 0.451270 -0.098073
v -0.445014 0.548342 -0.096930
v -0.445252 0.359916 -0.118847
v -0.490183 0.243219 -0.095568
v -0.490440 0.186381 -0.109301
v -0.489998 0.185220 -0.089407
v -0.490218 0.237562 -0.116203
v -0.490431 0.124872 -0.099213
v -0.478279 0.116023 -0.083277
v -0.489727 0.131400 -0.122559
v -0.484751 0.187223 -0.130100
v -0.480341 0.229774 -0.130431
v -0.107685 0.679186 0.075587
v -0.107796 0.708963 0.080414
v -0.000030 0.707346 0.080313
v -0.000030 0.680267 0.076028
v -0.108172 0.726141 0.096529
v -0.000030 0.726070 0.097553
v -0.226869 0.709413 0.080294
v -0.226707 0.726014 0.096821
v -0.226161 0.725867 0.127569
v -0.108158 0.725814 0.127524
v -0.000030 0.725877 0.127521
v -0.108147 0.701140 0.134938
v -0.000030 0.701965 0.134932
v -0.108471 0.677768 0.141684
v -0.108809 0.659226 0.143597
v -0.000030 0.659919 0.142929
v -0.000030 0.680026 0.141259
v -0.108255 0.659041 0.123042
v -0.000030 0.658995 0.123242
v -0.225619 0.659251 0.143685
v -0.225009 0.659047 0.122995
v -0.225566 0.659052 0.100946
v -0.108121 0.659076 0.101063
v -0.000030 0.659005 0.101150
v -0.107954 0.659281 0.081484
v -0.000030 0.659160 0.082763
v -0.226048 0.659222 0.081373
v -0.226552 0.679388 0.075698
v -0.313656 0.658897 0.101046
v -0.375241 0.658906 0.123484
v -0.376892 0.658864 0.101494
v -0.313552 0.658973 0.123065
v -0.428666 0.658957 0.124009
v -0.428419 0.658964 0.101632
v -0.490229 0.658957 0.127961
v -0.487303 0.658933 0.102450
v -0.482087 0.659187 0.080931
v -0.551401 0.659196 0.078300
v -0.546947 0.675469 0.075714
v -0.475587 0.677016 0.075512
v -0.479704 0.659149 0.145369
v -0.225300 0.677986 0.141630
v -0.225781 0.701726 0.134804
v -0.315248 0.726036 0.096241
v -0.604624 0.069708 -0.015277
v -0.604787 0.093140 -0.015239
v -0.604752 0.063240 -0.108583
v -0.604758 0.092302 -0.108650
v -0.632965 0.098526 -0.108659
v -0.604767 0.092153 -0.207825
v -0.631257 0.098365 -0.207768
v -0.656567 0.090868 -0.207735
v -0.656633 0.088297 -0.108586
v -0.656768 0.062415 -0.207683
v -0.656837 0.057742 -0.108546
v -0.647966 0.038372 -0.207794
v -0.643816 0.038250 -0.108571
v -0.619163 0.038197 -0.207778
v -0.615672 0.038435 -0.108588
v -0.604814 0.060439 -0.207860
v -0.624829 0.038089 -0.301270
v -0.604742 0.058528 -0.301513
v -0.604831 0.092347 -0.301746
v -0.656461 0.044528 -0.301307
v -0.230428 0.712893 -0.434194
v -0.248594 0.715774 -0.394421
v -0.117940 0.713949 -0.397325
v -0.261678 0.735547 -0.371039
v -0.000030 0.714721 -0.378039
v -0.119570 0.711284 -0.459083
v -0.000030 0.711738 -0.452157
v -0.000030 0.708972 -0.495075
v -0.129165 0.707780 -0.502652
v -0.236664 0.681650 -0.508469
v -0.232465 0.704404 -0.510999
v -0.137359 0.681576 -0.509458
v -0.229425 0.710497 -0.476875
v -0.146554 0.681149 -0.478471
v -0.242393 0.681147 -0.476336
v -0.158754 0.680980 -0.442467
v -0.247142 0.680958 -0.440657
v -0.168004 0.680981 -0.395810
v -0.251333 0.680965 -0.394872
v -0.175130 0.681127 -0.335971
v -0.255844 0.681123 -0.334669
v -0.314910 0.681141 -0.334662
v -0.353061 0.681203 -0.336036
v -0.258942 0.681403 -0.257998
v -0.317000 0.681424 -0.258345
v -0.356762 0.681553 -0.257959
v -0.383205 0.681367 -0.339808
v -0.391183 0.687858 -0.254825
v -0.318262 0.681689 -0.194126
v -0.359035 0.681846 -0.191159
v -0.391166 0.691874 -0.186388
v -0.379613 0.714591 -0.251268
v -0.372286 0.715816 -0.181087
v -0.360680 0.682069 -0.145186
v -0.390887 0.693199 -0.139483
v -0.369653 0.714880 -0.133237
v -0.328783 0.716564 -0.173925
v -0.324199 0.715802 -0.126505
v -0.390410 0.693885 -0.115570
v -0.365809 0.709582 -0.099830
v -0.322004 0.704641 -0.094610
v -0.352626 0.691654 -0.089266
v -0.320092 0.682564 -0.093099
v -0.257928 0.682537 -0.096622
v -0.259812 0.699959 -0.092552
v -0.261088 0.715582 -0.118642
v -0.172381 0.696018 -0.090199
v -0.172633 0.715022 -0.109449
v -0.172868 0.682530 -0.099434
v -0.256442 0.682176 -0.123354
v -0.318699 0.681950 -0.149554
v -0.256309 0.681896 -0.154591
v -0.318798 0.682202 -0.118397
v -0.258960 0.681654 -0.196456
v -0.177358 0.681408 -0.258356
v -0.073323 0.681144 -0.335773
v -0.073919 0.681395 -0.258226
v -0.000030 0.681139 -0.335008
v -0.000030 0.681415 -0.257651
v -0.047632 0.680959 -0.441296
v -0.000030 0.680862 -0.443588
v -0.000030 0.680930 -0.397582
v -0.066562 0.680981 -0.396920
v -0.360961 0.682271 -0.113554
v -0.390148 0.702398 -0.342631
v -0.000030 0.681381 -0.477286
v -0.000030 0.681199 -0.501428
v -0.000030 0.189818 -0.109679
v -0.020299 0.272504 -0.130229
v -0.016403 0.311716 -0.107200
v -0.021728 0.320263 -0.130733
v -0.044378 0.328344 -0.131380
v -0.023567 0.388282 -0.130761
v -0.046448 0.400836 -0.131263
v -0.058985 0.335538 -0.118720
v -0.059104 0.413049 -0.117365
v -0.048395 0.498788 -0.130949
v -0.058957 0.513139 -0.114742
v -0.058712 0.342800 -0.094637
v -0.058767 0.425389 -0.093405
v -0.058800 0.527130 -0.090842
v -0.040175 0.439802 -0.082055
v -0.038921 0.540940 -0.082074
v -0.017098 0.455422 -0.087905
v -0.017087 0.554471 -0.088339
v -0.017371 0.632221 -0.086822
v -0.021337 0.698561 -0.082782
v -0.016372 0.567255 -0.111833
v -0.016437 0.644634 -0.110300
v -0.016390 0.470057 -0.111877
v -0.025414 0.484203 -0.130714
v -0.027446 0.580079 -0.130391
v -0.051503 0.591892 -0.130579
v -0.016410 0.376157 -0.110012
v -0.017131 0.363503 -0.086735
v -0.020098 0.303879 -0.082707
v -0.040700 0.352622 -0.081987
v -0.021419 0.766377 -0.083129
v -0.041099 0.839462 -0.083412
v -0.016808 0.840502 -0.089179
v -0.016322 0.840533 -0.112694
v -0.016493 0.929606 -0.091231
v -0.016516 0.929486 -0.115015
v -0.029260 0.840344 -0.130216
v -0.030392 0.929090 -0.130168
v -0.016604 1.032154 -0.115253
v -0.030909 1.032010 -0.129763
v -0.057589 0.839267 -0.129543
v -0.057545 0.928723 -0.129392
v -0.057406 1.032058 -0.129158
v -0.032170 1.140020 -0.129466
v -0.057010 1.140298 -0.129149
v -0.058949 0.928698 -0.099153
v -0.058909 1.032141 -0.098826
v -0.058775 1.140311 -0.098090
v -0.058757 1.247813 -0.118926
v -0.058711 1.247895 -0.094561
v -0.039249 1.032251 -0.084369
v -0.038932 1.140157 -0.084910
v -0.036420 1.247880 -0.085753
v -0.049428 1.350837 -0.086625
v -0.027545 1.350651 -0.086663
v -0.016471 1.139988 -0.092748
v -0.016273 1.247724 -0.095577
v -0.016122 1.350834 -0.104812
v -0.023201 1.350709 -0.128474
v -0.016350 1.445628 -0.095714
v -0.016454 1.247627 -0.119582
v -0.016441 1.139945 -0.116347
v -0.038000 1.247615 -0.129162
v -0.046944 1.350399 -0.128585
v -0.058775 1.350523 -0.109798
v -0.016650 1.032272 -0.092078
v -0.039940 0.928981 -0.083599
v -0.058886 0.834100 -0.100211
v -0.015828 1.513617 -0.104199
v -0.000030 1.523198 -0.106364
v -0.062586 0.198403 -0.083024
v -0.062838 0.192347 -0.111579
v -0.089582 0.192620 -0.087459
v -0.089110 0.192401 -0.115114
v -0.125812 0.192658 -0.088370
v -0.125726 0.192474 -0.115948
v -0.125669 0.206293 -0.131924
v -0.185589 0.192483 -0.116575
v -0.185651 0.206223 -0.131899
v -0.185390 0.223615 -0.125428
v -0.126040 0.223269 -0.124359
v -0.184964 0.223554 -0.103257
v -0.126523 0.223372 -0.102317
v -0.184721 0.217132 -0.082772
v -0.126912 0.217158 -0.082706
v -0.185179 0.192700 -0.088881
v -0.269063 0.217255 -0.082831
v -0.269419 0.192851 -0.089033
v -0.269486 0.192661 -0.116777
v -0.339820 0.192947 -0.089236
v -0.340391 0.192826 -0.117229
v -0.340731 0.206246 -0.131946
v -0.269393 0.206254 -0.131977
v -0.340567 0.224085 -0.126383
v -0.269128 0.223793 -0.125905
v -0.339694 0.224001 -0.104150
v -0.268963 0.223765 -0.103662
v -0.339420 0.217481 -0.082959
v -0.391127 0.224317 -0.106164
v -0.391085 0.224350 -0.126948
v -0.048451 0.017853 0.010684
v -0.046694 0.041764 0.012513
v -0.054420 0.012475 0.107776
v -0.052719 0.033885 0.108832
v -0.032284 0.041039 0.110265
v -0.016470 0.028687 0.110565
v -0.016325 0.006840 0.109321
v -0.030337 0.002736 0.010791
v -0.038614 0.001775 0.108067
v -0.000030 0.055971 -0.116591
v -0.238675 1.755733 -0.169952
v -0.208627 1.834297 0.022018
v -0.235456 1.834266 0.018371
v -0.265951 1.834625 0.017787
v -0.266091 1.893520 0.018675
v -0.236717 1.893718 0.018089
v -0.142095 1.793636 0.098082
v -0.143077 1.787823 0.078075
v -0.143022 1.766206 0.080601
v -0.096502 1.786270 0.078206
v -0.096584 1.764273 0.080937
v -0.050274 1.785885 0.078289
v -0.050547 1.764477 0.081066
v -0.049958 1.753968 0.098439
v -0.000030 1.765558 0.080594
v -0.000030 1.754023 0.098465
v -0.000030 1.754237 0.121497
v -0.000030 1.762498 0.139977
v -0.000030 1.780654 0.137879
v -0.000030 1.793518 0.120363
v -0.048457 1.793525 0.095715
v -0.000030 1.793724 0.096928
v -0.095000 1.793549 0.096050
v -0.000030 1.784453 0.078323
v -0.161442 1.840280 0.089080
v -0.094453 1.837930 0.088159
v -0.000030 1.846917 0.106057
v -0.000030 1.838179 0.088381
v -0.000030 1.856146 0.083629
v -0.000030 1.864963 0.101515
v -0.092642 1.690246 0.065458
v -0.091563 1.674504 0.084642
v -0.077793 1.682573 0.141782
v -0.079340 1.679004 0.118820
v -0.082131 1.663675 0.096235
v -0.091429 1.630147 0.071140
v -0.085773 1.631348 0.084158
v -0.050481 1.677612 0.116444
v -0.053005 1.661589 0.095658
v -0.056472 1.631933 0.083683
v -0.059165 1.596153 0.097009
v -0.000030 1.660590 0.094952
v -0.000030 1.632248 0.084251
v -0.000030 1.597468 0.096411
v -0.056784 1.578886 0.124118
v -0.000030 1.580146 0.121770
v -0.053519 1.587618 0.175447
v -0.055295 1.577921 0.150680
v -0.000030 1.578388 0.150496
v -0.000030 1.588817 0.175954
v -0.052220 1.608241 0.193479
v -0.000030 1.609279 0.193350
v -0.051503 1.635666 0.197092
v -0.000030 1.635370 0.197127
v -0.049472 1.677184 0.165196
v -0.050462 1.661271 0.186367
v -0.000030 1.660876 0.186000
v -0.000030 1.677124 0.165168
v -0.077236 1.677119 0.165141
v -0.091654 1.689484 0.169350
v -0.049433 1.682653 0.140801
v -0.000030 1.682463 0.139897
v -0.000030 1.676738 0.115118
v -0.093995 1.630678 0.041563
v -0.118676 1.627623 0.175176
v -0.115488 1.602458 0.186148
v -0.114851 1.580058 0.204437
v -0.114875 1.595186 0.158043
v -0.115042 1.568224 0.172542
v -0.114738 1.546336 0.182774
v -0.114676 1.539986 0.135935
v -0.128146 1.624191 0.145892
v -0.253419 1.809615 0.104224
v -0.232323 1.625294 0.192994
v -0.632281 1.556992 0.172072
v -0.632272 1.569379 0.173009
v -0.459989 0.843781 0.120849
v -0.459717 0.797615 0.120453
v -0.459110 0.797591 0.170262
v -0.309969 0.797611 0.120488
v -0.309975 0.797613 0.170186
v -0.309969 0.843701 0.161242
v -0.459351 0.843710 0.158687
v -0.309999 0.843754 0.120788
v -0.154570 0.843612 0.162005
v -0.154688 0.843754 0.120749
v -0.154524 0.797704 0.120447
v -0.000030 0.843741 0.120778
v -0.000030 0.797669 0.120463
v -0.000030 0.797613 0.170035
v -0.154540 0.797597 0.170092
v -0.000030 0.843475 0.160500
v -0.000030 1.349319 0.019615
v -0.047057 1.349317 0.012654
v -0.109469 1.314535 0.033341
v -0.112421 1.314774 -0.001833
v -0.110737 1.349283 0.017521
v -0.049147 1.349102 0.073040
v -0.108688 1.349256 0.073166
v -0.218323 1.314807 -0.001921
v -0.219768 1.349307 0.020395
v -0.220013 1.349221 0.073073
v -0.109774 1.314651 0.065833
v -0.218709 1.314658 0.066813
v -0.297210 1.349292 0.021310
v -0.298485 1.349188 0.072972
v -0.299772 1.320013 0.073318
v -0.218366 1.314533 0.036567
v -0.352354 1.349225 0.073114
v -0.354112 1.321057 0.073389
v -0.000030 1.349222 0.072998
v -0.320294 0.978825 0.031059
v -0.321061 0.978936 0.058564
v -0.322639 0.978935 0.086661
v -0.273385 0.978803 0.086693
v -0.238234 0.978817 0.086771
v -0.274387 0.938785 0.087481
v -0.238590 0.938728 0.087485
v -0.207680 0.978887 0.086715
v -0.209654 0.938770 0.087400
v -0.176816 0.979326 0.066363
v -0.180529 0.978922 0.086667
v -0.182592 0.938747 0.087398
v -0.156090 0.978953 0.086623
v -0.158506 0.938720 0.087403
v -0.157653 0.939057 0.067449
v -0.133915 0.938725 0.087404
v -0.134956 0.938822 0.066888
v -0.156442 0.939518 0.048049
v -0.134721 0.939210 0.045647
v -0.107498 0.978904 0.086630
v -0.131913 0.978951 0.086608
v -0.108626 0.938750 0.087401
v -0.110276 0.938749 0.065755
v -0.081585 0.938753 0.087389
v -0.054495 0.978846 0.086612
v -0.081086 0.978874 0.086622
v -0.053934 0.938747 0.087373
v -0.027744 0.978829 0.086769
v -0.027393 0.938741 0.087357
v -0.000030 0.978864 0.086575
v -0.000030 0.938745 0.087348
v -0.000030 0.938842 0.065575
v -0.134458 0.979124 0.065522
v -0.154236 0.979321 0.066604
v -0.197870 0.823417 0.014036
v -0.218389 0.835979 0.015089
v -0.198575 0.878905 0.013816
v -0.226569 0.849297 0.013330
v -0.215944 0.800263 0.021474
v -0.214734 0.861759 0.021350
v -0.196582 0.812295 0.021418
v -0.195742 0.870812 0.021387
v -0.216654 0.730156 0.021658
v -0.197291 0.742278 0.021628
v -0.214459 0.667996 0.021807
v -0.198738 0.668650 0.022023
v -0.214461 0.603141 0.021643
v -0.198047 0.593775 0.022207
v -0.204376 0.593465 0.014287
v -0.222825 0.510387 0.022469
v -0.199410 0.511883 0.022737
v -0.203576 0.512397 0.013947
v -0.201467 0.428706 0.023360
v -0.203552 0.428663 0.014568
v -0.222578 0.428820 0.008554
v -0.221566 0.511990 0.010805
v -0.220669 0.596454 0.013051
v -0.226930 0.428829 0.019182
v -0.219573 0.333616 0.013398
v -0.226820 0.331600 0.023150
v -0.203058 0.344104 0.023821
v -0.204159 0.344680 0.014314
v -0.212894 0.280462 0.023162
v -0.206552 0.279271 0.013971
v -0.220981 0.259457 0.010799
v -0.086320 1.118087 -0.001360
v -0.032152 1.118995 -0.001411
v -0.000030 1.120161 -0.001368
v -0.160514 1.112698 0.026045
v -0.150877 1.112900 0.003582
v -0.139970 1.134251 -0.001542
v -0.185974 1.146455 0.011167
v -0.128108 1.146407 0.013477
v -0.177396 1.146427 0.034357
v -0.115917 1.146433 0.037220
v -0.169080 1.127105 0.042237
v -0.221272 1.146368 0.031555
v -0.224330 1.146296 0.008518
v -0.250419 1.146193 0.006426
v -0.249327 1.146305 0.027890
v -0.054036 1.039444 -0.020469
v -0.235810 0.715115 0.168045
v -0.185883 0.715454 0.164697
v -0.248534 0.722468 0.177766
v -0.182341 0.726043 0.152329
v -0.219714 0.725771 0.159249
v -0.103238 0.715396 0.165622
v -0.104705 0.724876 0.148049
v -0.230013 0.723766 0.172992
v -0.183395 0.724103 0.172536
v -0.102559 0.724394 0.170815
v -0.000030 0.724649 0.147867
v -0.000030 0.724289 0.171268
v -0.183924 0.719271 0.198383
v -0.102173 0.719516 0.196758
v -0.000030 0.719859 0.195366
v -0.102466 0.715273 0.225477
v -0.000030 0.715668 0.221525
v -0.103978 0.709723 0.191739
v -0.000030 0.714919 0.167157
v -0.000030 0.709605 0.192060
v -0.000030 0.704998 0.214214
v -0.103719 0.704902 0.214685
v -0.000030 0.677920 0.221507
v -0.101549 0.678781 0.221437
v -0.000030 0.649908 0.228806
v -0.100301 0.649920 0.227516
v -0.190678 0.649937 0.228517
v -0.099413 0.649821 0.256367
v -0.190286 0.649831 0.257729
v -0.272087 0.649760 0.258515
v -0.271237 0.649922 0.229445
v -0.370278 0.649771 0.258774
v -0.370107 0.649823 0.229413
v -0.272077 0.650164 0.293630
v -0.369931 0.650166 0.293701
v -0.189381 0.650151 0.293589
v -0.100805 0.681856 0.293385
v -0.099286 0.650198 0.293540
v -0.000030 0.698876 0.307055
v -0.102947 0.700067 0.304767
v -0.000030 0.680518 0.293487
v -0.000030 0.650143 0.293498
v -0.000030 0.669337 0.319253
v -0.105649 0.670085 0.319201
v -0.000030 0.624378 0.333727
v -0.110000 0.625425 0.333300
v -0.184878 0.625384 0.333207
v -0.111604 0.553063 0.368416
v -0.186238 0.554140 0.367749
v -0.237335 0.629919 0.331707
v -0.269139 0.633814 0.337124
v -0.238367 0.637957 0.340183
v -0.235271 0.692807 0.323733
v -0.185930 0.712818 0.280536
v -0.234638 0.712252 0.283006
v -0.187127 0.697324 0.322088
v -0.191595 0.642593 0.338860
v -0.112312 0.701673 0.320088
v -0.122179 0.648747 0.337182
v -0.202193 0.553222 0.382105
v -0.131376 0.549700 0.385207
v -0.000030 0.652271 0.336007
v -0.000030 0.547871 0.386696
v -0.205784 0.492360 0.462553
v -0.133454 0.489602 0.465348
v -0.000030 0.489552 0.466335
v -0.137127 0.418904 0.478699
v -0.000030 0.419487 0.480916
v -0.111819 0.514775 0.405553
v -0.000030 0.553201 0.368241
v -0.000030 0.517760 0.401568
v -0.000030 0.498546 0.413913
v -0.112490 0.499096 0.415815
v -0.186987 0.498772 0.414702
v -0.187246 0.513476 0.407203
v -0.114922 0.489529 0.395140
v -0.187303 0.487862 0.392363
v -0.124541 0.439965 0.364811
v -0.191676 0.436743 0.364611
v -0.130381 0.381927 0.383734
v -0.198258 0.381606 0.383942
v -0.243036 0.381906 0.384438
v -0.201506 0.370260 0.437872
v -0.245230 0.370177 0.436888
v -0.251222 0.381896 0.433921
v -0.248531 0.391241 0.392513
v -0.199539 0.383078 0.436044
v -0.199450 0.393368 0.390075
v -0.127042 0.383236 0.437152
v -0.129616 0.394077 0.389204
v -0.123287 0.437220 0.376265
v -0.000030 0.395396 0.388595
v -0.000030 0.438751 0.376559
v -0.000030 0.460904 0.383616
v -0.119730 0.462760 0.384381
v -0.000030 0.451714 0.397030
v -0.117001 0.453485 0.396401
v -0.000030 0.431656 0.422662
v -0.116122 0.432648 0.423644
v -0.205162 0.433294 0.424755
v -0.116682 0.440548 0.456694
v -0.000030 0.438946 0.456409
v -0.000030 0.441651 0.471838
v -0.118928 0.444195 0.470420
v -0.000030 0.418194 0.468965
v -0.122827 0.417968 0.466742
v -0.000030 0.383136 0.438608
v -0.203903 0.418866 0.478437
v -0.134774 0.370564 0.438704
v -0.000030 0.370454 0.439882
v -0.000030 0.382281 0.383622
v -0.000030 0.441542 0.365198
v -0.000030 0.490039 0.395703
v -0.105203 0.712867 0.275262
v -0.000030 0.704556 0.318643
v -0.000030 0.712840 0.272070
v -0.185280 0.714724 0.230482
v -0.232271 0.718897 0.198328
v -0.233964 0.714181 0.232444
v -0.000030 0.649802 0.255515
v -0.346622 0.347582 0.409852
v -0.356550 0.253381 0.389622
v -0.346453 0.250165 0.410852
v -0.346430 0.251861 0.443205
v -0.346394 0.145370 0.408936
v -0.354975 0.250512 0.472050
v -0.384809 0.250735 0.471956
v -0.398235 0.250836 0.448341
v -0.398283 0.252134 0.412806
v -0.397999 0.151518 0.407122
v -0.385017 0.262990 0.389466
v -0.384075 0.154194 0.390054
v -0.357844 0.154550 0.391287
v -0.255715 0.121401 0.407761
v -0.133676 0.075917 0.407867
v -0.133703 0.121253 0.407639
v -0.133197 0.119759 0.454160
v -0.000030 0.121372 0.407636
v -0.000030 0.121332 0.454094
v -0.133340 0.075928 0.454173
v -0.000030 0.075978 0.454126
v -0.000030 0.075895 0.407906
v -0.347257 0.006191 0.395514
v -0.629372 1.572335 0.171207
v -0.252982 1.828424 0.114586
v -0.088340 0.984800 0.029838
v -0.063363 0.981360 0.025341
v -0.165111 0.957724 0.018366
v 0.000135 0.045815 -0.046561
v -0.029322 1.014256 0.014924
v -0.022949 1.016141 0.015725
v -0.059861 1.019973 0.012778
v -0.000030 0.181411 -0.102186
v -0.583136 1.523768 0.063463
v -0.664680 0.032336 -0.415678
v -0.664153 0.707894 -0.415853
v -0.604054 1.527731 -0.401190
v -0.623310 1.573185 0.173960
v -0.664475 0.655374 -0.415763
v 0.126290 0.996354 0.016936
v 0.126101 0.994393 0.016772
v 0.126521 0.993769 0.015885
v 0.126678 0.996386 0.016225
v 0.126022 0.993790 0.015799
v 0.125684 0.996772 0.016161
v 0.125594 0.998990 0.016147
v 0.126274 0.998899 0.016972
v 0.125953 1.001628 0.015633
v 0.125913 0.999030 0.015718
v 0.125492 1.001594 0.016167
v 0.126675 0.998957 0.016036
v 0.126664 1.001550 0.016042
v 0.126652 1.004147 0.016095
v 0.125980 1.004230 0.015591
v 0.126265 1.001492 0.017012
v 0.126268 1.004079 0.017056
v 0.126282 1.006668 0.017106
v 0.126645 1.006732 0.016178
v 0.125422 1.004198 0.016250
v 0.125418 1.006784 0.016361
v 0.125410 1.009373 0.016463
v 0.126298 1.009257 0.017156
v 0.126080 1.006813 0.015642
v 0.126193 1.009396 0.015691
v 0.126334 1.011973 0.015737
v 0.125545 1.011984 0.016478
v 0.126647 1.009317 0.016273
v 0.126646 1.011900 0.016380
v 0.126642 1.013586 0.016487
v 0.126327 1.013642 0.015779
v 0.126300 1.011852 0.017217
v 0.126325 1.013557 0.017269
v 0.125869 1.013661 0.016536
v 0.054306 0.981522 -0.026760
v 0.054402 0.978579 -0.026574
v 0.054392 0.978501 -0.026056
v 0.054157 0.981392 -0.025660
v 0.054930 0.978566 -0.026476
v 0.054898 0.981591 -0.026863
v 0.054871 0.986102 -0.027356
v 0.054180 0.986080 -0.026788
v 0.054779 0.981369 -0.025739
v 0.054835 0.978483 -0.025948
v 0.054823 0.985934 -0.025761
v 0.054816 0.990384 -0.025779
v 0.054751 0.990566 -0.027462
v 0.054152 0.986003 -0.025552
v 0.054186 0.990578 -0.025538
v 0.054223 0.995127 -0.025446
v 0.054783 0.994897 -0.025928
v 0.054233 0.990608 -0.026866
v 0.054258 0.995120 -0.026858
v 0.054234 0.999338 -0.026629
v 0.054244 0.999583 -0.025620
v 0.054715 0.995019 -0.027322
v 0.054763 0.998349 -0.027045
v 0.054812 0.999315 -0.026372
v 0.054748 1.002492 -0.026408
v 0.054230 1.002493 -0.026527
v 0.054268 1.002564 -0.025864
v 0.085985 0.955898 -0.025657
v 0.085847 0.954248 -0.025600
v 0.085751 0.953726 -0.024681
v 0.085741 0.955931 -0.024652
v 0.086202 0.953731 -0.024771
v 0.086154 0.955934 -0.024637
v 0.086096 0.958219 -0.024420
v 0.086193 0.958146 -0.025324
v 0.085708 0.958215 -0.024706
v 0.085713 0.959688 -0.024718
v 0.085750 0.959685 -0.024507
v 0.086130 0.959667 -0.024950
v 0.024904 0.992207 -0.025877
v 0.025087 1.006407 -0.026648
v 0.024544 0.996284 -0.026422
v 0.024370 0.989873 -0.026263
v 0.024832 0.994135 -0.026774
v 0.024773 0.989661 -0.026733
v 0.025324 0.990478 -0.026371
v 0.025283 0.996582 -0.026568
v 0.002763 0.978571 -0.026232
v 0.003024 0.978594 -0.025593
v 0.002498 0.984236 -0.025390
v 0.002517 0.984140 -0.026273
v 0.002345 0.989690 -0.026256
v 0.002545 0.989671 -0.025136
v 0.003547 0.984269 -0.026508
v 0.003518 0.978630 -0.026441
v 0.003436 0.989674 -0.026563
v 0.003403 0.995215 -0.026553
v 0.002306 0.995240 -0.026262
v 0.003506 0.989663 -0.025329
v 0.003520 0.985578 -0.025391
v 0.003545 0.995211 -0.025302
v 0.003604 1.000757 -0.025297
v 0.003339 1.000753 -0.026465
v 0.002551 0.995232 -0.025117
v 0.002654 1.000805 -0.025147
v 0.002818 1.006233 -0.025233
v 0.003486 1.004887 -0.025243
v 0.002317 1.000804 -0.026222
v 0.002548 1.006346 -0.026167
v 0.003265 1.006140 -0.026295
v 0.002630 1.007637 -0.026135
v 0.396231 0.735971 0.094820
v 0.397435 0.735714 0.091292
v 0.397982 0.734344 0.091788
v 0.397621 0.733676 0.094753
v 0.398671 0.736482 0.090414
v 0.397678 0.738265 0.094512
v 0.399504 0.735029 0.091288
v 0.396822 0.744371 0.118044
v 0.396163 0.744031 0.113241
v 0.394615 0.738557 0.116215
v 0.396128 0.739842 0.121024
v 0.396304 0.742184 0.108824
v 0.394296 0.737598 0.111376
v 0.401868 0.743905 0.114387
v 0.401845 0.741912 0.109830
v 0.397697 0.748900 0.113032
v 0.401127 0.748570 0.114441
v 0.397214 0.748506 0.116464
v 0.399779 0.737193 0.091270
v 0.400624 0.736084 0.091599
v 0.400190 0.738170 0.094457
v 0.400933 0.736224 0.094701
v 0.399863 0.734187 0.094685
v 0.399788 0.755257 0.116932
v 0.398015 0.755844 0.116108
v 0.397455 0.752798 0.115970
v 0.400029 0.752567 0.117239
v 0.399093 0.755434 0.114087
v 0.398658 0.752914 0.113659
v 0.396596 0.735631 0.122770
v 0.399628 0.735559 0.124289
v 0.400853 0.740329 0.122045
v 0.396079 0.733341 0.118099
v 0.401108 0.733252 0.118556
v 0.402672 0.738518 0.117105
v 0.400127 0.744887 0.118845
v 0.400158 0.748521 0.117738
v 0.402831 0.737344 0.112117
v 0.402414 0.736585 0.107317
v 0.401238 0.740528 0.105933
v 0.401082 0.732425 0.112887
v 0.400732 0.732481 0.107818
v 0.395740 0.732424 0.112729
v 0.396029 0.732218 0.107869
v 0.394461 0.736861 0.107266
v 0.394870 0.736215 0.103075
v 0.396562 0.732633 0.103159
v 0.396657 0.740823 0.105767
v 0.396771 0.739968 0.102203
v 0.400645 0.739793 0.102074
v 0.400237 0.739065 0.098370
v 0.397123 0.739095 0.098383
v 0.401779 0.736301 0.102784
v 0.401387 0.736458 0.098729
v 0.400354 0.732816 0.103057
v 0.400275 0.733208 0.098831
v 0.397119 0.732937 0.098853
v 0.395499 0.736185 0.098762
v 0.401455 0.752566 0.114637
v 0.401189 0.755215 0.114668
v 0.010289 1.252614 0.038027
v 0.010053 1.253115 0.035250
v 0.011481 1.246448 0.033152
v 0.009710 1.246929 0.038145
v 0.014904 1.198643 0.039216
v 0.012507 1.198189 0.039826
v 0.011737 1.197457 0.037376
v 0.014722 1.197848 0.036206
v 0.011184 1.202500 0.039675
v 0.015544 1.202610 0.039499
v 0.010926 1.201666 0.035287
v 0.015279 1.201952 0.034975
v 0.013568 1.246612 0.041260
v 0.013041 1.252660 0.040811
v 0.017211 1.252274 0.038417
v 0.017364 1.246205 0.036623
v 0.016813 1.238888 0.035840
v 0.011449 1.239415 0.032820
v 0.013834 1.238910 0.040918
v 0.014140 1.230812 0.040392
v 0.016462 1.230947 0.035046
v 0.009057 1.239408 0.038037
v 0.008655 1.231145 0.037811
v 0.010928 1.231307 0.032439
v 0.010343 1.222920 0.031944
v 0.009041 1.222837 0.037793
v 0.015774 1.222881 0.034224
v 0.015914 1.215100 0.033844
v 0.010161 1.214951 0.032501
v 0.014730 1.222808 0.039787
v 0.015220 1.215281 0.039752
v 0.009635 1.215212 0.038340
v 0.010409 1.208384 0.039324
v 0.015865 1.208486 0.039730
v 0.010280 1.207865 0.033813
v 0.015722 1.208052 0.034072
v 0.603374 0.821135 -0.085527
v 0.603338 0.821107 -0.030328
v 0.597645 0.875196 -0.029496
v 0.597499 0.875935 -0.085324
v 0.616334 0.821126 -0.029183
v 0.616086 0.820993 -0.085468
v 0.610200 0.876468 -0.028448
v 0.610097 0.876787 -0.084985
v 0.616229 0.820752 -0.309529
v 0.616259 0.820707 -0.365978
v 0.609933 0.877172 -0.366544
v 0.610013 0.877280 -0.309823
v 0.604188 0.821184 -0.365651
v 0.603336 0.821076 -0.309558
v 0.597376 0.875913 -0.365108
v 0.597397 0.876072 -0.309480
v 0.599859 1.321877 -0.023131
v 0.605999 1.377337 -0.022252
v 0.609620 1.377353 -0.079981
v 0.602527 1.321938 -0.080695
v 0.618419 1.376904 -0.020774
v 0.611670 1.320498 -0.021466
v 0.621688 1.376413 -0.079180
v 0.614563 1.321125 -0.079419
v 0.610874 1.320802 -0.367998
v 0.617577 1.376154 -0.367990
v 0.621982 1.376385 -0.310649
v 0.614290 1.321097 -0.310332
v 0.605172 1.376919 -0.366069
v 0.609472 1.377064 -0.309617
v 0.598996 1.322193 -0.365702
v 0.602381 1.321915 -0.309204
v 0.605395 1.321596 -0.252364
v 0.595575 1.266641 -0.309272
v 0.597919 1.266203 -0.252550
v 0.593194 1.266952 -0.365544
v 0.613795 1.376957 -0.252483
v 0.615723 1.376905 -0.195510
v 0.606909 1.321451 -0.195495
v 0.626357 1.376100 -0.253283
v 0.628338 1.376019 -0.195097
v 0.618912 1.321110 -0.195055
v 0.617391 1.321094 -0.252890
v 0.625857 1.376351 -0.137210
v 0.617235 1.321252 -0.137215
v 0.613351 1.377140 -0.137998
v 0.605293 1.321631 -0.138154
v 0.597930 1.266065 -0.138448
v 0.595801 1.266221 -0.081176
v 0.599167 1.265990 -0.195618
v 0.592425 1.210508 -0.195994
v 0.591643 1.210420 -0.138875
v 0.591397 1.210793 -0.252988
v 0.586756 1.155173 -0.253544
v 0.587758 1.154859 -0.196479
v 0.589710 1.211219 -0.309833
v 0.585285 1.155535 -0.310498
v 0.587845 1.211361 -0.365172
v 0.584414 1.155797 -0.365212
v 0.599460 1.210338 -0.366884
v 0.595611 1.154784 -0.366266
v 0.604613 1.265732 -0.367443
v 0.607416 1.265931 -0.310059
v 0.601411 1.210687 -0.309806
v 0.609786 1.266054 -0.252706
v 0.603250 1.210996 -0.252640
v 0.611078 1.266095 -0.194984
v 0.604379 1.210982 -0.195186
v 0.609934 1.266036 -0.137382
v 0.603541 1.210656 -0.137825
v 0.607822 1.265628 -0.079987
v 0.601847 1.209929 -0.080807
v 0.605515 1.264704 -0.022613
v 0.599883 1.208989 -0.023805
v 0.593228 1.266082 -0.023935
v 0.587972 1.210062 -0.024959
v 0.589919 1.210376 -0.081807
v 0.585687 1.154330 -0.082658
v 0.584230 1.153851 -0.026095
v 0.587061 1.154621 -0.139499
v 0.584874 1.098666 -0.140146
v 0.583697 1.098294 -0.083471
v 0.585401 1.099011 -0.196879
v 0.585204 1.043059 -0.197094
v 0.584889 1.042736 -0.140623
v 0.584611 1.099385 -0.253698
v 0.584631 1.043420 -0.253445
v 0.583461 1.099645 -0.310138
v 0.583774 1.043724 -0.309328
v 0.582167 1.099674 -0.364203
v 0.582691 1.043840 -0.364162
v 0.593904 1.099531 -0.366108
v 0.594668 1.044204 -0.365842
v 0.595249 1.099758 -0.309244
v 0.595517 1.044217 -0.309234
v 0.596979 1.155092 -0.309447
v 0.598471 1.155693 -0.252520
v 0.596297 1.100176 -0.252433
v 0.599273 1.155810 -0.195449
v 0.596904 1.100231 -0.195850
v 0.598670 1.155216 -0.138447
v 0.596252 1.099555 -0.139234
v 0.597321 1.154266 -0.081617
v 0.595182 1.098563 -0.082549
v 0.595799 1.153289 -0.024799
v 0.594074 1.097569 -0.025996
v 0.582472 1.097679 -0.026874
v 0.583152 1.041760 -0.027634
v 0.594689 1.042182 -0.026704
v 0.584026 1.042364 -0.084144
v 0.586772 0.986547 -0.084683
v 0.586312 0.986053 -0.028492
v 0.587018 0.986854 -0.140950
v 0.591801 0.931294 -0.141154
v 0.591753 0.930994 -0.084994
v 0.587039 0.987099 -0.197230
v 0.591812 0.931433 -0.197365
v 0.586865 0.987421 -0.253296
v 0.591728 0.931569 -0.253440
v 0.586508 0.987762 -0.308935
v 0.591538 0.931798 -0.309110
v 0.585900 0.987919 -0.364199
v 0.591139 0.932005 -0.364371
v 0.597960 0.988711 -0.365806
v 0.603652 0.933314 -0.366198
v 0.598521 0.988624 -0.309471
v 0.603907 0.932994 -0.309805
v 0.598612 0.988565 -0.253063
v 0.604036 0.932939 -0.253414
v 0.596237 1.044381 -0.252621
v 0.596637 1.044305 -0.196337
v 0.598733 0.988432 -0.196744
v 0.596168 1.043776 -0.139985
v 0.598699 0.988081 -0.140390
v 0.595474 1.042984 -0.083371
v 0.598597 0.987526 -0.083804
v 0.598151 0.987013 -0.027128
v 0.603954 0.931675 -0.027708
v 0.604062 0.932264 -0.084363
v 0.591700 0.930459 -0.028966
v 0.604041 0.932674 -0.140864
v 0.610105 0.876982 -0.141238
v 0.610118 0.877061 -0.197345
v 0.616087 0.820930 -0.141401
v 0.616213 0.820918 -0.197408
v 0.604076 0.932885 -0.197128
v 0.610095 0.877125 -0.253489
v 0.616211 0.820800 -0.253479
v 0.603247 0.821076 -0.253488
v 0.603331 0.821183 -0.197462
v 0.597453 0.876232 -0.197489
v 0.597421 0.876204 -0.253575
v 0.603295 0.821171 -0.141442
v 0.597459 0.876157 -0.141358
v 0.675045 1.316647 -0.028887
v 0.672036 1.320223 -0.027382
v 0.680459 1.317672 -0.031406
v 0.680029 1.313909 -0.033637
v 0.683453 1.324617 -0.067628
v 0.683241 1.327806 -0.038102
v 0.670469 1.337537 -0.037846
v 0.668856 1.332855 -0.070267
v 0.681688 1.324063 -0.022177
v 0.669338 1.314295 -0.048082
v 0.669403 1.314319 -0.035868
v 0.664933 1.394653 -0.339539
v 0.665865 1.393651 -0.354623
v 0.669835 1.368525 -0.368123
v 0.666652 1.362580 -0.347233
v 0.668287 1.326628 -0.313199
v 0.674915 1.318241 -0.351075
v 0.682114 1.324206 -0.356783
v 0.682496 1.323059 -0.319702
v 0.677092 1.230089 -0.338053
v 0.676717 1.230719 -0.356751
v 0.689183 1.225010 -0.366924
v 0.689174 1.225012 -0.339498
v 0.674598 1.243958 -0.358452
v 0.673573 1.253112 -0.335910
v 0.669466 1.314343 -0.023756
v 0.676354 1.283319 -0.021951
v 0.673303 1.284282 -0.033433
v 0.685261 1.282799 -0.033990
v 0.684451 1.308922 -0.064968
v 0.669241 1.314258 -0.066721
v 0.686086 1.281527 -0.062429
v 0.679071 1.343004 -0.022098
v 0.680643 1.200140 -0.028549
v 0.681981 1.225743 -0.033495
v 0.676470 1.216414 -0.055783
v 0.678817 1.194661 -0.058727
v 0.690372 1.225114 -0.034463
v 0.681981 1.225743 -0.033495
v 0.677157 1.230080 -0.056757
v 0.690153 1.225168 -0.057219
v 0.675139 1.257279 -0.030668
v 0.688791 1.234049 -0.025864
v 0.684561 1.257047 -0.021686
v 0.674195 1.258227 -0.052638
v 0.690751 1.208905 -0.027666
v 0.690521 1.220705 -0.053536
v 0.705038 1.043909 -0.050591
v 0.696931 1.020212 -0.036985
v 0.702303 1.020359 -0.077509
v 0.705338 1.043575 -0.082604
v 0.692971 1.037520 -0.042841
v 0.692482 1.033612 -0.075873
v 0.695949 0.996569 -0.039478
v 0.701620 1.017687 -0.066883
v 0.694870 0.999870 -0.066628
v 0.708759 0.994500 -0.041852
v 0.708908 0.995393 -0.067835
v 0.705394 1.019498 -0.026115
v 0.704112 1.041802 -0.028528
v 0.707796 0.995288 -0.026415
v 0.696893 1.126960 -0.025705
v 0.698890 1.115802 -0.024913
v 0.697649 1.123734 -0.030080
v 0.697213 1.133414 -0.032577
v 0.700500 1.095796 -0.035000
v 0.691350 1.119738 -0.037425
v 0.689405 1.109082 -0.022332
v 0.692475 1.086802 -0.022210
v 0.689488 1.123092 -0.037129
v 0.698596 1.124728 -0.043409
v 0.697191 1.138685 -0.048541
v 0.684330 1.132146 -0.067531
v 0.698288 1.126621 -0.072960
v 0.683653 1.132483 -0.333567
v 0.686670 1.123425 -0.358843
v 0.697876 1.125903 -0.356461
v 0.697999 1.125368 -0.340107
v 0.695581 1.017939 -0.369528
v 0.697059 1.020452 -0.354502
v 0.692329 1.031515 -0.327219
v 0.693811 1.033157 -0.364242
v 0.707357 1.000673 -0.364651
v 0.702332 1.018060 -0.355839
v 0.706597 1.026202 -0.320627
v 0.704803 1.033349 -0.366787
v 0.694311 1.002108 -0.337657
v 0.702281 1.017485 -0.348355
v 0.708535 0.994323 -0.342501
v 0.700366 0.924335 -0.057200
v 0.700496 0.924384 -0.023668
v 0.699970 0.946759 -0.037088
v 0.698899 0.948044 -0.064724
v 0.702487 0.923450 -0.023602
v 0.702874 0.943410 -0.024180
v 0.715774 0.881228 -0.038238
v 0.710142 0.923486 -0.040970
v 0.709881 0.934327 -0.023076
v 0.703306 0.894665 -0.022162
v 0.717676 0.841670 -0.332428
v 0.717266 0.859644 -0.341548
v 0.717557 0.863274 -0.306934
v 0.718640 0.835700 -0.306635
v 0.715587 0.891335 -0.342064
v 0.715524 0.895134 -0.306957
v 0.705726 0.860055 -0.357031
v 0.705105 0.881489 -0.361772
v 0.702975 0.895361 -0.353394
v 0.703553 0.876666 -0.339346
v 0.701863 0.898434 -0.337602
v 0.704901 0.846958 -0.339790
v 0.703119 0.870510 -0.307070
v 0.701000 0.900914 -0.307109
v 0.705101 0.839644 -0.307166
v 0.705523 0.833365 -0.271922
v 0.703485 0.863042 -0.269421
v 0.719508 0.836990 -0.266581
v 0.719088 0.844284 -0.219677
v 0.711672 0.825703 -0.219823
v 0.717398 0.868325 -0.267955
v 0.716971 0.875881 -0.218862
v 0.715185 0.900142 -0.267745
v 0.714683 0.907782 -0.218139
v 0.705140 0.919702 -0.267856
v 0.700239 0.912884 -0.218440
v 0.709259 0.919698 -0.306792
v 0.701258 0.894623 -0.268547
v 0.714650 0.907469 -0.332148
v 0.702020 0.884850 -0.218812
v 0.704222 0.852904 -0.219408
v 0.704852 0.844398 -0.160325
v 0.702674 0.876114 -0.160587
v 0.714536 0.825858 -0.160554
v 0.719994 0.833265 -0.116371
v 0.705410 0.836591 -0.110122
v 0.718630 0.852748 -0.161209
v 0.717990 0.862736 -0.113862
v 0.716460 0.884572 -0.161907
v 0.715876 0.894389 -0.113990
v 0.714312 0.913334 -0.161814
v 0.709575 0.919929 -0.113452
v 0.700621 0.907722 -0.161204
v 0.700997 0.900693 -0.113486
v 0.703214 0.868549 -0.113093
v 0.703707 0.862792 -0.075342
v 0.701384 0.895296 -0.074347
v 0.705759 0.832364 -0.075335
v 0.709588 0.826102 -0.051351
v 0.704142 0.857418 -0.042739
v 0.719497 0.838490 -0.075294
v 0.718062 0.846956 -0.040872
v 0.717221 0.870874 -0.074676
v 0.715302 0.904020 -0.074062
v 0.707642 0.919970 -0.072724
v 0.704434 0.921257 -0.028228
v 0.701924 0.890629 -0.038477
v 0.704066 0.862084 -0.024602
v 0.711010 0.965778 -0.067089
v 0.713615 0.932377 -0.062863
v 0.713509 0.934506 -0.095033
v 0.711175 0.965514 -0.098399
v 0.700269 0.924345 -0.096895
v 0.710605 0.964966 -0.041950
v 0.709104 0.967796 -0.026513
v 0.701123 0.969161 -0.024248
v 0.699193 0.995364 -0.022123
v 0.698155 0.971102 -0.041085
v 0.697020 0.973069 -0.066720
v 0.696557 0.974660 -0.097908
v 0.698441 0.949367 -0.097428
v 0.694581 1.001374 -0.098496
v 0.694484 1.002408 -0.134589
v 0.696382 0.975870 -0.133560
v 0.702497 1.017580 -0.099094
v 0.702828 1.017718 -0.135347
v 0.709017 0.994473 -0.099200
v 0.709045 0.993835 -0.135502
v 0.711204 0.965094 -0.135238
v 0.711162 0.965129 -0.179143
v 0.709082 0.993033 -0.179311
v 0.713496 0.934689 -0.131817
v 0.713393 0.935009 -0.176436
v 0.700268 0.924362 -0.134807
v 0.700235 0.924352 -0.181055
v 0.698297 0.950530 -0.133374
v 0.698213 0.951293 -0.180970
v 0.696307 0.976662 -0.180296
v 0.696255 0.976673 -0.229889
v 0.698180 0.951078 -0.229784
v 0.694443 1.003062 -0.179459
v 0.694337 1.003212 -0.229651
v 0.703712 1.017613 -0.179381
v 0.703369 1.017673 -0.229426
v 0.708986 0.993614 -0.230082
v 0.708896 0.994188 -0.271726
v 0.702976 1.017547 -0.271913
v 0.710971 0.965748 -0.230396
v 0.710891 0.966397 -0.271427
v 0.712550 0.935925 -0.228986
v 0.712716 0.936519 -0.270198
v 0.700185 0.924327 -0.229400
v 0.700140 0.924305 -0.272516
v 0.698196 0.950235 -0.271868
v 0.698302 0.949153 -0.306261
v 0.700134 0.924313 -0.305844
v 0.696252 0.975982 -0.271378
v 0.696378 0.974714 -0.306027
v 0.694272 1.002948 -0.271768
v 0.694086 1.002446 -0.306370
v 0.702627 1.017513 -0.308462
v 0.708779 0.994532 -0.306901
v 0.710669 0.967028 -0.306473
v 0.710399 0.968189 -0.338721
v 0.712257 0.937455 -0.306910
v 0.711999 0.937410 -0.338212
v 0.700139 0.924328 -0.339506
v 0.708922 0.970320 -0.364772
v 0.711392 0.941645 -0.362683
v 0.698422 0.973913 -0.360092
v 0.699764 0.945028 -0.361130
v 0.698583 0.947791 -0.335249
v 0.696761 0.973146 -0.334956
v 0.699072 1.018816 -0.020346
v 0.701598 1.057691 -0.367274
v 0.691444 1.055964 -0.353907
v 0.703299 1.054910 -0.350493
v 0.700801 1.081318 -0.350804
v 0.692071 1.079721 -0.366288
v 0.704054 1.053726 -0.322898
v 0.701750 1.079565 -0.323792
v 0.699549 1.105137 -0.326187
v 0.698999 1.106540 -0.347542
v 0.702154 1.077809 -0.294705
v 0.704362 1.052292 -0.292061
v 0.699928 1.103306 -0.297600
v 0.691173 1.119407 -0.301084
v 0.690162 1.119327 -0.328895
v 0.700139 1.102523 -0.263452
v 0.702408 1.076481 -0.259857
v 0.691526 1.119494 -0.267566
v 0.685583 1.103092 -0.271637
v 0.685497 1.103222 -0.305513
v 0.691838 1.119648 -0.224932
v 0.700335 1.101798 -0.220774
v 0.685700 1.103096 -0.230036
v 0.688110 1.077653 -0.235966
v 0.688026 1.077819 -0.276060
v 0.685809 1.103217 -0.179405
v 0.692074 1.119780 -0.173007
v 0.688174 1.077978 -0.186094
v 0.690449 1.053735 -0.193155
v 0.690419 1.053269 -0.241817
v 0.688161 1.078750 -0.140161
v 0.685855 1.103483 -0.134691
v 0.690389 1.054860 -0.144872
v 0.692818 1.028668 -0.149688
v 0.692905 1.027630 -0.201063
v 0.690321 1.056356 -0.107262
v 0.688114 1.079946 -0.103670
v 0.692721 1.029961 -0.110261
v 0.707038 1.023754 -0.112658
v 0.706921 1.024853 -0.153991
v 0.690299 1.058273 -0.073537
v 0.688132 1.081373 -0.071335
v 0.690647 1.060534 -0.044707
v 0.688451 1.083309 -0.042761
v 0.693485 1.062902 -0.024353
v 0.696381 1.040073 -0.023373
v 0.702284 1.066029 -0.032421
v 0.703185 1.068326 -0.057371
v 0.700991 1.095773 -0.061760
v 0.703162 1.070575 -0.087021
v 0.700892 1.098116 -0.091530
v 0.703027 1.072413 -0.119401
v 0.700726 1.099910 -0.123763
v 0.705172 1.046577 -0.115619
v 0.704989 1.048387 -0.157403
v 0.702842 1.073962 -0.161998
v 0.704802 1.049917 -0.211732
v 0.702622 1.075314 -0.216533
v 0.706865 1.025568 -0.205716
v 0.706466 1.026419 -0.252093
v 0.704567 1.051144 -0.256171
v 0.692814 1.027494 -0.247671
v 0.692668 1.028166 -0.283208
v 0.706537 1.027743 -0.290783
v 0.690368 1.053467 -0.280481
v 0.690327 1.054231 -0.317378
v 0.688007 1.078279 -0.310709
v 0.688727 1.079070 -0.342043
v 0.685776 1.102958 -0.333574
v 0.686699 1.104028 -0.351543
v 0.689957 1.119366 -0.344900
v 0.700545 1.100987 -0.167296
v 0.692210 1.119736 -0.129007
v 0.692042 1.119765 -0.096118
v 0.685860 1.103785 -0.100153
v 0.685940 1.103721 -0.068638
v 0.691961 1.119755 -0.065463
v 0.686096 1.104318 -0.039219
v 0.695502 1.140561 -0.364755
v 0.696224 1.144678 -0.341446
v 0.691175 1.164540 -0.368859
v 0.694010 1.167339 -0.345096
v 0.678099 1.189054 -0.356695
v 0.680719 1.161304 -0.357541
v 0.680782 1.161776 -0.331700
v 0.678266 1.187638 -0.329578
v 0.689452 1.190366 -0.369108
v 0.691827 1.192252 -0.348273
v 0.689458 1.209913 -0.366939
v 0.689662 1.220578 -0.351602
v 0.675805 1.211834 -0.354149
v 0.692006 1.193809 -0.320780
v 0.694177 1.169152 -0.317381
v 0.689689 1.220651 -0.324675
v 0.689782 1.220647 -0.294679
v 0.692088 1.194498 -0.290645
v 0.675739 1.213638 -0.325680
v 0.675854 1.213050 -0.297825
v 0.678452 1.186554 -0.301224
v 0.678601 1.185895 -0.268045
v 0.675982 1.212554 -0.264751
v 0.680944 1.161100 -0.304893
v 0.681082 1.160617 -0.272000
v 0.683794 1.132136 -0.311013
v 0.683875 1.132428 -0.275265
v 0.698001 1.126442 -0.309898
v 0.698158 1.126030 -0.280983
v 0.696228 1.146150 -0.314210
v 0.696304 1.146782 -0.283785
v 0.694243 1.170041 -0.287069
v 0.694335 1.170301 -0.251767
v 0.696398 1.146899 -0.246106
v 0.692175 1.194760 -0.257026
v 0.692326 1.194552 -0.210955
v 0.694487 1.170024 -0.205801
v 0.689883 1.220642 -0.262103
v 0.690008 1.220643 -0.215518
v 0.676136 1.212424 -0.221809
v 0.676355 1.212751 -0.170839
v 0.690138 1.220683 -0.165347
v 0.678752 1.185644 -0.226252
v 0.678885 1.186108 -0.176009
v 0.681188 1.160521 -0.231681
v 0.681288 1.160954 -0.182142
v 0.683918 1.132447 -0.238027
v 0.683997 1.132942 -0.188185
v 0.698265 1.125826 -0.239453
v 0.698266 1.126161 -0.194560
v 0.696527 1.146714 -0.200158
v 0.696666 1.146268 -0.151960
v 0.698360 1.124289 -0.147105
v 0.694694 1.169354 -0.156571
v 0.694927 1.167838 -0.114439
v 0.696845 1.145201 -0.111371
v 0.692536 1.193986 -0.161104
v 0.692781 1.192945 -0.117680
v 0.690357 1.220689 -0.121103
v 0.690517 1.220693 -0.083931
v 0.693101 1.189965 -0.081056
v 0.676456 1.213518 -0.125419
v 0.676676 1.213894 -0.088245
v 0.678907 1.187633 -0.130349
v 0.678827 1.190602 -0.092803
v 0.681311 1.162252 -0.136007
v 0.681243 1.164465 -0.097707
v 0.683880 1.135516 -0.141567
v 0.684107 1.133837 -0.102867
v 0.698416 1.126769 -0.107852
v 0.697025 1.142599 -0.076223
v 0.695204 1.164511 -0.078639
v 0.695551 1.159059 -0.050397
v 0.693389 1.185759 -0.051392
v 0.693136 1.178934 -0.028445
v 0.696010 1.148434 -0.035139
v 0.682833 1.169416 -0.030202
v 0.681278 1.167248 -0.062625
v 0.673738 1.259137 -0.075977
v 0.675546 1.232922 -0.081455
v 0.672222 1.285023 -0.050818
v 0.671661 1.285805 -0.071559
v 0.671387 1.286332 -0.100373
v 0.673386 1.260132 -0.103757
v 0.669133 1.314227 -0.096817
v 0.684451 1.307722 -0.094165
v 0.669109 1.314246 -0.129128
v 0.671216 1.287051 -0.133260
v 0.684362 1.307242 -0.123007
v 0.686220 1.279782 -0.120122
v 0.686256 1.280308 -0.090000
v 0.684196 1.307060 -0.158032
v 0.669039 1.314259 -0.168372
v 0.686071 1.280060 -0.154035
v 0.687858 1.254342 -0.148648
v 0.688034 1.253375 -0.115492
v 0.685800 1.280741 -0.206802
v 0.684076 1.305080 -0.213882
v 0.687570 1.255672 -0.199955
v 0.689720 1.225035 -0.193388
v 0.689881 1.225075 -0.142909
v 0.687313 1.256593 -0.250367
v 0.685589 1.281425 -0.255208
v 0.689528 1.224974 -0.244698
v 0.676232 1.235014 -0.239792
v 0.676197 1.234544 -0.185390
v 0.689390 1.224989 -0.281648
v 0.687175 1.256362 -0.285541
v 0.675965 1.233263 -0.280073
v 0.672933 1.260527 -0.275377
v 0.673132 1.262671 -0.233595
v 0.674927 1.230952 -0.306701
v 0.689276 1.225001 -0.312013
v 0.673023 1.257244 -0.307266
v 0.670792 1.284884 -0.303335
v 0.670764 1.286950 -0.270982
v 0.671045 1.281701 -0.331916
v 0.668417 1.314067 -0.325997
v 0.668470 1.314158 -0.297575
v 0.673340 1.274334 -0.360409
v 0.670826 1.306430 -0.357333
v 0.683960 1.263340 -0.366070
v 0.683330 1.287508 -0.359473
v 0.684278 1.287842 -0.344206
v 0.686289 1.259700 -0.342233
v 0.684970 1.284992 -0.319093
v 0.686933 1.257160 -0.316315
v 0.683577 1.303607 -0.342549
v 0.683376 1.308909 -0.320049
v 0.683541 1.308955 -0.293610
v 0.685353 1.282680 -0.289411
v 0.683818 1.307723 -0.260250
v 0.668585 1.314221 -0.264543
v 0.668819 1.314239 -0.220573
v 0.670888 1.287889 -0.227259
v 0.671063 1.287848 -0.175175
v 0.673188 1.262492 -0.181439
v 0.673209 1.260978 -0.136935
v 0.675278 1.233104 -0.137061
v 0.675409 1.232624 -0.110076
v 0.689975 1.225077 -0.109872
v 0.690069 1.225124 -0.082093
v 0.688102 1.253345 -0.086327
v 0.688034 1.254176 -0.060153
v 0.687513 1.255720 -0.036862
v 0.677891 1.369550 -0.020836
v 0.681312 1.345152 -0.039495
v 0.680486 1.372090 -0.041918
v 0.668385 1.366311 -0.037909
v 0.667181 1.363186 -0.070052
v 0.665840 1.391899 -0.042272
v 0.665434 1.390884 -0.071111
v 0.678921 1.389654 -0.027838
v 0.665257 1.389713 -0.105861
v 0.667001 1.361206 -0.105869
v 0.663562 1.418221 -0.073253
v 0.663523 1.418277 -0.104410
v 0.663615 1.418125 -0.048132
v 0.678866 1.403748 -0.070926
v 0.677304 1.404845 -0.101580
v 0.679452 1.399971 -0.044169
v 0.680681 1.373862 -0.069775
v 0.680719 1.374849 -0.103450
v 0.682055 1.346824 -0.068979
v 0.682069 1.348142 -0.105159
v 0.683422 1.323746 -0.108934
v 0.683182 1.323506 -0.153527
v 0.681903 1.348911 -0.151025
v 0.668823 1.330093 -0.103130
v 0.668688 1.329254 -0.153153
v 0.666853 1.359895 -0.153046
v 0.666708 1.358908 -0.214536
v 0.668505 1.328691 -0.214908
v 0.665149 1.388515 -0.148807
v 0.665023 1.387276 -0.215367
v 0.663381 1.418060 -0.145189
v 0.663143 1.418261 -0.215969
v 0.680126 1.405810 -0.148969
v 0.678676 1.407512 -0.218543
v 0.680723 1.375935 -0.148595
v 0.680284 1.376393 -0.216853
v 0.681600 1.348800 -0.216337
v 0.681441 1.347945 -0.274110
v 0.680299 1.375252 -0.276720
v 0.682846 1.323353 -0.215634
v 0.682661 1.323235 -0.273407
v 0.668315 1.328333 -0.270750
v 0.666496 1.358953 -0.271971
v 0.666339 1.360552 -0.313896
v 0.664834 1.387413 -0.274860
v 0.664534 1.390219 -0.312175
v 0.663051 1.417946 -0.278543
v 0.662619 1.418144 -0.311355
v 0.679411 1.406976 -0.282505
v 0.678535 1.406059 -0.309010
v 0.679943 1.374112 -0.313141
v 0.679535 1.372225 -0.346658
v 0.678303 1.402138 -0.337449
v 0.681295 1.346773 -0.314952
v 0.680897 1.344284 -0.351977
v 0.675014 1.336558 -0.372192
v 0.662425 1.418187 -0.334152
v 0.028897 0.642538 -0.492526
v 0.006338 0.972778 0.015555
v 0.013279 0.947076 0.019815
v 0.022996 0.979523 0.024036
v 0.026820 0.978986 0.054680
v 0.007278 0.036995 0.014494
v 0.000604 0.013931 -0.042436
v 0.006947 0.011811 0.009030
v 0.020934 0.062673 -0.054180
v 0.017756 0.070181 -0.090066
v 0.025431 0.051338 0.015024
v 0.672769 1.530441 -0.305133
v 0.663182 1.523315 -0.300322
v 0.629248 1.523493 -0.340961
v 0.653464 1.523615 -0.345097
v 0.674513 1.546295 -0.280775
v 0.634752 1.523412 -0.295269
v 0.673048 1.551054 -0.351056
v 0.672922 1.558710 -0.307781
v 0.630876 1.609458 -0.280958
v 0.672907 1.600963 -0.294187
v 0.673014 1.590239 -0.350825
v 0.631177 1.609122 -0.343336
v 0.664143 0.050791 -0.483802
v 0.663966 0.000214 -0.490968
v 0.639341 0.003727 -0.483248
v 0.643891 0.048462 -0.497033
v 0.664773 0.000162 -0.453210
v 0.664924 0.051220 -0.453237
v 0.637153 0.000233 -0.453071
v 0.051879 0.612104 -0.492368
v 0.042639 0.650226 -0.481587
v 0.064476 0.602097 -0.465637
v 0.159844 0.604802 -0.492624
v 0.168361 0.601558 -0.443783
v 0.065678 0.601719 -0.438674
v 0.098024 0.605954 -0.487782
v 0.061258 0.603974 -0.477491
v 0.219648 0.610011 -0.492623
v 0.130109 0.619310 -0.492633
v 0.082724 0.609926 -0.491626
v 0.084727 0.631410 -0.491909
v 0.655974 0.621267 -0.547502
v 0.603589 0.603935 -0.547600
v 0.603604 0.641725 -0.547810
v 0.655765 0.662292 -0.547702
v 0.581784 0.608230 -0.491966
v 0.624652 0.549178 -0.493089
v 0.583663 0.638804 -0.490029
v 0.656933 0.627057 -0.505365
v 0.603613 0.669460 -0.547714
v 0.615888 0.676187 -0.492994
v 0.649295 0.673214 -0.493241
v 0.609272 0.552818 -0.468119
v 0.576749 0.601941 -0.466724
v 0.652878 0.517797 -0.493081
v 0.665234 0.423994 -0.451177
v 0.665092 0.521418 -0.454394
v 0.666978 0.625601 -0.459964
v 0.314119 0.650449 -0.469604
v 0.354491 0.651263 -0.466916
v 0.371795 0.650474 -0.483001
v 0.289672 0.647710 -0.492516
v 0.336032 0.650643 -0.447216
v 0.359521 0.677628 -0.448912
v 0.365986 0.676024 -0.471579
v 0.392991 0.660806 -0.460354
v 0.465450 0.650600 -0.456605
v 0.470488 0.650344 -0.480785
v 0.361027 0.713846 -0.418010
v 0.346903 0.714952 -0.427420
v 0.277213 0.732326 -0.347982
v 0.319682 0.715942 -0.345493
v 0.328189 0.735642 -0.431739
v 0.373577 0.734472 -0.446273
v 0.361906 0.714796 -0.343883
v 0.277359 0.716924 -0.231518
v 0.339381 0.716397 -0.244910
v 0.382008 0.711349 -0.415075
v 0.387947 0.675691 -0.448799
v 0.381470 0.681576 -0.404154
v 0.353348 0.680920 -0.398753
v 0.388164 0.689708 -0.483244
v 0.389797 0.696803 -0.420168
v 0.313423 0.680734 -0.441107
v 0.313410 0.680890 -0.473290
v 0.313780 0.680870 -0.395866
v 0.184728 0.717832 -0.218619
v 0.312062 0.681188 -0.492524
v 0.386732 0.715532 -0.462336
v 0.388417 0.704064 -0.465006
v 0.382669 0.701800 -0.499825
v 0.363971 0.712715 -0.477986
v 0.348161 0.723880 -0.478667
v 0.311503 0.723225 -0.449287
v 0.313671 0.711978 -0.464269
v 0.313570 0.708842 -0.494954
v 0.315312 0.692098 -0.514102
v 0.172115 0.717179 -0.146957
v 0.266270 0.717026 -0.161627
v 0.087232 0.717627 -0.157072
v 0.099908 0.716645 -0.130951
v 0.149535 0.735440 -0.259941
v 0.042916 0.723794 -0.179102
v 0.159945 1.862888 0.102330
v 0.192585 1.878610 0.074107
v 0.193095 1.851249 0.069338
v 0.162531 1.854661 0.081862
v 0.211250 1.893634 0.069810
v 0.194245 1.883541 0.116612
v 0.208503 1.893588 0.112779
v 0.195744 1.879900 0.016313
v 0.195812 1.851838 0.016671
v 0.208660 1.893635 0.016781
v 0.672718 1.563923 0.168868
v 0.672828 1.524142 0.169010
v 0.673443 1.523881 0.110126
v 0.673210 1.571678 0.086740
v 0.610817 1.523614 0.166416
v 0.655899 1.506864 0.147129
v 0.657020 1.485341 0.137524
v 0.609088 1.504577 0.155258
v 0.621828 1.483679 0.155519
v 0.618122 0.742473 0.265750
v 0.589593 0.732017 0.257266
v 0.588884 0.714365 0.270658
v 0.616473 0.738174 0.298807
v 0.622209 0.717339 0.297765
v 0.642336 0.726790 0.261015
v 0.580401 0.694274 0.293556
v 0.579483 0.699686 0.280103
v 0.499728 0.699568 0.268059
v 0.488948 0.696319 0.293682
v 0.569299 0.649991 0.293736
v 0.488869 0.650197 0.293723
v 0.608913 0.689023 0.297518
v 0.604929 0.664730 0.294121
v 0.623472 0.694547 0.295992
v 0.620383 0.669589 0.295016
v 0.636115 0.656617 0.262390
v 0.640779 0.694511 0.253437
v 0.606132 0.644094 0.267162
v 0.486555 0.650045 0.227970
v 0.589794 0.646753 0.218220
v 0.574915 0.649261 0.263641
v 0.487467 0.649851 0.259497
v 0.613108 0.620942 0.233038
v 0.589684 0.672254 0.208107
v 0.487093 0.677508 0.221550
v 0.592450 0.619847 0.162793
v 0.556420 0.663745 0.144574
v 0.346343 0.076236 0.454040
v 0.334580 0.076056 0.408158
v 0.346875 0.043432 0.429120
v 0.348480 0.042470 0.477317
v 0.256750 0.075997 0.407966
v 0.254741 0.075906 0.454123
v 0.350673 0.100842 0.394318
v 0.348676 0.056507 0.394854
v 0.371161 0.013842 0.509742
v 0.347320 0.006049 0.508024
v 0.347298 0.006133 0.444342
v 0.374656 0.005309 0.453709
v 0.369536 0.045014 0.498599
v 0.365239 0.014450 0.351875
v 0.396015 0.012926 0.366181
v 0.397719 0.019068 0.413441
v 0.374109 0.005788 0.404484
v 0.392231 0.055319 0.387990
v 0.397923 0.061061 0.427802
v 0.373468 0.079205 0.389454
v 0.397836 0.017687 0.504975
v 0.395655 0.042224 0.508728
v 0.397938 0.019275 0.459947
v 0.391512 0.066634 0.471569
v 0.363499 0.085799 0.471673
v 0.386097 0.147122 0.471816
v 0.356432 0.148616 0.471893
v 0.398266 0.148374 0.444221
v 0.323528 0.120381 0.453802
v 0.255359 0.118636 0.454145
v 0.344903 0.118746 0.453722
v 0.346030 0.156751 0.436968
v 0.328828 0.121430 0.408262
v 0.399084 0.431042 0.436824
v 0.431413 0.472365 0.418023
v 0.437129 0.443695 0.463469
v 0.397634 0.414441 0.473251
v 0.405480 0.498120 0.471815
v 0.405342 0.501704 0.420153
v 0.387052 0.346258 0.472170
v 0.398244 0.351083 0.448327
v 0.392723 0.438118 0.514395
v 0.405546 0.473643 0.517144
v 0.398254 0.365055 0.416811
v 0.399354 0.431210 0.416221
v 0.405425 0.462485 0.386260
v 0.405343 0.497618 0.375368
v 0.387450 0.395777 0.389113
v 0.367552 0.438102 0.516084
v 0.385334 0.509308 0.523825
v 0.354082 0.411137 0.474491
v 0.355274 0.344426 0.472194
v 0.357650 0.475398 0.497673
v 0.332980 0.451733 0.463125
v 0.387348 0.446579 0.375194
v 0.389494 0.465998 0.355407
v 0.361144 0.427457 0.389133
v 0.355307 0.447323 0.379782
v 0.358586 0.363502 0.389490
v 0.384361 0.510856 0.367756
v 0.385068 0.511444 0.419745
v 0.346236 0.410876 0.438686
v 0.331162 0.435239 0.431770
v 0.346431 0.344587 0.443581
v 0.368107 0.509727 0.510829
v 0.376755 0.510598 0.471435
v 0.357363 0.499995 0.465087
v 0.330048 0.446315 0.402968
v 0.346491 0.416089 0.407422
v 0.353089 0.507789 0.375370
v 0.324150 0.484370 0.395450
v 0.358269 0.511066 0.419682
v 0.271666 0.450027 0.398865
v 0.273324 0.434287 0.427168
v 0.262805 0.469385 0.390105
v 0.323789 0.499385 0.418023
v 0.315227 0.488722 0.455796
v 0.270220 0.444017 0.458423
v 0.262133 0.455298 0.466736
v 0.203675 0.446593 0.469802
v 0.204888 0.441860 0.457399
v 0.253561 0.420319 0.467328
v 0.204335 0.418860 0.466720
v 0.247798 0.497796 0.455143
v 0.247617 0.418461 0.477944
v 0.204794 0.463695 0.385002
v 0.205000 0.452766 0.397143
v 0.255764 0.433805 0.375955
v 0.201687 0.435573 0.376232
v 0.236510 0.483712 0.387141
v 0.240078 0.434530 0.364974
v 0.271267 0.496454 0.412466
v 0.234953 0.497731 0.412234
v 0.263756 0.549753 0.373144
v 0.268953 0.505936 0.422308
v 0.233082 0.509034 0.414012
v 0.232286 0.550132 0.370562
v 0.243924 0.554904 0.380991
v 0.269920 0.680302 0.293055
v 0.270368 0.698119 0.284704
v 0.187203 0.700591 0.299672
v 0.188435 0.680782 0.293545
v 0.369369 0.699500 0.269134
v 0.369196 0.689926 0.293629
v 0.258547 0.710272 0.284310
v 0.267091 0.701385 0.227942
v 0.257690 0.713015 0.232496
v 0.251108 0.680050 0.316499
v 0.263326 0.690477 0.322809
v 0.185542 0.673611 0.318134
v 0.367754 0.700376 0.231337
v 0.270164 0.675281 0.221530
v 0.368539 0.676307 0.221341
v 0.190977 0.704518 0.217122
v 0.192454 0.678405 0.221570
v 0.247853 0.710299 0.192454
v 0.189011 0.709704 0.192043
v 0.258105 0.717885 0.198709
v 0.426709 0.659240 0.145337
v 0.420633 0.685538 0.142129
v 0.382745 0.688280 0.154404
v 0.376745 0.663406 0.145118
v 0.435682 0.708682 0.133177
v 0.384806 0.710240 0.134700
v 0.313485 0.679757 0.141343
v 0.313619 0.659202 0.143365
v 0.314116 0.704290 0.134173
v 0.383477 0.659002 0.084945
v 0.399793 0.682997 0.074192
v 0.422609 0.678717 0.075341
v 0.427406 0.659166 0.081734
v 0.068831 1.038095 0.005704
v 0.059472 1.020171 0.013131
v 0.053676 1.017125 0.018853
v 0.050815 1.020911 0.013459
v 0.117862 1.033629 0.001152
v 0.117759 1.020518 0.015591
v 0.084321 1.018062 0.018150
v 0.092426 1.025400 0.004462
v 0.117612 1.039801 0.013625
v 0.097353 1.039591 0.013720
v 0.099671 0.972364 0.016326
v 0.126769 0.974410 0.016524
v 0.130227 0.947451 0.018544
v 0.105440 0.942546 0.020922
v 0.147676 0.970289 0.016509
v 0.136036 0.984964 0.018156
v 0.143962 0.980267 0.028994
v 0.113661 0.981961 0.033846
v 0.138319 0.979446 0.045549
v 0.015150 1.038960 0.018875
v 0.005189 1.021209 0.016525
v 0.010933 1.026943 0.025141
v 0.015150 1.038960 0.018875
v 0.017632 1.028545 0.028110
v 0.018639 1.022065 0.019538
v 0.034806 1.038437 0.020650
v 0.022838 1.179793 0.050698
v 0.022735 1.179290 0.029928
v 0.018850 1.146509 0.053822
v 0.024990 1.151072 0.022501
v 0.028730 1.137231 -0.001537
v 0.068743 1.146436 0.017133
v 0.077558 1.137187 -0.001478
v 0.058614 1.142497 0.042212
v 0.043007 1.113443 0.041430
v 0.304699 1.117644 0.020386
v 0.305267 1.122151 -0.000857
v 0.298818 1.145097 -0.001366
v 0.301657 1.142879 0.023116
v 0.275595 1.129515 0.003716
v 0.276158 1.115655 0.023721
v 0.273661 1.144877 0.004413
v 0.298943 1.119260 0.038475
v 0.272195 1.116425 0.041952
v 0.287131 1.137515 0.035299
v 0.270400 1.143249 0.025755
v 0.267247 1.136897 0.041594
v 0.254712 1.103413 0.022234
v 0.253945 1.130777 0.001232
v 0.253588 1.081535 0.008019
v 0.237675 1.101260 0.025896
v 0.242955 1.081096 0.025512
v 0.252011 1.111566 0.035981
v 0.218860 1.112572 0.026404
v 0.121329 1.015211 -0.027101
v 0.039951 1.016988 -0.026175
v 0.054316 1.034148 -0.041875
v 0.110121 1.038753 -0.039390
v 0.092317 1.040969 -0.025560
v 0.141094 1.040374 -0.023130
v 0.167846 1.024096 -0.024898
v 0.153175 1.040033 -0.035148
v 0.174117 1.038595 -0.019851
v 0.178274 1.039829 -0.035788
v 0.183145 1.023597 -0.029372
v 0.212598 1.020773 -0.027103
v 0.206003 1.039769 -0.035446
v 0.195316 1.036040 -0.018329
v 0.229691 1.029907 -0.006267
v 0.241488 1.039265 -0.030094
v 0.245215 1.037710 -0.007722
v 0.226593 1.019167 0.012273
v 0.250873 1.058618 0.002950
v 0.212598 1.020773 -0.027103
v 0.232613 1.054431 0.005795
v 0.248265 1.039270 0.023998
v 0.246613 1.057774 0.024587
v 0.206813 1.039096 0.010599
v 0.207791 1.031183 0.000687
v 0.227778 1.040855 0.020631
v 0.203166 1.017751 0.021349
v 0.230833 1.108219 0.009977
v 0.232458 1.082550 0.008078
v 0.227169 1.132250 -0.000881
v 0.205858 1.114996 0.005480
v 0.219841 1.132220 0.042207
v 0.248770 1.133137 0.041256
v 0.194784 1.133165 -0.001444
v 0.104278 1.122832 0.042218
v 0.035782 1.112364 0.017384
v 0.094771 1.112777 0.020477
v 0.035403 1.020854 0.015179
v 0.025079 1.021248 0.018994
v 0.050815 1.020911 0.013459
v 0.013199 1.015421 0.017585
v 0.021609 0.938947 0.041832
v 0.035715 0.935323 0.024442
v 0.045489 0.935699 0.035644
v 0.074192 0.939240 0.022587
v 0.110155 0.938977 0.042693
v 0.078744 0.938672 0.039702
v 0.058527 0.971269 0.015300
v 0.051565 0.938274 0.063963
v 0.025303 0.938731 0.064886
v 0.080561 0.938466 0.064005
v 0.152970 0.982305 0.024823
v 0.151122 0.980286 0.033983
v 0.177975 0.943593 0.027782
v 0.154840 0.939490 0.020506
v 0.161266 0.941260 0.018389
v 0.180335 0.951799 0.019011
v 0.160994 0.945737 0.017154
v 0.082920 0.979606 0.058020
v 0.088034 0.984453 0.031542
v 0.060631 0.980639 0.028506
v 0.056160 0.979222 0.055323
v 0.111850 0.979669 0.062758
v 0.138344 1.021636 0.013111
v 0.145993 1.039877 0.015532
v 0.146095 1.036891 0.003437
v 0.185472 1.020998 0.013884
v 0.180527 1.039754 0.016208
v 0.210955 1.016706 0.010834
v 0.191067 0.945111 0.014709
v 0.189503 0.939452 0.023176
v 0.206026 0.979242 0.013889
v 0.217409 0.955176 0.014161
v 0.226406 0.215125 0.007611
v 0.228046 0.204648 0.005603
v 0.226715 0.226050 0.010365
v 0.224273 0.216196 0.008806
v 0.223374 0.219119 0.005964
v 0.220920 0.259457 0.010799
v 0.226540 0.722884 0.013868
v 0.221097 0.675389 0.014226
v 0.217992 0.767238 0.014649
v 0.226561 0.783995 0.013221
v 0.208545 0.655576 0.013942
v 0.198854 0.753500 0.013875
v 0.168961 0.980185 0.042423
v 0.154290 0.979512 0.046886
v 0.180344 0.981786 0.015570
v 0.198510 0.987602 0.022758
v 0.180788 1.036309 0.003236
v 0.224579 0.980477 0.024663
v 0.199511 0.925619 0.013593
v 0.192854 0.929205 0.020842
v 0.214234 0.909670 0.021830
v 0.205747 0.934539 0.031916
v 0.178560 0.938995 0.044644
v 0.209008 0.938340 0.061806
v 0.181609 0.938375 0.065225
v 0.227214 0.933105 0.023041
v 0.236342 0.938253 0.057569
v 0.226515 0.896739 0.015048
v 0.231563 0.958120 0.017603
v 0.235480 0.978916 0.058006
v 0.204057 0.979153 0.061230
v 0.271311 0.978708 0.028071
v 0.272853 0.978840 0.057659
v 0.272459 0.961048 0.017615
v 0.218361 0.927197 0.014483
v 0.219747 0.887846 0.014689
v 0.272755 0.940027 0.025802
v 0.274528 0.938729 0.056188
v 0.380078 0.979002 0.086797
v 0.439944 0.979126 0.086693
v 0.430968 0.979086 0.060445
v 0.378799 0.978982 0.060297
v 0.440128 0.938896 0.086868
v 0.383739 0.938682 0.087560
v 0.440066 0.938928 0.057611
v 0.410820 0.928729 0.052180
v 0.425804 0.978939 0.033104
v 0.414384 0.964571 0.018238
v 0.377994 0.967829 0.017898
v 0.377848 0.978811 0.033579
v 0.410655 0.930336 0.029031
v 0.439722 0.939185 0.018708
v 0.382952 0.935048 0.032905
v 0.405320 0.870487 0.057911
v 0.409683 0.870037 0.026326
v 0.328017 0.938642 0.055068
v 0.323342 0.938718 0.087481
v 0.323500 0.938759 0.026468
v 0.384847 0.870108 0.035960
v 0.321225 0.961985 0.017708
v 0.403791 0.796275 0.021397
v 0.400658 0.735983 0.024345
v 0.386484 0.726012 0.046536
v 0.384841 0.796186 0.041590
v 0.402397 0.723487 0.056310
v 0.408691 0.797289 0.058003
v 0.384662 0.725938 0.127606
v 0.446484 0.726050 0.121369
v 0.314686 0.725726 0.127459
v 0.466664 0.706085 0.079761
v 0.398941 0.705240 0.076985
v 0.390646 0.725872 0.096297
v 0.456875 0.726114 0.094223
v 0.315686 0.707493 0.080198
v 0.318959 0.679894 0.075949
v 0.314243 0.659098 0.081831
v 0.544896 1.608704 -0.403441
v 0.587365 1.605248 -0.403135
v 0.615966 1.606482 -0.402218
v 0.615859 1.608848 -0.403959
v 0.381800 1.349200 0.073082
v 0.379627 1.325082 0.073282
v 0.388598 1.314581 0.054727
v 0.401125 1.349212 0.073059
v 0.420450 1.349225 0.073037
v 0.421561 1.329360 -0.003127
v 0.404229 1.348423 0.011385
v 0.391367 1.314586 0.023742
v 0.406364 1.303080 -0.094278
v 0.412483 1.316463 -0.065475
v 0.375821 1.314819 -0.071926
v 0.385024 1.296199 -0.096981
v 0.387631 1.314690 -0.019479
v 0.403081 1.349262 -0.036224
v 0.413908 1.317083 -0.080003
v 0.299438 1.314770 -0.001853
v 0.356599 1.314753 -0.001988
v 0.355349 1.314586 0.044123
v 0.299921 1.314624 0.040873
v 0.360433 1.348507 -0.003049
v 0.346835 1.349276 0.025256
v 0.372739 1.349145 0.021078
v 0.439238 1.269943 -0.100036
v 0.424760 1.261705 -0.095088
v 0.402133 1.338273 -0.101664
v 0.443514 1.273582 -0.113344
v 0.030628 1.312998 0.027254
v 0.042498 1.314589 0.064702
v 0.044957 1.314708 -0.001757
v 0.617429 0.746038 0.217474
v 0.609076 0.779338 0.162779
v 0.586836 0.729342 0.141152
v 0.589574 0.734247 0.215479
v 0.640236 0.766459 0.170214
v 0.640894 0.739173 0.211731
v 0.627295 0.843969 0.170800
v 0.645748 0.841695 0.157977
v 0.562285 0.843854 0.153892
v 0.549336 0.797602 0.170413
v 0.547776 0.843886 0.120805
v 0.586917 0.895176 0.149123
v 0.585346 0.843811 0.120697
v 0.611014 0.908578 0.157306
v 0.639990 0.911295 0.157515
v 0.543955 0.797626 0.120377
v 0.585138 0.797642 0.120687
v 0.587204 0.754017 0.108416
v 0.587820 0.811686 0.083106
v 0.588171 0.891470 0.083068
v 0.587855 0.757803 0.084089
v 0.484450 0.700401 0.231054
v 0.586803 0.698926 0.223470
v 0.576831 0.695676 0.139004
v 0.663138 0.769025 0.150342
v 0.662821 0.839333 0.150012
v 0.641513 0.691749 0.169025
v 0.641473 0.692152 0.200703
v 0.663417 0.690887 0.154028
v 0.523590 0.725943 0.124636
v 0.514461 0.705118 0.134399
v 0.537737 0.726071 0.098130
v 0.587283 0.598756 0.111123
v 0.553431 0.658743 0.106720
v 0.672909 1.608309 0.078170
v 0.672680 1.608087 0.168871
v 0.643005 1.608678 0.167624
v 0.623601 1.609025 0.096492
v 0.585605 1.510215 0.084028
v 0.578088 1.520438 0.090381
v 0.551905 1.523600 0.066817
v 0.583130 1.523703 0.069923
v 0.633781 1.566443 0.174473
v 0.631590 1.556572 0.174712
v 0.615392 1.556286 0.174621
v 0.632035 1.569583 0.172245
v 0.614542 1.573127 0.167182
v 0.609015 1.574353 0.166866
v 0.656697 1.499701 0.083184
v 0.657971 1.523760 0.046026
v 0.641900 1.523502 -0.011696
v 0.641865 1.523540 0.033570
v 0.671047 1.551101 0.016828
v 0.631610 1.570090 0.173330
v 0.631286 1.570397 0.174872
v 0.592830 1.460225 0.082607
v 0.585327 1.468727 0.091516
v 0.574908 1.552082 0.068598
v 0.547970 1.546885 0.066150
v 0.617525 1.608862 0.166324
v 0.593710 1.608956 0.165348
v 0.589876 1.608504 0.070645
v 0.612560 1.608920 0.058873
v 0.602015 1.609096 0.017876
v 0.582858 1.599088 0.062004
v 0.654261 1.609041 0.009657
v 0.592016 1.567162 0.165669
v 0.491535 1.601712 0.149784
v 0.467761 1.590314 0.157354
v 0.556111 1.546110 0.163679
v 0.361086 1.609052 0.127447
v 0.476974 1.608424 0.110098
v 0.364413 1.609200 0.098583
v 0.357768 1.597938 0.145432
v 0.190221 1.538028 0.108776
v 0.173649 1.538024 0.073316
v 0.196275 1.532016 0.061187
v 0.209357 1.523821 0.100099
v 0.171630 1.571466 0.073665
v 0.187635 1.572098 0.108022
v 0.188693 1.568582 0.056764
v 0.234005 1.524486 0.147673
v 0.259408 1.533522 0.136811
v 0.262015 1.537411 0.181110
v 0.242349 1.533392 0.192449
v 0.239182 1.523250 0.093871
v 0.280305 1.536126 0.121181
v 0.280854 1.524000 0.091471
v 0.260504 1.569141 0.149188
v 0.280229 1.567387 0.126768
v 0.225786 1.542775 0.184247
v 0.221867 1.538817 0.154419
v 0.223084 1.570739 0.184475
v 0.217987 1.572569 0.152319
v 0.240396 1.571438 0.198327
v 0.184748 1.606901 0.073100
v 0.190317 1.597771 0.056264
v 0.225433 1.596026 0.056055
v 0.226337 1.564662 0.056292
v 0.223407 1.609190 0.067901
v 0.259831 1.572599 0.184943
v 0.273474 1.608487 0.113226
v 0.275663 1.608595 0.123842
v 0.371471 1.561546 0.146983
v 0.255863 1.621109 0.154514
v 0.239223 1.692306 0.115491
v 0.244880 1.634786 0.123898
v 0.234966 1.628204 0.123881
v 0.224643 1.692649 0.115165
v 0.219669 1.620789 0.139355
v 0.194001 1.607172 0.103929
v 0.224689 1.609129 0.094472
v 0.219247 1.623016 0.176477
v 0.214615 1.692951 0.131240
v 0.213347 1.699280 0.160947
v 0.248972 1.692644 0.121904
v 0.212498 1.735179 0.117414
v 0.224899 1.751501 0.100562
v 0.202265 1.756003 0.134331
v 0.196432 1.754185 0.103072
v 0.239669 1.733578 0.107611
v 0.284617 1.764665 0.095640
v 0.280061 1.737983 0.118739
v 0.265656 1.727277 0.096684
v 0.261876 1.760403 0.078658
v 0.251014 1.711126 0.143862
v 0.285999 1.774412 0.129126
v 0.267257 1.765268 0.156109
v 0.243923 1.708771 0.178801
v 0.254619 1.625802 0.183243
v 0.241708 1.764898 0.171813
v 0.220370 1.785536 0.078350
v 0.191506 1.773740 0.079656
v 0.217650 1.764880 0.175819
v 0.222717 1.705466 0.183002
v 0.142973 1.768861 0.132470
v 0.142456 1.754546 0.103644
v 0.269127 1.802734 0.113522
v 0.244358 1.813312 0.144057
v 0.202219 1.852123 0.194962
v 0.196167 1.892397 0.199982
v 0.202803 1.893514 0.165801
v 0.195899 1.868203 0.160170
v 0.216989 1.870799 0.200172
v 0.214241 1.833077 0.175071
v 0.222862 1.892759 0.172492
v 0.197897 1.840003 0.153422
v 0.191059 1.852638 0.124495
v 0.160227 1.843860 0.105421
v 0.201252 1.832917 0.120689
v 0.094604 1.865016 0.101225
v 0.094622 1.845654 0.105767
v 0.094654 1.857237 0.083927
v 0.087451 1.727159 0.141454
v 0.082685 1.738295 0.121762
v 0.083556 1.748783 0.138181
v 0.085844 1.743027 0.141251
v 0.092787 1.575582 0.215960
v 0.089638 1.611072 0.238246
v 0.090792 1.640273 0.222098
v 0.091536 1.598740 0.202919
v 0.083523 1.611822 0.246779
v 0.080885 1.632598 0.246493
v 0.096937 1.594641 0.244984
v 0.105697 1.563894 0.221199
v 0.049428 1.619169 0.249422
v 0.067281 1.629656 0.250879
v 0.057426 1.638198 0.250376
v 0.042598 1.653749 0.244587
v 0.080759 1.577800 0.149765
v 0.090299 1.560670 0.141240
v 0.091591 1.570559 0.178375
v 0.080868 1.586252 0.173391
v 0.099032 1.534837 0.138535
v 0.096298 1.544876 0.185783
v 0.091651 1.580799 0.090942
v 0.099244 1.559733 0.070919
v 0.082361 1.577929 0.131293
v 0.090544 1.593712 0.097490
v 0.110656 1.588683 0.130332
v 0.114498 1.597370 0.102528
v 0.115155 1.632523 0.095262
v 0.114067 1.624649 0.124260
v 0.114762 1.580322 0.088658
v 0.114613 1.561873 0.135287
v 0.118945 1.633472 0.070589
v 0.107335 1.631965 0.035461
v 0.114487 1.562417 0.071149
v 0.114632 1.675867 0.080660
v 0.112974 1.692396 0.062537
v 0.114853 1.617899 0.242166
v 0.114605 1.598161 0.229565
v 0.137247 1.651034 0.092257
v 0.124815 1.649392 0.098738
v 0.135219 1.626823 0.178556
v 0.147678 1.634328 0.159387
v 0.144715 1.641489 0.194565
v 0.134506 1.627299 0.209261
v 0.134388 1.651720 0.158820
v 0.126482 1.650837 0.187259
v 0.140849 1.650862 0.126223
v 0.124389 1.650676 0.129416
v 0.116231 1.660281 0.153559
v 0.134910 1.651490 0.206226
v 0.120967 1.642008 0.214598
v 0.119271 1.644215 0.096643
v 0.118641 1.645798 0.129478
v 0.119561 1.631148 0.202244
v 0.092226 1.664914 0.232960
v 0.114530 1.644351 0.246422
v 0.110012 1.674564 0.236009
v 0.076545 1.637472 0.196684
v 0.079315 1.606449 0.192610
v 0.091361 1.673294 0.197068
v 0.076941 1.662302 0.185477
v 0.092548 1.691463 0.208636
v 0.115508 1.612456 0.211061
v 0.115590 1.622242 0.224639
v 0.113059 1.680284 0.139720
v 0.115112 1.667655 0.208963
v 0.115897 1.663931 0.181845
v 0.110583 1.704568 0.218361
v 0.101459 1.727919 0.175255
v 0.092666 1.714491 0.170661
v 0.114141 1.696223 0.195213
v 0.114642 1.724408 0.175207
v 0.087451 1.727159 0.141454
v 0.095921 1.730836 0.140811
v 0.112437 1.723841 0.122255
v 0.092231 1.714620 0.112939
v 0.114327 1.706346 0.126332
v 0.111209 1.733897 0.150656
v 0.114040 1.717479 0.157716
v 0.106442 1.736391 0.133891
v 0.099372 1.733041 0.146315
v 0.114726 1.690423 0.171126
v 0.091861 1.696215 0.142760
v 0.091526 1.694259 0.116052
v 0.082685 1.738295 0.121762
v 0.086523 1.733097 0.141400
v 0.090600 1.756888 0.135470
v 0.095570 1.754133 0.101897
v 0.092945 1.793338 0.118467
v 0.141265 1.793417 0.121912
v 0.045270 1.776720 0.137936
v 0.046839 1.793405 0.120231
v 0.083556 1.748783 0.138181
v 0.045789 1.758613 0.139808
v 0.049071 1.754596 0.124761
v 0.210920 1.804641 0.170931
v 0.204247 1.824052 0.148626
v 0.240104 1.798093 0.165390
v 0.188961 1.793906 0.129166
v 0.220769 1.803486 0.102589
v 0.187231 1.793945 0.102010
v 0.215818 1.795152 0.091023
v 0.187769 1.793663 0.084302
v 0.238698 1.833342 0.071075
v 0.239443 1.827858 0.098106
v 0.237869 1.892327 0.113934
v 0.265527 1.893609 0.109593
v 0.266138 1.893523 0.065065
v 0.237272 1.893720 0.066532
v 0.266071 1.835573 0.105950
v 0.266155 1.834681 0.062389
v 0.206061 1.892956 -0.041505
v 0.204166 1.889892 -0.107190
v 0.198084 1.872755 -0.108761
v 0.196223 1.875988 -0.044594
v 0.246784 1.891859 -0.109706
v 0.238364 1.893720 -0.040445
v 0.215254 1.893675 -0.150306
v 0.196762 1.872792 -0.144328
v 0.257827 1.893532 -0.160772
v 0.196406 1.834566 -0.108193
v 0.195978 1.847132 -0.042942
v 0.222636 1.822259 -0.107170
v 0.210122 1.834266 -0.040821
v 0.198051 1.846693 -0.143013
v 0.210837 1.833670 -0.153358
v 0.254950 1.828739 -0.107406
v 0.265858 1.892994 -0.107561
v 0.265845 1.836915 -0.107889
v 0.266082 1.893506 -0.040282
v 0.265935 1.834617 -0.037718
v 0.262767 1.842170 -0.155674
v 0.266261 1.883210 -0.175362
v 0.249895 1.839379 -0.170286
v 0.240764 1.834297 -0.039130
v 0.235722 1.753658 -0.105988
v 0.261357 1.754312 -0.120240
v 0.213625 1.753580 -0.131625
v 0.223117 1.821017 -0.170129
v 0.213389 1.754891 -0.160619
v 0.261377 1.757894 -0.153089
v 0.214722 1.675729 -0.114663
v 0.209981 1.610573 -0.103382
v 0.256764 1.613245 -0.100939
v 0.245084 1.676015 -0.103009
v 0.208081 1.598746 -0.068466
v 0.260643 1.595768 -0.068659
v 0.140484 1.609046 -0.093874
v 0.200520 1.609452 -0.131199
v 0.140731 1.609173 -0.122709
v 0.138641 1.600841 -0.068443
v 0.213752 1.671892 -0.146816
v 0.227570 1.518117 -0.104795
v 0.197747 1.523857 -0.073250
v 0.179611 1.523590 -0.085373
v 0.182127 1.523315 -0.111859
v 0.262405 1.537614 -0.068487
v 0.196411 1.543048 -0.068390
v 0.274392 1.502282 -0.094404
v 0.261443 1.620606 -0.126200
v 0.261308 1.675543 -0.124841
v 0.314077 1.608848 -0.091149
v 0.313745 1.595156 -0.069586
v 0.313355 1.609218 -0.121300
v 0.260370 1.478470 -0.098630
v 0.230534 1.675447 -0.168772
v 0.213945 1.617322 -0.158557
v 0.260991 1.620703 -0.160270
v 0.261074 1.675595 -0.157544
v 0.138247 1.609068 -0.153690
v 0.202988 1.603252 -0.176755
v 0.257628 1.603503 -0.176805
v 0.134470 1.603147 -0.176851
v 0.044355 1.509742 -0.087694
v 0.055730 1.524360 -0.068531
v 0.058466 1.444208 -0.099596
v 0.016105 1.513915 -0.095197
v 0.036944 1.444964 -0.087234
v 0.040579 1.511687 -0.129388
v 0.016149 1.514302 -0.116161
v 0.031095 1.445237 -0.128182
v 0.016391 1.445560 -0.114355
v 0.051440 1.523563 -0.165532
v 0.120628 1.523502 -0.091050
v 0.128726 1.524277 -0.068626
v 0.059724 1.508196 -0.115965
v 0.122623 1.523277 -0.118070
v 0.058229 1.446367 -0.120959
v 0.118472 1.523253 -0.140894
v 0.121023 1.523777 -0.167489
v 0.026208 0.775506 -0.131453
v 0.057531 0.773108 -0.129532
v 0.054982 0.736481 -0.140666
v 0.017612 0.741245 -0.139575
v 0.058964 0.736388 -0.105327
v 0.101008 0.713851 -0.103754
v 0.060456 0.681335 -0.092951
v 0.100269 0.691932 -0.088135
v 0.040179 0.755820 -0.082756
v 0.039512 0.691082 -0.082441
v 0.014600 0.705297 -0.115194
v 0.016548 0.771561 -0.108624
v 0.089906 0.681844 -0.123362
v 0.060806 0.679344 -0.149213
v 0.168418 0.681888 -0.154659
v 0.172845 0.682155 -0.126365
v 0.071408 0.681291 -0.194477
v 0.172143 0.681654 -0.196621
v 0.033820 0.653705 -0.130575
v 0.058555 0.657120 -0.123806
v 0.058867 0.664473 -0.106457
v 0.095912 0.682551 -0.101982
v 0.058375 0.611417 -0.089636
v 0.038274 0.621677 -0.082042
v 0.058819 0.601881 -0.111520
v 0.040283 0.249328 -0.082312
v 0.058944 0.239994 -0.095679
v 0.058558 0.287726 -0.094633
v 0.041683 0.294092 -0.082060
v 0.062050 0.230920 -0.119009
v 0.058675 0.283302 -0.119235
v 0.092943 0.223149 -0.099605
v 0.092190 0.223153 -0.121890
v 0.061997 0.221415 -0.082829
v 0.039758 0.223017 -0.082684
v 0.091430 0.217529 -0.082721
v 0.469476 0.018703 -0.084762
v 0.485715 0.007692 -0.083417
v 0.490097 0.058922 -0.091953
v 0.472950 0.050453 -0.083048
v 0.486139 0.012695 -0.108246
v 0.453739 0.014403 -0.099317
v 0.489884 0.066218 -0.115460
v 0.461866 0.013601 -0.125950
v 0.484567 0.007984 -0.127536
v 0.445599 0.094874 -0.104101
v 0.446539 0.038987 -0.083191
v 0.446479 0.104054 -0.083333
v 0.454710 0.083216 -0.130411
v 0.475938 0.074561 -0.130436
v 0.446508 0.154764 -0.124608
v 0.436191 0.191823 -0.123683
v 0.463836 0.188596 -0.130563
v 0.469991 0.139812 -0.130887
v 0.431835 0.208750 -0.131529
v 0.456042 0.224216 -0.130808
v 0.433833 0.224128 -0.093752
v 0.445644 0.180531 -0.090477
v 0.390124 0.192896 -0.119158
v 0.390454 0.205960 -0.131941
v 0.427707 0.224334 -0.126410
v 0.446070 0.232748 -0.126024
v 0.425747 0.224382 -0.113037
v 0.445431 0.274222 -0.118002
v 0.455634 0.287613 -0.130554
v 0.447807 0.263235 -0.085271
v 0.461507 0.254037 -0.084577
v 0.388445 0.193025 -0.089898
v 0.429582 0.224097 -0.092290
v 0.390549 0.218069 -0.083118
v 0.445196 0.268089 -0.096984
v 0.465018 0.182418 -0.083869
v 0.478980 0.247119 -0.084485
v 0.063411 0.206352 -0.131864
v 0.090396 0.206659 -0.131924
v 0.038918 0.232616 -0.131023
v 0.039435 0.206846 -0.131890
v 0.036404 0.026542 0.259451
v 0.051337 0.027179 0.247479
v 0.052873 0.031364 0.204041
v 0.033309 0.033784 0.205208
v 0.056966 0.006630 0.253232
v 0.040235 0.005966 0.255444
v 0.057346 0.009653 0.203267
v 0.018862 0.022366 0.249194
v 0.025597 0.003688 0.245232
v 0.018577 0.023334 0.204263
v 0.022873 0.003814 0.203415
v 0.042066 0.002007 0.203600
v 0.025901 0.012894 -0.112596
v 0.019382 0.006564 -0.048208
v 0.028159 0.036991 -0.120930
v 0.037724 0.025868 -0.064557
v 0.027423 0.056384 -0.107655
v 0.035993 0.050032 -0.062201
v 0.017354 0.201502 -0.082915
v 0.016023 0.190675 -0.103038
v 0.039109 0.192077 -0.107743
v 0.038838 0.200828 -0.082987
v 0.041758 0.278647 -0.131258
v 0.016343 0.230337 -0.106213
v 0.017509 0.226444 -0.083816
v 0.020553 0.259448 -0.082778
v 0.016411 0.267059 -0.106133
v 0.016628 0.229643 -0.125691
v 0.017330 0.207700 -0.131784
v 0.004352 0.717471 -0.148138
v 0.134665 0.717156 -0.303927
v 0.618949 0.387190 -0.493127
v 0.609978 0.256909 -0.489437
v 0.609444 0.316554 -0.471425
v 0.609464 0.419608 -0.472958
v 0.578332 0.268584 -0.489626
v 0.581765 0.289098 -0.472350
v 0.645387 0.225130 -0.493106
v 0.645536 0.338099 -0.493184
v 0.624334 0.259758 -0.414591
v 0.611880 0.313917 -0.420338
v 0.529205 0.272255 -0.414117
v 0.553937 0.235126 -0.414175
v 0.589307 0.289367 -0.432323
v 0.516544 0.289030 -0.423548
v 0.629926 0.428933 -0.414525
v 0.609750 0.385666 -0.423736
v 0.609308 0.195114 -0.472885
v 0.580742 0.226797 -0.478007
v 0.612122 0.194762 -0.415064
v 0.637577 0.195316 -0.414665
v 0.531845 0.226698 -0.441162
v 0.609599 0.193450 -0.427985
v 0.610133 0.000278 -0.491028
v 0.616665 0.049130 -0.492238
v 0.609916 0.004101 -0.455791
v 0.608260 0.047432 -0.462445
v 0.664380 0.000212 -0.415525
v 0.636517 0.000000 -0.422388
v 0.655672 0.044019 -0.410117
v 0.633445 0.038002 -0.407230
v 0.610627 0.003213 -0.421380
v 0.608473 0.039690 -0.417094
v 0.656000 0.049048 -0.375796
v 0.664525 0.101638 -0.415420
v 0.644626 0.099190 -0.391040
v 0.629557 0.038058 -0.370915
v 0.608217 0.100661 -0.439200
v 0.604842 0.052276 -0.376362
v 0.604964 0.091226 -0.391628
v 0.656539 0.075459 -0.302010
v 0.628819 0.125759 -0.414469
v 0.648172 0.098693 -0.311296
v 0.618639 0.115801 -0.414723
v 0.625447 0.098738 -0.303686
v 0.609383 0.159004 -0.449036
v 0.650311 0.023428 0.153143
v 0.638376 0.008630 0.146605
v 0.635977 0.001326 0.125281
v 0.664628 0.000180 0.118687
v 0.621137 0.028748 0.153873
v 0.621379 0.039109 0.167259
v 0.607067 0.007440 0.147900
v 0.594233 0.014567 0.146815
v 0.663228 0.000139 0.083847
v 0.664283 0.047048 0.083852
v 0.664786 0.053030 0.124946
v 0.618279 0.001719 0.116434
v 0.646610 0.036794 0.075618
v 0.620481 0.023677 0.077788
v 0.597768 0.040284 0.157563
v 0.590653 0.078213 0.156961
v 0.622533 0.057124 0.168475
v 0.622672 0.090144 0.167502
v 0.639644 0.037494 0.056134
v 0.611974 0.041413 0.047256
v 0.613645 0.038415 -0.014919
v 0.640585 0.038183 -0.014319
v 0.588122 0.126342 0.092912
v 0.588381 0.063809 0.092459
v 0.656662 0.086990 -0.014125
v 0.664366 0.079053 0.083845
v 0.656531 0.050371 0.063297
v 0.656716 0.054710 -0.014357
v 0.630100 0.099223 0.053503
v 0.633111 0.098646 -0.015063
v 0.664259 0.170801 0.083717
v 0.632478 0.180788 0.083069
v 0.588116 0.097333 0.127102
v 0.604429 0.085554 0.048801
v 0.602579 0.127883 0.083049
v 0.605270 0.192746 0.083085
v 0.605910 0.098811 0.043535
v 0.587736 0.230289 0.102114
v 0.596376 0.551913 0.159468
v 0.587496 0.526818 0.125499
v 0.502754 0.678878 0.141474
v 0.585681 0.726494 0.093005
v 0.617475 0.761371 0.082992
v 0.603167 0.707439 0.082149
v 0.541781 0.706411 0.080360
v 0.639761 0.631944 0.211169
v 0.638262 0.600772 0.176624
v 0.659074 0.608181 0.159052
v 0.629094 0.487773 0.160034
v 0.657364 0.506367 0.159360
v 0.596648 0.574897 0.083050
v 0.605474 0.605507 0.057165
v 0.642341 0.605318 0.039584
v 0.624397 0.572894 0.082964
v 0.587663 0.606114 0.076282
v 0.587579 0.631065 0.066194
v 0.589386 0.638088 0.011400
v 0.664450 0.686895 0.106273
v 0.647568 0.686692 0.082230
v 0.652533 0.763578 0.083291
v 0.664086 0.765279 0.101946
v 0.637058 0.670431 0.040143
v 0.597199 0.670238 0.050902
v 0.658571 0.638025 0.081563
v 0.666125 0.626307 0.107299
v 0.660006 0.669769 0.035706
v 0.664875 0.548800 0.107077
v 0.651365 0.578915 0.083231
v 0.660043 0.619086 0.031036
v 0.600269 0.669348 -0.012473
v 0.594421 0.669430 -0.065079
v 0.591918 0.636837 -0.049899
v 0.630607 0.670162 -0.076719
v 0.630628 0.670216 -0.021606
v 0.562849 0.662422 -0.071286
v 0.568471 0.635110 -0.071242
v 0.600619 0.669134 -0.111651
v 0.636532 0.670170 -0.134367
v 0.563157 0.670064 -0.101351
v 0.583215 0.605391 -0.071822
v 0.591199 0.605862 -0.029264
v 0.626205 0.605186 -0.080343
v 0.620864 0.605251 -0.030468
v 0.590603 0.610870 -0.127652
v 0.630264 0.605023 -0.137133
v 0.515265 0.629145 -0.070828
v 0.483618 0.621714 -0.071755
v 0.478979 0.607871 -0.084759
v 0.505297 0.605565 -0.091016
v 0.482328 0.668424 -0.071930
v 0.484939 0.679313 -0.087349
v 0.518750 0.661628 -0.071078
v 0.473699 0.532565 -0.086724
v 0.458228 0.618919 -0.087734
v 0.454453 0.541439 -0.087032
v 0.461487 0.687284 -0.088644
v 0.489507 0.522869 -0.090144
v 0.514824 0.605772 -0.112387
v 0.490476 0.517679 -0.106389
v 0.514247 0.669982 -0.092355
v 0.489475 0.503589 -0.124305
v 0.502838 0.606085 -0.122031
v 0.505153 0.661992 -0.123592
v 0.469540 0.578873 -0.130008
v 0.472524 0.646953 -0.129302
v 0.486076 0.761216 -0.093541
v 0.464421 0.762036 -0.089621
v 0.489706 0.695476 -0.118295
v 0.488317 0.761872 -0.115744
v 0.474623 0.697800 -0.128425
v 0.355061 1.350793 -0.095366
v 0.361166 1.349362 -0.062297
v 0.362401 1.349225 -0.093063
v 0.376340 1.295900 -0.110052
v 0.376478 1.373613 -0.104891
v 0.394759 1.321821 -0.124256
v 0.369187 1.367527 -0.124500
v 0.307720 1.419138 -0.095123
v 0.332998 1.437199 -0.100631
v 0.353782 1.353227 -0.124439
v 0.304356 1.417736 -0.121754
v 0.327305 1.433113 -0.123623
v 0.302071 1.483063 -0.123882
v 0.268100 1.473300 -0.120642
v 0.298222 1.523082 -0.125130
v 0.306805 1.523367 -0.096086
v 0.243631 1.513920 -0.124140
v 0.314543 1.609119 -0.155138
v 0.313211 1.602976 -0.176844
v 0.184657 1.523260 -0.137394
v 0.246652 1.523474 -0.162848
v 0.304031 1.523604 -0.162991
v 0.312967 1.532314 -0.068462
v 0.671109 1.583708 0.005433
v 0.538714 1.607833 -0.076483
v 0.587957 1.607826 -0.054719
v 0.593149 1.609000 -0.101127
v 0.537851 1.608998 -0.105982
v 0.582946 1.583590 -0.038165
v 0.541462 1.584284 -0.068725
v 0.647708 1.609121 -0.055519
v 0.645931 1.609135 -0.097026
v 0.583660 1.523714 -0.054295
v 0.577062 1.536361 -0.066354
v 0.544996 1.523811 -0.079263
v 0.588978 1.523734 -0.079797
v 0.583177 1.523808 -0.008699
v 0.583025 1.550562 -0.030551
v 0.544559 1.548640 -0.068273
v 0.631477 1.609121 -0.188678
v 0.583290 1.599400 -0.181132
v 0.589794 1.608771 -0.159253
v 0.637041 1.608550 -0.158813
v 0.533638 1.588098 -0.177271
v 0.534544 1.602931 -0.176959
v 0.591133 1.608984 -0.221237
v 0.629656 1.609073 -0.229109
v 0.535741 1.524455 -0.170533
v 0.579384 1.526133 -0.176512
v 0.587730 1.523588 -0.135197
v 0.539088 1.523574 -0.139177
v 0.616973 1.523404 -0.164632
v 0.621093 1.523346 -0.129008
v 0.583580 1.533948 -0.216172
v 0.574706 1.561139 -0.177438
v 0.583532 1.570056 -0.217149
v 0.533808 1.553616 -0.177197
v 0.608257 1.523492 -0.212116
v 0.652793 1.523034 -0.153073
v 0.654949 1.522968 -0.117343
v 0.672381 1.552740 -0.173430
v 0.671299 1.533501 -0.176751
v 0.662445 1.524803 -0.201650
v 0.671387 1.544770 -0.205031
v 0.674727 1.600295 -0.130081
v 0.671830 1.586234 -0.096753
v 0.672122 1.563134 -0.115824
v 0.672410 1.562880 -0.142955
v 0.667295 1.603048 -0.169581
v 0.665734 1.605256 -0.201195
v 0.673019 1.534024 -0.151886
v 0.672337 1.588613 -0.203629
v 0.672345 1.576794 -0.170112
v 0.672137 1.569646 -0.203528
v 0.635873 1.523354 -0.252520
v 0.670706 1.527245 -0.247012
v 0.640209 1.523531 -0.205155
v 0.671836 1.545053 -0.231878
v 0.583567 1.574399 -0.322343
v 0.584119 1.606881 -0.360771
v 0.583915 1.599590 -0.384004
v 0.583651 1.577549 -0.360883
v 0.584943 1.602023 -0.398843
v 0.583988 1.582377 -0.390449
v 0.648731 1.608455 -0.404004
v 0.656809 1.606092 -0.402338
v 0.673735 1.579929 -0.406069
v 0.674024 1.608259 -0.406387
v 0.673999 1.608541 -0.443656
v 0.673925 1.579066 -0.441437
v 0.645760 1.609018 -0.444326
v 0.597732 1.523571 -0.355222
v 0.583608 1.546125 -0.341561
v 0.634635 1.527957 -0.401818
v 0.662231 1.530970 -0.401841
v 0.588370 1.524257 -0.404091
v 0.608694 1.511567 -0.436033
v 0.635659 1.508161 -0.418236
v 0.634631 1.523561 -0.405643
v 0.461451 1.523373 -0.443881
v 0.469334 1.523945 -0.403317
v 0.606664 1.522887 -0.470727
v 0.458470 1.523591 -0.485012
v 0.673588 1.550939 -0.406172
v 0.657679 1.523735 -0.405632
v 0.673548 1.524078 -0.406605
v 0.674009 1.608496 -0.473675
v 0.669675 1.608092 -0.497304
v 0.645396 1.608493 -0.499986
v 0.644603 1.608871 -0.474523
v 0.673591 1.577968 -0.493224
v 0.673873 1.578418 -0.471784
v 0.652176 1.578268 -0.501399
v 0.570562 1.548567 -0.501248
v 0.457333 1.545678 -0.500805
v 0.640170 1.480259 -0.491918
v 0.630367 1.534980 -0.501159
v 0.673982 1.524018 -0.433342
v 0.673928 1.550347 -0.437908
v 0.663814 1.508740 -0.431206
v 0.663912 1.444719 -0.433121
v 0.633534 1.431276 -0.417947
v 0.665102 1.519467 -0.477346
v 0.664477 1.458966 -0.471707
v 0.673833 1.524025 -0.481263
v 0.673810 1.549611 -0.472520
v 0.673466 1.547670 -0.489885
v 0.608260 0.833935 -0.430842
v 0.608787 0.827505 -0.428714
v 0.608732 0.885318 -0.452256
v 0.608855 0.812951 -0.467328
v 0.623281 0.676832 -0.415192
v 0.631243 0.753805 -0.415737
v 0.626234 0.903861 -0.416425
v 0.470495 0.632908 -0.490860
v 0.469292 0.609084 -0.488105
v 0.578238 0.647070 -0.470424
v 0.608946 0.676241 -0.470614
v 0.620998 0.729612 -0.492965
v 0.608939 0.747641 -0.473247
v 0.651469 0.711156 -0.493078
v 0.609161 0.570274 -0.443055
v 0.619565 0.588387 -0.413882
v 0.582809 0.613894 -0.413063
v 0.579267 0.601955 -0.443018
v 0.629838 0.604419 -0.349262
v 0.600702 0.606921 -0.347112
v 0.575605 0.630824 -0.413307
v 0.600526 0.629783 -0.349299
v 0.573489 0.649841 -0.413543
v 0.425939 0.650451 -0.431791
v 0.449664 0.633162 -0.413704
v 0.600496 0.655266 -0.344686
v 0.616916 0.670078 -0.343887
v 0.577545 0.650321 -0.447136
v 0.608885 0.680491 -0.445619
v 0.661395 0.650328 -0.415350
v 0.654943 0.720504 -0.415698
v 0.659931 0.660588 -0.345507
v 0.659542 0.622555 -0.355593
v 0.643713 0.670073 -0.343916
v 0.600772 0.605483 -0.191379
v 0.568665 0.628367 -0.127951
v 0.599708 0.632407 -0.179109
v 0.632980 0.604793 -0.195449
v 0.564241 0.659513 -0.127008
v 0.599739 0.660145 -0.163943
v 0.629733 0.670300 -0.188182
v 0.662055 0.611711 -0.199831
v 0.655002 0.604100 -0.146550
v 0.654747 0.605569 -0.084063
v 0.662332 0.669626 -0.081983
v 0.663139 0.669509 -0.139855
v 0.664829 0.667781 -0.168079
v 0.656793 0.669871 -0.200233
v 0.663215 0.639415 -0.137852
v 0.662349 0.634785 -0.084397
v 0.676773 0.662833 -0.154728
v 0.678007 0.646853 -0.153392
v 0.666783 0.639059 -0.167764
v 0.662206 0.641368 -0.200771
v 0.661301 0.646907 -0.261996
v 0.661152 0.615125 -0.262931
v 0.651353 0.670069 -0.261649
v 0.620972 0.670172 -0.260546
v 0.600164 0.658840 -0.258588
v 0.600164 0.632260 -0.262409
v 0.601060 0.605183 -0.263292
v 0.633295 0.604648 -0.263290
v 0.661452 0.629633 -0.030613
v 0.651326 0.605546 -0.032189
v 0.661466 0.669676 -0.027073
v 0.664955 0.676024 -0.465278
v 0.664327 0.626320 -0.415672
v 0.664194 0.556635 -0.415267
v 0.664800 0.725897 -0.461678
v 0.652346 0.761002 -0.493038
v 0.650246 0.848013 -0.492955
v 0.664889 0.823921 -0.459998
v 0.622103 0.789034 -0.492955
v 0.619222 0.868866 -0.492757
v 0.609161 0.983475 -0.486711
v 0.646353 0.966349 -0.492908
v 0.608670 1.002484 -0.449669
v 0.608607 1.111760 -0.447910
v 0.609029 1.093504 -0.484791
v 0.627603 1.021638 -0.416521
v 0.628958 1.129542 -0.416897
v 0.664394 1.040366 -0.423793
v 0.664247 1.146673 -0.427313
v 0.663086 0.934147 -0.416466
v 0.664846 0.950653 -0.457999
v 0.664747 1.058205 -0.461577
v 0.644843 1.075463 -0.492919
v 0.642846 1.181543 -0.492866
v 0.664715 1.163567 -0.465214
v 0.608970 1.200156 -0.482461
v 0.608783 1.305419 -0.479479
v 0.641835 1.287659 -0.492615
v 0.608748 1.218196 -0.445959
v 0.608440 1.322408 -0.442316
v 0.630485 1.235081 -0.417534
v 0.632387 1.339124 -0.417324
v 0.664577 1.251472 -0.430368
v 0.664897 1.355671 -0.431759
v 0.664822 1.269394 -0.467395
v 0.664641 1.371816 -0.468886
v 0.640725 1.387466 -0.492435
v 0.608605 1.404089 -0.476228
v 0.608413 1.416965 -0.438938
v 0.664455 0.463448 -0.415378
v 0.637055 0.534884 -0.414681
v 0.639927 0.594881 -0.409561
v 0.610823 0.503188 -0.419491
v 0.609323 0.461291 -0.445851
v 0.609365 0.350315 -0.448573
v 0.581676 0.289098 -0.450511
v 0.513445 0.289061 -0.445784
v 0.511614 0.289002 -0.471957
v 0.391398 0.289034 -0.470680
v 0.390994 0.289077 -0.439361
v 0.510319 0.275738 -0.490038
v 0.391877 0.277905 -0.490366
v 0.510275 0.239624 -0.490030
v 0.392134 0.245442 -0.490377
v 0.513559 0.226674 -0.469202
v 0.392126 0.226803 -0.476644
v 0.583709 0.226620 -0.457680
v 0.393671 0.226684 -0.446907
v 0.246760 0.226724 -0.449976
v 0.247051 0.226789 -0.479482
v 0.398790 0.226834 -0.420452
v 0.246588 0.226826 -0.422253
v 0.392560 0.255151 -0.414108
v 0.246631 0.250701 -0.414178
v 0.390969 0.282563 -0.414221
v 0.246916 0.280143 -0.414275
v 0.247222 0.289137 -0.437079
v 0.114954 0.289003 -0.435716
v 0.115036 0.278797 -0.414282
v 0.247414 0.289087 -0.470075
v 0.115060 0.289021 -0.469048
v 0.247437 0.278265 -0.490841
v 0.115190 0.278287 -0.491072
v 0.247284 0.247418 -0.490770
v 0.115551 0.248542 -0.491035
v 0.116037 0.226765 -0.480825
v 0.116218 0.226733 -0.451864
v 0.115969 0.226877 -0.423636
v 0.115537 0.250199 -0.414221
v 0.664389 0.376222 -0.415252
v 0.664491 0.284919 -0.415318
v 0.665272 0.296623 -0.450410
v 0.665087 0.201913 -0.450408
v 0.664479 0.200473 -0.415311
v 0.664580 0.334170 -0.484269
v 0.664669 0.207300 -0.480477
v 0.664555 0.116595 -0.481467
v 0.664957 0.115090 -0.450718
v 0.646046 0.116404 -0.494738
v 0.618133 0.122835 -0.493302
v 0.609116 0.106770 -0.471443
v 0.640250 0.476530 -0.493184
v 0.608966 0.759172 -0.447488
v 0.282342 0.627747 -0.413237
v 0.262354 0.650327 -0.416647
v 0.457215 0.610977 -0.415348
v 0.300264 0.601846 -0.414811
v 0.162151 0.601837 -0.417610
v 0.148553 0.622887 -0.413146
v 0.314625 0.601587 -0.441496
v 0.460639 0.602371 -0.440384
v 0.320919 0.601530 -0.469901
v 0.462850 0.602512 -0.466655
v 0.347222 0.601877 -0.489410
v 0.360842 0.625960 -0.492734
v 0.261487 0.628263 -0.492627
v 0.160171 0.638006 -0.492700
v 0.183981 0.650311 -0.482573
v 0.108288 0.650377 -0.473336
v 0.097181 0.649500 -0.492486
v 0.204290 0.650402 -0.461583
v 0.118814 0.650502 -0.452524
v 0.054599 0.650445 -0.446611
v 0.051221 0.650371 -0.466091
v 0.127879 0.650533 -0.430133
v 0.227103 0.650443 -0.438798
v 0.057353 0.650387 -0.426112
v 0.059514 0.642129 -0.413310
v 0.137100 0.644603 -0.413193
v 0.060954 0.620803 -0.413179
v 0.061172 0.601811 -0.422096
v 0.145523 1.544421 -0.500719
v 0.145132 1.577974 -0.500760
v 0.145931 1.523501 -0.485102
v 0.302617 1.523462 -0.487407
v 0.302614 1.545633 -0.500785
v 0.146244 1.523360 -0.447063
v 0.302554 1.523286 -0.447572
v 0.302279 1.524043 -0.403356
v 0.146421 1.524046 -0.403342
v 0.301997 1.608793 -0.403306
v 0.145306 1.608793 -0.403454
v 0.453295 1.608728 -0.403344
v 0.302124 1.609109 -0.435513
v 0.145366 1.608978 -0.425794
v 0.454022 1.609131 -0.438909
v 0.558877 1.609119 -0.440818
v 0.454940 1.609051 -0.471308
v 0.302236 1.609110 -0.467742
v 0.556642 1.609031 -0.472623
v 0.608791 1.609012 -0.473860
v 0.609220 1.609124 -0.443091
v 0.555619 1.608564 -0.500499
v 0.455817 1.608609 -0.500694
v 0.611811 1.608553 -0.500601
v 0.617068 1.579650 -0.503516
v 0.558115 1.579609 -0.501060
v 0.655424 1.549601 -0.500945
v 0.456503 1.579049 -0.500818
v 0.302500 1.578453 -0.500810
v 0.302363 1.608572 -0.500611
v 0.145208 1.608682 -0.499062
v 0.144888 1.609095 -0.462437
v 0.604328 1.528006 -0.401462
v 0.583603 1.540653 -0.306585
v 0.598972 1.523518 -0.302638
v 0.603045 1.523510 -0.257193
v 0.583595 1.538409 -0.259648
v 0.583577 1.575027 -0.263698
v 0.592220 1.609069 -0.276874
v 0.672261 1.570296 -0.233943
v 0.672039 1.589333 -0.229758
v 0.667812 1.605230 -0.244179
v 0.673211 1.577653 -0.260110
v 0.665897 1.522816 -0.161831
v 0.671351 1.587832 -0.051592
v 0.642004 1.609089 -0.129422
v 0.671690 1.561932 -0.090979
v 0.671276 1.558837 -0.050866
v 0.670509 1.532694 -0.045256
v 0.671432 1.535165 -0.090208
v 0.649035 1.523522 -0.063757
v 0.653049 1.523480 -0.094779
v 0.620708 1.523399 -0.073197
v 0.621632 1.523382 -0.101143
v 0.617764 1.523421 -0.037880
v 0.616385 1.523453 0.010058
v 0.616850 1.523488 0.047742
v 0.645484 1.466910 0.082816
v 0.583015 1.523875 0.039184
v 0.621359 1.397542 0.082530
v 0.582895 1.555514 0.022751
v 0.582932 1.585723 0.016599
v 0.582744 1.553879 0.051949
v 0.582710 1.580056 0.056930
v 0.570119 1.577344 0.068254
v 0.570306 1.597079 0.068473
v 0.544629 1.574953 0.065839
v 0.545620 1.597429 0.066153
v 0.478254 1.566932 0.059666
v 0.478979 1.596572 0.060054
v 0.478220 1.524048 0.059859
v 0.362185 1.523672 0.057692
v 0.363094 1.560908 0.057066
v 0.477001 1.523436 0.084311
v 0.357195 1.523617 0.090275
v 0.492861 1.523395 0.118763
v 0.353635 1.528121 0.127716
v 0.584895 1.452221 0.124083
v 0.596092 1.378355 0.155394
v 0.594415 1.240602 0.156261
v 0.585304 1.263191 0.132420
v 0.615193 1.353488 0.155899
v 0.606451 1.442454 0.155401
v 0.618692 1.238444 0.156479
v 0.622387 1.124156 0.156999
v 0.595500 1.123833 0.156768
v 0.646457 1.239011 0.156695
v 0.643222 1.351422 0.156294
v 0.649535 1.123985 0.157201
v 0.654332 1.007319 0.157379
v 0.629687 1.006594 0.157244
v 0.659913 1.123064 0.134149
v 0.658613 1.239472 0.136208
v 0.661078 1.008168 0.132270
v 0.662741 0.912256 0.128655
v 0.661986 0.912219 0.151762
v 0.660587 1.008802 0.101062
v 0.659766 1.122086 0.100365
v 0.662688 0.911626 0.101692
v 0.663534 0.833699 0.101077
v 0.663650 0.836771 0.126661
v 0.650082 0.909864 0.083277
v 0.645429 1.009196 0.084961
v 0.652446 0.829331 0.083274
v 0.619578 0.822115 0.083081
v 0.618682 0.905902 0.083113
v 0.616023 1.009206 0.083382
v 0.587018 1.008091 0.083267
v 0.586902 1.122535 0.083152
v 0.615655 1.121225 0.083162
v 0.585500 0.998551 0.112177
v 0.585260 1.123810 0.108891
v 0.585871 1.005175 0.140540
v 0.585358 1.124578 0.136600
v 0.600754 1.006632 0.156986
v 0.585184 1.266602 0.105026
v 0.587506 1.262498 0.082998
v 0.617996 1.243164 0.082909
v 0.645847 1.239390 0.083077
v 0.644754 1.121403 0.083269
v 0.647960 1.359804 0.082732
v 0.657585 1.353091 0.103433
v 0.658645 1.239568 0.102482
v 0.657227 1.443633 0.100558
v 0.656973 1.438038 0.138917
v 0.657559 1.352111 0.137467
v 0.635371 1.437943 0.155779
v 0.601916 1.487166 0.155101
v 0.594690 1.506101 0.154882
v 0.664064 0.767232 0.127839
v 0.664246 0.689979 0.132552
v 0.664866 0.617065 0.135614
v 0.664731 0.524623 0.134222
v 0.664923 0.438294 0.131507
v 0.658376 0.419535 0.159658
v 0.664842 0.456804 0.100868
v 0.664657 0.376770 0.092851
v 0.665007 0.351182 0.127851
v 0.649173 0.475603 0.083301
v 0.642649 0.396690 0.083244
v 0.636218 0.289542 0.083195
v 0.664235 0.267071 0.083570
v 0.607904 0.414444 0.083154
v 0.614979 0.493638 0.083142
v 0.602882 0.312646 0.083120
v 0.587548 0.335742 0.101183
v 0.587663 0.432356 0.097638
v 0.587672 0.358473 0.135663
v 0.587490 0.450663 0.131137
v 0.587923 0.252825 0.136796
v 0.587865 0.171969 0.133043
v 0.599074 0.274150 0.159695
v 0.598616 0.379678 0.159603
v 0.598386 0.191323 0.159889
v 0.596139 0.125736 0.159745
v 0.629059 0.206597 0.160293
v 0.629764 0.297663 0.160048
v 0.627015 0.138889 0.160256
v 0.657222 0.149402 0.159713
v 0.657666 0.223665 0.159678
v 0.655958 0.097069 0.159926
v 0.654508 0.055906 0.159631
v 0.664993 0.096418 0.128266
v 0.664901 0.159265 0.128892
v 0.665062 0.243844 0.125265
v 0.658598 0.323748 0.159560
v 0.629637 0.400159 0.160083
v 0.596995 0.469293 0.159668
v 0.587824 0.509897 0.092930
v 0.279087 1.523787 0.056596
v 0.278428 1.560694 0.056406
v 0.226541 1.525965 0.058033
v 0.278333 1.592147 0.056496
v 0.363888 1.592524 0.057173
v 0.364689 1.609130 0.070697
v 0.277716 1.609108 0.067180
v 0.477505 1.609167 0.077077
v 0.549561 1.609039 0.078707
v 0.566161 1.609209 0.109138
v 0.595018 1.609048 0.102873
v 0.574702 1.608824 0.075996
v 0.275427 1.609078 0.089643
v 0.590135 1.523584 -0.105463
v 0.542605 1.523568 -0.107207
v 0.466667 1.523525 -0.105874
v 0.466067 1.523544 -0.139120
v 0.468073 1.523817 -0.076101
v 0.469079 1.552470 -0.068393
v 0.378886 1.529997 -0.068495
v 0.379972 1.523502 -0.101266
v 0.378554 1.559041 -0.068318
v 0.378270 1.591999 -0.068447
v 0.469407 1.588444 -0.068381
v 0.313706 1.563399 -0.068395
v 0.261845 1.568534 -0.068410
v 0.203042 1.574063 -0.068366
v 0.137093 1.576245 -0.068492
v 0.133884 1.549479 -0.068436
v 0.065448 1.576926 -0.068591
v 0.063543 1.552012 -0.068413
v 0.066888 1.599306 -0.072176
v 0.067168 1.608171 -0.092559
v 0.067102 1.608957 -0.118833
v 0.066870 1.609111 -0.149687
v 0.065433 1.602578 -0.176825
v 0.062822 1.576161 -0.177121
v 0.129604 1.575409 -0.177125
v 0.059185 1.545081 -0.177083
v 0.125029 1.544630 -0.177137
v 0.190291 1.542673 -0.177074
v 0.187847 1.523505 -0.166081
v 0.194244 1.573262 -0.177151
v 0.253157 1.572976 -0.177114
v 0.249806 1.542375 -0.177057
v 0.312336 1.574443 -0.177109
v 0.310476 1.543281 -0.177064
v 0.383611 1.577078 -0.177143
v 0.383963 1.545952 -0.177090
v 0.382440 1.602546 -0.176996
v 0.466594 1.602516 -0.176851
v 0.466380 1.581046 -0.177181
v 0.381111 1.609076 -0.149490
v 0.467086 1.609148 -0.145656
v 0.380402 1.609168 -0.115280
v 0.467820 1.609113 -0.110587
v 0.379419 1.609037 -0.083971
v 0.468932 1.609006 -0.080603
v 0.536571 1.609047 -0.140869
v 0.593041 1.609008 -0.132151
v 0.466214 1.549520 -0.177142
v 0.465814 1.523885 -0.169042
v 0.382804 1.523699 -0.167091
v 0.378536 1.523427 -0.134797
v 0.176194 1.528272 -0.068523
v 0.672015 1.535803 -0.115779
v 0.382150 1.305243 -0.124264
v 0.415385 1.256457 -0.124425
v 0.405151 1.249906 -0.113712
v 0.433748 1.268232 -0.124471
v 0.469943 1.192431 -0.124398
v 0.450983 1.187860 -0.124465
v 0.483816 1.195407 -0.115509
v 0.484823 1.104742 -0.114623
v 0.475888 1.104601 -0.125046
v 0.476517 1.194586 -0.098236
v 0.484560 1.104970 -0.097405
v 0.457297 1.189326 -0.093811
v 0.467814 1.104846 -0.093212
v 0.445536 1.187674 -0.098576
v 0.448006 1.105257 -0.096373
v 0.408558 1.252038 -0.095593
v 0.445340 1.187972 -0.114297
v 0.447760 1.105259 -0.113435
v 0.458404 1.104692 -0.124951
v 0.456251 1.018226 -0.125393
v 0.447395 1.018221 -0.113398
v 0.475679 1.018224 -0.125338
v 0.475754 0.930642 -0.126117
v 0.455691 0.930333 -0.126109
v 0.485565 1.018213 -0.113798
v 0.486505 0.930380 -0.113139
v 0.485459 1.018213 -0.095755
v 0.484465 0.930196 -0.092468
v 0.466618 1.018167 -0.092341
v 0.466275 0.930256 -0.091385
v 0.447663 1.018234 -0.095897
v 0.447588 0.930254 -0.092565
v 0.446616 0.930204 -0.112881
v 0.445935 0.842463 -0.113443
v 0.446315 0.842456 -0.094619
v 0.455255 0.842324 -0.127044
v 0.454782 0.762268 -0.127862
v 0.445547 0.762576 -0.114285
v 0.475783 0.842250 -0.126885
v 0.475027 0.762062 -0.127672
v 0.487590 0.842188 -0.114181
v 0.486634 0.842219 -0.094716
v 0.465898 0.842282 -0.090471
v 0.445807 0.762572 -0.095247
v 0.445437 0.692231 -0.095974
v 0.445144 0.694515 -0.115112
v 0.444946 0.629115 -0.115504
v 0.445184 0.624987 -0.096368
v 0.454442 0.696668 -0.128578
v 0.453181 0.635619 -0.129186
v 0.451648 0.563756 -0.129670
v 0.444760 0.554816 -0.116076
v 0.452602 0.472690 -0.130294
v 0.444978 0.461982 -0.117513
v 0.471496 0.486137 -0.130492
v 0.474654 0.387700 -0.130743
v 0.454441 0.372926 -0.130498
v 0.489636 0.400816 -0.123292
v 0.489659 0.310709 -0.120860
v 0.476942 0.300048 -0.130783
v 0.490350 0.410660 -0.104095
v 0.490226 0.317079 -0.100881
v 0.486817 0.420427 -0.086434
v 0.484538 0.322624 -0.085140
v 0.470411 0.430463 -0.085944
v 0.468078 0.328868 -0.085078
v 0.452746 0.440888 -0.086368
v 0.451169 0.339275 -0.085611
v 0.444861 0.451270 -0.098073
v 0.444893 0.349006 -0.099055
v 0.444953 0.548342 -0.096930
v 0.445192 0.359916 -0.118847
v 0.490123 0.243219 -0.095568
v 0.490158 0.237562 -0.116203
v 0.489938 0.185220 -0.089407
v 0.490380 0.186381 -0.109301
v 0.478219 0.116023 -0.083277
v 0.490370 0.124872 -0.099213
v 0.489666 0.131400 -0.122559
v 0.484690 0.187223 -0.130100
v 0.480281 0.229774 -0.130431
v 0.107736 0.708963 0.080414
v 0.107624 0.679186 0.075587
v 0.108111 0.726141 0.096529
v 0.226646 0.726014 0.096821
v 0.226809 0.709413 0.080294
v 0.108097 0.725814 0.127524
v 0.226100 0.725867 0.127569
v 0.108087 0.701140 0.134938
v 0.108749 0.659226 0.143597
v 0.108410 0.677768 0.141684
v 0.108195 0.659041 0.123042
v 0.224949 0.659047 0.122995
v 0.225558 0.659251 0.143685
v 0.108061 0.659076 0.101063
v 0.225505 0.659052 0.100946
v 0.107894 0.659281 0.081484
v 0.225987 0.659222 0.081373
v 0.226492 0.679388 0.075698
v 0.313596 0.658897 0.101046
v 0.313491 0.658973 0.123065
v 0.376831 0.658864 0.101494
v 0.375180 0.658906 0.123484
v 0.428359 0.658964 0.101632
v 0.428605 0.658957 0.124009
v 0.487242 0.658933 0.102450
v 0.490169 0.658957 0.127961
v 0.482026 0.659187 0.080931
v 0.551341 0.659196 0.078300
v 0.475527 0.677016 0.075512
v 0.546886 0.675469 0.075714
v 0.479643 0.659149 0.145369
v 0.225239 0.677986 0.141630
v 0.225721 0.701726 0.134804
v 0.315188 0.726036 0.096241
v 0.604726 0.093140 -0.015239
v 0.604563 0.069708 -0.015277
v 0.604697 0.092302 -0.108650
v 0.604692 0.063240 -0.108583
v 0.632904 0.098526 -0.108659
v 0.631196 0.098365 -0.207768
v 0.604707 0.092153 -0.207825
v 0.656573 0.088297 -0.108586
v 0.656506 0.090868 -0.207735
v 0.656777 0.057742 -0.108546
v 0.656708 0.062415 -0.207683
v 0.643755 0.038250 -0.108571
v 0.647906 0.038372 -0.207794
v 0.615611 0.038435 -0.108588
v 0.619102 0.038197 -0.207778
v 0.604754 0.060439 -0.207860
v 0.604681 0.058528 -0.301513
v 0.624769 0.038089 -0.301270
v 0.604771 0.092347 -0.301746
v 0.656400 0.044528 -0.301307
v 0.117879 0.713949 -0.397325
v 0.248534 0.715774 -0.394421
v 0.230368 0.712893 -0.434194
v 0.261618 0.735547 -0.371039
v 0.119510 0.711284 -0.459083
v 0.129105 0.707780 -0.502652
v 0.137299 0.681576 -0.509458
v 0.232405 0.704404 -0.510999
v 0.236604 0.681650 -0.508469
v 0.229364 0.710497 -0.476875
v 0.242332 0.681147 -0.476336
v 0.146494 0.681149 -0.478471
v 0.247082 0.680958 -0.440657
v 0.158694 0.680980 -0.442467
v 0.251272 0.680965 -0.394872
v 0.167944 0.680981 -0.395810
v 0.255784 0.681123 -0.334669
v 0.175069 0.681127 -0.335971
v 0.314849 0.681141 -0.334662
v 0.353000 0.681203 -0.336036
v 0.316940 0.681424 -0.258345
v 0.258881 0.681403 -0.257998
v 0.356701 0.681553 -0.257959
v 0.391122 0.687858 -0.254825
v 0.383144 0.681367 -0.339808
v 0.358974 0.681846 -0.191159
v 0.318202 0.681689 -0.194126
v 0.391106 0.691874 -0.186388
v 0.372226 0.715816 -0.181087
v 0.379552 0.714591 -0.251268
v 0.390827 0.693199 -0.139483
v 0.360620 0.682069 -0.145186
v 0.369593 0.714880 -0.133237
v 0.324139 0.715802 -0.126505
v 0.328723 0.716564 -0.173925
v 0.365748 0.709582 -0.099830
v 0.390349 0.693885 -0.115570
v 0.321943 0.704641 -0.094610
v 0.320031 0.682564 -0.093099
v 0.352566 0.691654 -0.089266
v 0.259752 0.699959 -0.092552
v 0.257867 0.682537 -0.096622
v 0.261028 0.715582 -0.118642
v 0.172573 0.715022 -0.109449
v 0.172320 0.696018 -0.090199
v 0.172808 0.682530 -0.099434
v 0.256381 0.682176 -0.123354
v 0.318738 0.682202 -0.118397
v 0.256248 0.681896 -0.154591
v 0.318638 0.681950 -0.149554
v 0.258900 0.681654 -0.196456
v 0.177298 0.681408 -0.258356
v 0.073858 0.681395 -0.258226
v 0.073262 0.681144 -0.335773
v 0.066502 0.680981 -0.396920
v 0.047571 0.680959 -0.441296
v 0.360901 0.682271 -0.113554
v 0.390087 0.702398 -0.342631
v 0.020239 0.272504 -0.130229
v 0.021667 0.320263 -0.130733
v 0.016342 0.311716 -0.107200
v 0.044318 0.328344 -0.131380
v 0.046387 0.400836 -0.131263
v 0.023506 0.388282 -0.130761
v 0.058925 0.335538 -0.118720
v 0.059044 0.413049 -0.117365
v 0.058897 0.513139 -0.114742
v 0.048334 0.498788 -0.130949
v 0.058706 0.425389 -0.093405
v 0.058651 0.342800 -0.094637
v 0.058739 0.527130 -0.090842
v 0.038860 0.540940 -0.082074
v 0.040115 0.439802 -0.082055
v 0.017027 0.554471 -0.088339
v 0.017038 0.455422 -0.087905
v 0.017310 0.632221 -0.086822
v 0.021277 0.698561 -0.082782
v 0.016376 0.644634 -0.110300
v 0.016311 0.567255 -0.111833
v 0.016329 0.470057 -0.111877
v 0.027386 0.580079 -0.130391
v 0.025353 0.484203 -0.130714
v 0.051442 0.591892 -0.130579
v 0.016349 0.376157 -0.110012
v 0.017070 0.363503 -0.086735
v 0.020038 0.303879 -0.082707
v 0.040639 0.352622 -0.081987
v 0.021359 0.766377 -0.083129
v 0.016748 0.840502 -0.089179
v 0.041039 0.839462 -0.083412
v 0.016262 0.840533 -0.112694
v 0.016456 0.929486 -0.115015
v 0.016433 0.929606 -0.091231
v 0.029199 0.840344 -0.130216
v 0.030331 0.929090 -0.130168
v 0.030848 1.032010 -0.129763
v 0.016543 1.032154 -0.115253
v 0.057484 0.928723 -0.129392
v 0.057529 0.839267 -0.129543
v 0.057345 1.032058 -0.129158
v 0.056950 1.140298 -0.129149
v 0.032109 1.140020 -0.129466
v 0.058849 1.032141 -0.098826
v 0.058889 0.928698 -0.099153
v 0.058714 1.140311 -0.098090
v 0.058651 1.247895 -0.094561
v 0.058696 1.247813 -0.118926
v 0.038871 1.140157 -0.084910
v 0.039189 1.032251 -0.084369
v 0.036359 1.247880 -0.085753
v 0.027485 1.350651 -0.086663
v 0.049368 1.350837 -0.086625
v 0.016212 1.247724 -0.095577
v 0.016411 1.139988 -0.092748
v 0.016061 1.350834 -0.104812
v 0.023140 1.350709 -0.128474
v 0.016289 1.445628 -0.095714
v 0.016394 1.247627 -0.119582
v 0.016381 1.139945 -0.116347
v 0.037939 1.247615 -0.129162
v 0.046883 1.350399 -0.128585
v 0.058715 1.350523 -0.109798
v 0.016590 1.032272 -0.092078
v 0.039880 0.928981 -0.083599
v 0.058825 0.834100 -0.100211
v 0.015768 1.513617 -0.104199
v 0.062777 0.192347 -0.111579
v 0.062526 0.198403 -0.083024
v 0.089050 0.192401 -0.115114
v 0.089522 0.192620 -0.087459
v 0.125666 0.192474 -0.115948
v 0.125752 0.192658 -0.088370
v 0.125608 0.206293 -0.131924
v 0.185591 0.206223 -0.131899
v 0.185529 0.192483 -0.116575
v 0.125979 0.223269 -0.124359
v 0.185329 0.223615 -0.125428
v 0.126462 0.223372 -0.102317
v 0.184904 0.223554 -0.103257
v 0.126851 0.217158 -0.082706
v 0.184661 0.217132 -0.082772
v 0.185119 0.192700 -0.088881
v 0.269358 0.192851 -0.089033
v 0.269002 0.217255 -0.082831
v 0.269425 0.192661 -0.116777
v 0.340331 0.192826 -0.117229
v 0.339759 0.192947 -0.089236
v 0.269332 0.206254 -0.131977
v 0.340671 0.206246 -0.131946
v 0.269068 0.223793 -0.125905
v 0.340507 0.224085 -0.126383
v 0.268902 0.223765 -0.103662
v 0.339634 0.224001 -0.104150
v 0.339359 0.217481 -0.082959
v 0.391066 0.224317 -0.106164
v 0.391025 0.224350 -0.126948
v 0.046634 0.041764 0.012513
v 0.048391 0.017853 0.010684
v 0.052658 0.033885 0.108832
v 0.054360 0.012475 0.107776
v 0.032224 0.041039 0.110265
v 0.016410 0.028687 0.110565
v 0.016265 0.006840 0.109321
v 0.038553 0.001775 0.108067
v 0.030276 0.002736 0.010791
v 0.238614 1.755733 -0.169952
v 0.235395 1.834266 0.018371
v 0.208566 1.834297 0.022018
v 0.265891 1.834625 0.017787
v 0.266030 1.893520 0.018675
v 0.236657 1.893718 0.018089
v 0.143017 1.787823 0.078075
v 0.142034 1.793636 0.098082
v 0.142961 1.766206 0.080601
v 0.096523 1.764273 0.080937
v 0.096442 1.786270 0.078206
v 0.050486 1.764477 0.081066
v 0.050214 1.785885 0.078289
v 0.049897 1.753968 0.098439
v 0.048397 1.793525 0.095715
v 0.094940 1.793549 0.096050
v 0.094392 1.837930 0.088159
v 0.161382 1.840280 0.089080
v 0.091502 1.674504 0.084642
v 0.092581 1.690246 0.065458
v 0.079279 1.679004 0.118820
v 0.077732 1.682573 0.141782
v 0.082071 1.663675 0.096235
v 0.085712 1.631348 0.084158
v 0.091368 1.630147 0.071140
v 0.052944 1.661589 0.095658
v 0.050421 1.677612 0.116444
v 0.056412 1.631933 0.083683
v 0.059104 1.596153 0.097009
v 0.056724 1.578886 0.124118
v 0.055235 1.577921 0.150680
v 0.053459 1.587618 0.175447
v 0.052159 1.608241 0.193479
v 0.051442 1.635666 0.197092
v 0.050402 1.661271 0.186367
v 0.049412 1.677184 0.165196
v 0.077175 1.677119 0.165141
v 0.091594 1.689484 0.169350
v 0.049372 1.682653 0.140801
v 0.093934 1.630678 0.041563
v 0.115427 1.602458 0.186148
v 0.118616 1.627623 0.175176
v 0.114791 1.580058 0.204437
v 0.114982 1.568224 0.172542
v 0.114814 1.595186 0.158043
v 0.114677 1.546336 0.182774
v 0.114615 1.539986 0.135935
v 0.128085 1.624191 0.145892
v 0.253358 1.809615 0.104224
v 0.232263 1.625294 0.192994
v 0.632212 1.569379 0.173009
v 0.632221 1.556992 0.172072
v 0.459656 0.797615 0.120453
v 0.459929 0.843781 0.120849
v 0.459050 0.797591 0.170262
v 0.309914 0.797613 0.170186
v 0.309908 0.797611 0.120488
v 0.459290 0.843710 0.158687
v 0.309909 0.843701 0.161242
v 0.309939 0.843754 0.120788
v 0.154627 0.843754 0.120749
v 0.154510 0.843612 0.162005
v 0.154464 0.797704 0.120447
v 0.154479 0.797597 0.170092
v 0.046997 1.349317 0.012654
v 0.112361 1.314774 -0.001833
v 0.109409 1.314535 0.033341
v 0.110677 1.349283 0.017521
v 0.108628 1.349256 0.073166
v 0.049087 1.349102 0.073040
v 0.219707 1.349307 0.020395
v 0.218263 1.314807 -0.001921
v 0.219952 1.349221 0.073073
v 0.218649 1.314658 0.066813
v 0.109714 1.314651 0.065833
v 0.298424 1.349188 0.072972
v 0.297149 1.349292 0.021310
v 0.299712 1.320013 0.073318
v 0.218306 1.314533 0.036567
v 0.354052 1.321057 0.073389
v 0.352293 1.349225 0.073114
v 0.320234 0.978825 0.031059
v 0.321001 0.978936 0.058564
v 0.322579 0.978935 0.086661
v 0.273325 0.978803 0.086693
v 0.238173 0.978817 0.086771
v 0.274326 0.938785 0.087481
v 0.238529 0.938728 0.087485
v 0.209594 0.938770 0.087400
v 0.207619 0.978887 0.086715
v 0.180469 0.978922 0.086667
v 0.176755 0.979326 0.066363
v 0.182532 0.938747 0.087398
v 0.158446 0.938720 0.087403
v 0.156030 0.978953 0.086623
v 0.157593 0.939057 0.067449
v 0.134896 0.938822 0.066888
v 0.133854 0.938725 0.087404
v 0.156382 0.939518 0.048049
v 0.134660 0.939210 0.045647
v 0.108566 0.938750 0.087401
v 0.131853 0.978951 0.086608
v 0.107438 0.978904 0.086630
v 0.110215 0.938749 0.065755
v 0.081524 0.938753 0.087389
v 0.053873 0.938747 0.087373
v 0.081025 0.978874 0.086622
v 0.054435 0.978846 0.086612
v 0.027683 0.978829 0.086769
v 0.027333 0.938741 0.087357
v 0.134397 0.979124 0.065522
v 0.154175 0.979321 0.066604
v 0.198514 0.878905 0.013816
v 0.218329 0.835979 0.015089
v 0.197810 0.823417 0.014036
v 0.226509 0.849297 0.013330
v 0.214674 0.861759 0.021350
v 0.215883 0.800263 0.021474
v 0.195681 0.870812 0.021387
v 0.196522 0.812295 0.021418
v 0.197230 0.742278 0.021628
v 0.216594 0.730156 0.021658
v 0.198677 0.668650 0.022023
v 0.214398 0.667996 0.021807
v 0.197986 0.593775 0.022207
v 0.214401 0.603141 0.021643
v 0.204316 0.593465 0.014287
v 0.199349 0.511883 0.022737
v 0.222765 0.510387 0.022469
v 0.203515 0.512397 0.013947
v 0.203492 0.428663 0.014568
v 0.201407 0.428706 0.023360
v 0.221506 0.511990 0.010805
v 0.222517 0.428820 0.008554
v 0.220608 0.596454 0.013051
v 0.226869 0.428829 0.019182
v 0.226760 0.331600 0.023150
v 0.219513 0.333616 0.013398
v 0.202998 0.344104 0.023821
v 0.204098 0.344680 0.014314
v 0.206492 0.279271 0.013971
v 0.212833 0.280462 0.023162
v 0.220920 0.259457 0.010799
v 0.032092 1.118995 -0.001411
v 0.086260 1.118087 -0.001360
v 0.150816 1.112900 0.003582
v 0.160454 1.112698 0.026045
v 0.139909 1.134251 -0.001542
v 0.128047 1.146407 0.013477
v 0.185913 1.146455 0.011167
v 0.115857 1.146433 0.037220
v 0.177336 1.146427 0.034357
v 0.169019 1.127105 0.042237
v 0.221211 1.146368 0.031555
v 0.224269 1.146296 0.008518
v 0.249267 1.146305 0.027890
v 0.250359 1.146193 0.006426
v 0.053975 1.039444 -0.020469
v 0.185823 0.715454 0.164697
v 0.235749 0.715115 0.168045
v 0.248473 0.722468 0.177766
v 0.219653 0.725771 0.159249
v 0.182281 0.726043 0.152329
v 0.104644 0.724876 0.148049
v 0.103177 0.715396 0.165622
v 0.183334 0.724103 0.172536
v 0.229952 0.723766 0.172992
v 0.102499 0.724394 0.170815
v 0.102112 0.719516 0.196758
v 0.183864 0.719271 0.198383
v 0.102405 0.715273 0.225477
v 0.103918 0.709723 0.191739
v 0.103658 0.704902 0.214685
v 0.101488 0.678781 0.221437
v 0.100240 0.649920 0.227516
v 0.190618 0.649937 0.228517
v 0.190226 0.649831 0.257729
v 0.099353 0.649821 0.256367
v 0.271177 0.649922 0.229445
v 0.272027 0.649760 0.258515
v 0.370046 0.649823 0.229413
v 0.370217 0.649771 0.258774
v 0.369871 0.650166 0.293701
v 0.272017 0.650164 0.293630
v 0.189321 0.650151 0.293589
v 0.099225 0.650198 0.293540
v 0.100745 0.681856 0.293385
v 0.102887 0.700067 0.304767
v 0.105589 0.670085 0.319201
v 0.109940 0.625425 0.333300
v 0.184817 0.625384 0.333207
v 0.186177 0.554140 0.367749
v 0.111543 0.553063 0.368416
v 0.237275 0.629919 0.331707
v 0.269078 0.633814 0.337124
v 0.238306 0.637957 0.340183
v 0.235210 0.692807 0.323733
v 0.187067 0.697324 0.322088
v 0.234577 0.712252 0.283006
v 0.185869 0.712818 0.280536
v 0.191534 0.642593 0.338860
v 0.122119 0.648747 0.337182
v 0.112251 0.701673 0.320088
v 0.202133 0.553222 0.382105
v 0.131315 0.549700 0.385207
v 0.133393 0.489602 0.465348
v 0.205723 0.492360 0.462553
v 0.137067 0.418904 0.478699
v 0.111758 0.514775 0.405553
v 0.112429 0.499096 0.415815
v 0.187186 0.513476 0.407203
v 0.186927 0.498772 0.414702
v 0.187242 0.487862 0.392363
v 0.114862 0.489529 0.395140
v 0.191616 0.436743 0.364611
v 0.124481 0.439965 0.364811
v 0.198197 0.381606 0.383942
v 0.130320 0.381927 0.383734
v 0.242975 0.381906 0.384438
v 0.245169 0.370177 0.436888
v 0.201446 0.370260 0.437872
v 0.248471 0.391241 0.392513
v 0.251161 0.381896 0.433921
v 0.199389 0.393368 0.390075
v 0.199479 0.383078 0.436044
v 0.129556 0.394077 0.389204
v 0.126982 0.383236 0.437152
v 0.123227 0.437220 0.376265
v 0.119669 0.462760 0.384381
v 0.116940 0.453485 0.396401
v 0.116061 0.432648 0.423644
v 0.205101 0.433294 0.424755
v 0.116621 0.440548 0.456694
v 0.118868 0.444195 0.470420
v 0.122766 0.417968 0.466742
v 0.203843 0.418866 0.478437
v 0.134713 0.370564 0.438704
v 0.105142 0.712867 0.275262
v 0.185220 0.714724 0.230482
v 0.233904 0.714181 0.232444
v 0.232211 0.718897 0.198328
v 0.346562 0.347582 0.409852
v 0.346393 0.250165 0.410852
v 0.356490 0.253381 0.389622
v 0.346370 0.251861 0.443205
v 0.346333 0.145370 0.408936
v 0.354915 0.250512 0.472050
v 0.384749 0.250735 0.471956
v 0.398174 0.250836 0.448341
v 0.398223 0.252134 0.412806
v 0.397938 0.151518 0.407122
v 0.384015 0.154194 0.390054
v 0.384956 0.262990 0.389466
v 0.357784 0.154550 0.391287
v 0.255654 0.121401 0.407761
v 0.133643 0.121253 0.407639
v 0.133616 0.075917 0.407867
v 0.133137 0.119759 0.454160
v 0.133279 0.075928 0.454173
v 0.347196 0.006191 0.395514
v 0.629311 1.572335 0.171207
v 0.252921 1.828424 0.114586
v 0.063302 0.981360 0.025341
v 0.088280 0.984800 0.029838
v 0.165050 0.957724 0.018366
v 0.022888 1.016141 0.015725
v 0.029262 1.014256 0.014924
v 0.059801 1.019973 0.012778
v 0.583076 1.523768 0.063463
v 0.664620 0.032336 -0.415678
v 0.664093 0.707894 -0.415853
v 0.603735 1.528266 -0.402156
v 0.623249 1.573185 0.173960
v 0.664415 0.655374 -0.415763
v -0.126284 0.987595 0.016194
v -0.126047 0.988679 0.015959
v -0.126302 0.988677 0.015924
v -0.126492 0.992473 0.015782
v -0.126255 0.992483 0.015751
v -0.126205 0.990919 0.015814
v -0.126302 0.988677 0.015924
v -0.126047 0.988679 0.015959
v -0.126205 0.990919 0.015814
v -0.085836 0.951412 -0.024659
v -0.085812 0.953726 -0.024681
v -0.086262 0.953731 -0.024771
v -0.025092 0.975526 -0.025923
v -0.025131 0.975789 -0.026014
v -0.025062 0.974228 -0.025999
v -0.003180 0.977229 -0.026341
v -0.029199 0.935399 0.018901
v -0.029438 0.926390 0.018652
v -0.029265 0.926391 0.018532
v -0.091868 1.368838 0.053099
v -0.093958 1.367051 0.055118
v -0.100111 1.366699 0.054817
v -0.155774 0.562867 -0.022223
v -0.155743 0.573570 -0.022316
v -0.155748 0.573536 -0.022328
v -0.155345 0.224321 -0.018607
v -0.155759 0.225928 -0.020019
v -0.155841 0.227947 -0.020383
v -0.156043 0.449613 -0.023239
v -0.156482 0.433345 -0.021425
v -0.156016 0.428049 -0.023253
v -0.155572 0.645160 -0.023031
v -0.155526 0.648684 -0.022967
v -0.155590 0.626753 -0.022777
v -0.156127 0.498260 -0.021825
v -0.155746 0.513959 -0.023116
v -0.156008 0.519989 -0.021959
v -0.155774 0.562867 -0.022223
v -0.155713 0.584000 -0.022407
v -0.155723 0.583476 -0.022426
v -0.155345 0.224321 -0.018607
v -0.155368 0.221538 -0.018681
v -0.155315 0.218669 -0.018493
v -0.386544 0.726012 0.046536
v -0.402457 0.723487 0.056310
v -0.390116 0.699207 0.055176
v -0.084381 1.018062 0.018150
v -0.092486 1.025400 0.004462
v -0.081226 1.021728 0.011855
v -0.113696 0.993072 0.016341
v -0.113696 0.993072 0.016341
v -0.130477 0.976646 0.016611
v -0.136901 0.986814 0.017806
v -0.113696 0.993072 0.016341
v -0.130477 0.976646 0.016611
v -0.136901 0.986814 0.017806
v -0.010993 1.026943 0.025141
v -0.017692 1.028545 0.028110
v -0.018699 1.022065 0.019538
v -0.206552 0.279271 0.013971
v -0.212894 0.280462 0.023162
v -0.197060 0.238453 0.017998
v -0.140751 1.619076 0.212455
v -0.134567 1.627299 0.209261
v -0.141314 1.625668 0.208518
v -0.006374 1.544228 0.142212
v -0.014434 1.539662 0.130591
v -0.010267 1.544055 0.134402
v -0.012908 1.544974 0.125606
v -0.010267 1.544055 0.134402
v -0.014434 1.539662 0.130591
v -0.010923 1.719839 0.132709
v -0.018899 1.722983 0.151654
v -0.004800 1.724233 0.140705
v -0.048022 1.661064 0.244776
v -0.049488 1.619169 0.249422
v -0.057420 1.638646 0.249863
v -0.673400 1.593687 -0.283992
v -0.673312 1.593600 -0.283521
v -0.673425 1.593330 -0.282415
v -0.673079 1.534024 -0.151886
v -0.677681 1.537112 -0.150076
v -0.677845 1.530145 -0.156944
v -0.673079 1.534024 -0.151886
v -0.677845 1.530145 -0.156944
v -0.665957 1.522816 -0.161831
v -0.090660 1.756888 0.135470
v -0.085885 1.738632 0.147424
v -0.083616 1.748783 0.138181
v -0.085885 1.738632 0.147424
v -0.085905 1.743027 0.141251
v -0.087512 1.727159 0.141454
v -0.085885 1.738632 0.147424
v -0.086584 1.733097 0.141400
v -0.083616 1.748783 0.138181
v -0.113722 0.981961 0.033846
v -0.113696 0.993072 0.016341
v -0.107591 0.985600 0.021726
v -0.212894 0.280462 0.023162
v -0.224405 0.252060 0.020493
v -0.223754 0.255694 0.022759
v -0.212894 0.280462 0.023162
v -0.223754 0.255694 0.022759
v -0.220569 0.271255 0.023702
v -0.226820 0.331600 0.023150
v -0.059601 1.019955 0.012305
v -0.222488 0.206559 0.006109
v -0.223435 0.219119 0.005964
v -0.224334 0.216196 0.008806
v -0.057420 1.638646 0.249863
v -0.048022 1.661064 0.244776
v -0.049488 1.619169 0.249422
v -0.057521 1.639409 0.250019
v -0.049188 1.619611 0.248649
v 0.126241 0.988677 0.015924
v 0.125986 0.988679 0.015959
v 0.126224 0.987595 0.016194
v 0.126144 0.990919 0.015814
v 0.126194 0.992483 0.015751
v 0.126431 0.992473 0.015782
v 0.126144 0.990919 0.015814
v 0.125986 0.988679 0.015959
v 0.126241 0.988677 0.015924
v 0.086202 0.953731 -0.024771
v 0.085751 0.953726 -0.024681
v 0.085776 0.951412 -0.024659
v 0.025002 0.974228 -0.025999
v 0.025071 0.975789 -0.026014
v 0.025031 0.975526 -0.025923
v 0.003119 0.977229 -0.026341
v 0.029204 0.926391 0.018532
v 0.029378 0.926390 0.018652
v 0.029139 0.935399 0.018901
v 0.100050 1.366699 0.054817
v 0.093898 1.367051 0.055118
v 0.091807 1.368838 0.053099
v 0.155687 0.573536 -0.022328
v 0.155683 0.573570 -0.022316
v 0.155713 0.562867 -0.022223
v 0.155781 0.227947 -0.020383
v 0.155699 0.225928 -0.020019
v 0.155285 0.224321 -0.018607
v 0.155955 0.428049 -0.023253
v 0.156421 0.433345 -0.021425
v 0.155982 0.449613 -0.023239
v 0.155529 0.626753 -0.022777
v 0.155466 0.648684 -0.022967
v 0.155511 0.645160 -0.023031
v 0.155948 0.519989 -0.021959
v 0.155686 0.513959 -0.023116
v 0.156066 0.498260 -0.021825
v 0.155663 0.583476 -0.022426
v 0.155652 0.584000 -0.022407
v 0.155713 0.562867 -0.022223
v 0.155254 0.218669 -0.018493
v 0.155307 0.221538 -0.018681
v 0.155285 0.224321 -0.018607
v 0.390056 0.699207 0.055176
v 0.402397 0.723487 0.056310
v 0.386484 0.726012 0.046536
v 0.081165 1.021728 0.011855
v 0.092426 1.025400 0.004462
v 0.084321 1.018062 0.018150
v 0.113635 0.993072 0.016341
v 0.136841 0.986814 0.017806
v 0.130416 0.976646 0.016611
v 0.113635 0.993072 0.016341
v 0.136841 0.986814 0.017806
v 0.130416 0.976646 0.016611
v 0.113635 0.993072 0.016341
v 0.018639 1.022065 0.019538
v 0.017632 1.028545 0.028110
v 0.010933 1.026943 0.025141
v 0.196999 0.238453 0.017998
v 0.212833 0.280462 0.023162
v 0.206492 0.279271 0.013971
v 0.141253 1.625668 0.208518
v 0.134506 1.627299 0.209261
v 0.140690 1.619076 0.212455
v 0.010206 1.544055 0.134402
v 0.014373 1.539662 0.130591
v 0.006313 1.544228 0.142212
v 0.014373 1.539662 0.130591
v 0.010206 1.544055 0.134402
v 0.012848 1.544974 0.125606
v 0.004740 1.724233 0.140705
v 0.018839 1.722983 0.151654
v 0.010862 1.719839 0.132709
v 0.057359 1.638646 0.249863
v 0.049428 1.619169 0.249422
v 0.047961 1.661064 0.244776
v 0.673365 1.593330 -0.282415
v 0.673251 1.593600 -0.283521
v 0.673339 1.593687 -0.283992
v 0.677785 1.530145 -0.156944
v 0.677621 1.537112 -0.150076
v 0.673019 1.534024 -0.151886
v 0.665897 1.522816 -0.161831
v 0.677785 1.530145 -0.156944
v 0.673019 1.534024 -0.151886
v 0.083556 1.748783 0.138181
v 0.085824 1.738632 0.147424
v 0.090600 1.756888 0.135470
v 0.085824 1.738632 0.147424
v 0.107530 0.985600 0.021726
v 0.113635 0.993072 0.016341
v 0.113661 0.981961 0.033846
v 0.223693 0.255694 0.022759
v 0.224345 0.252060 0.020493
v 0.212833 0.280462 0.023162
v 0.220508 0.271255 0.023702
v 0.223693 0.255694 0.022759
v 0.212833 0.280462 0.023162
v 0.226760 0.331600 0.023150
v 0.220508 0.271255 0.023702
v 0.212833 0.280462 0.023162
v 0.060027 1.019966 0.012717
v 0.224273 0.216196 0.008806
v 0.223374 0.219119 0.005964
v 0.222428 0.206559 0.006109
v 0.049428 1.619169 0.249422
v 0.047961 1.661064 0.244776
v 0.057359 1.638646 0.249863
v 0.049012 1.618296 0.249736
v 0.057100 1.639525 0.249388
v -0.156127 0.498260 -0.021825
v -0.155746 0.513959 -0.023116
v -0.155854 0.492598 -0.023159
v -0.156127 0.498260 -0.021825
v -0.156246 0.476543 -0.021691
v -0.155854 0.492598 -0.023159
v -0.155572 0.645160 -0.023031
v -0.155622 0.624625 -0.022830
v -0.155590 0.626753 -0.022777
v -0.155368 0.221538 -0.018681
v -0.155759 0.225928 -0.020019
v -0.155345 0.224321 -0.018607
v -0.155652 0.605166 -0.022590
v -0.155590 0.626753 -0.022777
v -0.155622 0.624625 -0.022830
v -0.155652 0.605166 -0.022590
v -0.155622 0.624625 -0.022830
v -0.155673 0.604084 -0.022628
v -0.155713 0.584000 -0.022407
v -0.155652 0.605166 -0.022590
v -0.155673 0.604084 -0.022628
v -0.155713 0.584000 -0.022407
v -0.155673 0.604084 -0.022628
v -0.155723 0.583476 -0.022426
v -0.156246 0.476543 -0.021691
v -0.156364 0.454952 -0.021558
v -0.155962 0.471113 -0.023202
v -0.156246 0.476543 -0.021691
v -0.155962 0.471113 -0.023202
v -0.155854 0.492598 -0.023159
v -0.156364 0.454952 -0.021558
v -0.156482 0.433345 -0.021425
v -0.156043 0.449613 -0.023239
v -0.156364 0.454952 -0.021558
v -0.156043 0.449613 -0.023239
v -0.155962 0.471113 -0.023202
v -0.699824 0.945028 -0.361130
v -0.700199 0.924328 -0.339506
v -0.700334 0.924112 -0.362956
v -0.241549 1.039265 -0.030094
v -0.212659 1.020773 -0.027103
v -0.223649 1.038040 -0.038291
v -0.212659 1.020773 -0.027103
v -0.206064 1.039769 -0.035446
v -0.223649 1.038040 -0.038291
v -0.212894 0.280462 0.023162
v -0.087512 1.727159 0.141454
v -0.086584 1.733097 0.141400
v -0.082746 1.738295 0.121762
v -0.601976 1.487166 0.155101
v -0.603383 1.500985 0.155085
v -0.609148 1.504577 0.155258
v -0.141314 1.625668 0.208518
v -0.144775 1.641489 0.194565
v -0.134567 1.627299 0.209261
v -0.001845 1.723553 0.146423
v -0.000030 1.722265 0.142657
v -0.001953 1.724011 0.141198
v -0.001845 1.723553 0.146423
v -0.001953 1.724011 0.141198
v -0.003286 1.726492 0.145223
v 0.155652 0.584000 -0.022407
v 0.155612 0.604084 -0.022628
v 0.155663 0.583476 -0.022426
v 0.156185 0.476543 -0.021691
v 0.155901 0.471113 -0.023202
v 0.155793 0.492598 -0.023159
v 0.156185 0.476543 -0.021691
v 0.155793 0.492598 -0.023159
v 0.156066 0.498260 -0.021825
v 0.156303 0.454952 -0.021558
v 0.155982 0.449613 -0.023239
v 0.155901 0.471113 -0.023202
v 0.156303 0.454952 -0.021558
v 0.155901 0.471113 -0.023202
v 0.156185 0.476543 -0.021691
v 0.156421 0.433345 -0.021425
v 0.155982 0.449613 -0.023239
v 0.156303 0.454952 -0.021558
v 0.155529 0.626753 -0.022777
v 0.155511 0.645160 -0.023031
v 0.155562 0.624625 -0.022830
v 0.155529 0.626753 -0.022777
v 0.155562 0.624625 -0.022830
v 0.155591 0.605166 -0.022590
v 0.155591 0.605166 -0.022590
v 0.155562 0.624625 -0.022830
v 0.155612 0.604084 -0.022628
v 0.155591 0.605166 -0.022590
v 0.155612 0.604084 -0.022628
v 0.155652 0.584000 -0.022407
v 0.682114 1.324206 -0.356783
v 0.680081 1.327178 -0.368354
v 0.675014 1.336558 -0.372192
v 0.144715 1.641489 0.194565
v 0.134506 1.627299 0.209261
v 0.141253 1.625668 0.208518
v 0.067281 1.629656 0.250879
v 0.095921 1.730836 0.140811
v 0.106442 1.736391 0.133891
v 0.102455 1.735348 0.135372
v 0.674513 1.546295 -0.280775
v 0.673211 1.577653 -0.260110
v 0.673223 1.569300 -0.277424
v 0.003225 1.726492 0.145223
v 0.001892 1.724011 0.141198
v -0.000030 1.722265 0.142657
v 0.003225 1.726492 0.145223
v -0.000030 1.722265 0.142657
v 0.001784 1.723553 0.146423
v -0.675074 1.336558 -0.372192
v -0.680141 1.327178 -0.368354
v -0.682175 1.324206 -0.356783
v -0.087512 1.727159 0.141454
v -0.083616 1.748783 0.138181
v -0.082746 1.738295 0.121762
v -0.067341 1.629656 0.250879
v -0.106502 1.736391 0.133891
v -0.095981 1.730836 0.140811
v -0.102516 1.735348 0.135372
v -0.673271 1.577653 -0.260110
v -0.674574 1.546295 -0.280775
v -0.673283 1.569300 -0.277424
v 0.155686 0.513959 -0.023116
v 0.156066 0.498260 -0.021825
v 0.155793 0.492598 -0.023159
v 0.155285 0.224321 -0.018607
v 0.155699 0.225928 -0.020019
v 0.155307 0.221538 -0.018681
v 0.700139 0.924328 -0.339506
v 0.699764 0.945028 -0.361130
v 0.700274 0.924112 -0.362956
v 0.212598 1.020773 -0.027103
v 0.241488 1.039265 -0.030094
v 0.223589 1.038040 -0.038291
v 0.206003 1.039769 -0.035446
v 0.212598 1.020773 -0.027103
v 0.223589 1.038040 -0.038291
v 0.609088 1.504577 0.155258
v 0.603323 1.500985 0.155085
v 0.601916 1.487166 0.155101
vn -0.9134 -0.0240 -0.4064
vn -0.6076 -0.7282 -0.3170
vn 0.0999 -0.3454 0.9331
vn -0.0472 -0.1085 0.9930
vn 0.8706 -0.0874 -0.4841
vn 0.5612 -0.7087 -0.4277
vn -0.1337 -0.0127 0.9909
vn 0.9994 -0.0314 0.0137
vn 0.9995 -0.0229 0.0199
vn 0.2682 -0.0615 -0.9614
vn 0.1737 -0.0107 -0.9847
vn -0.9077 -0.0555 -0.4158
vn -0.9447 -0.0074 -0.3280
vn 0.1105 0.0148 -0.9938
vn -0.9617 -0.0027 -0.2739
vn -0.1737 -0.0257 0.9845
vn -0.2080 -0.0290 0.9777
vn -0.9765 -0.0040 -0.2155
vn -0.2383 -0.0292 0.9708
vn 0.9991 -0.0049 0.0413
vn 0.9983 0.0095 0.0569
vn -0.2446 -0.0182 0.9695
vn 0.9985 0.0242 0.0481
vn 0.0298 0.0287 -0.9991
vn -0.0658 0.0288 -0.9974
vn 0.9976 0.0693 0.0047
vn -0.1440 0.0647 -0.9875
vn -0.9905 -0.0087 -0.1369
vn -0.9982 -0.0062 -0.0588
vn -0.1207 0.5732 -0.8105
vn -0.8053 0.5926 0.0184
vn -0.1952 0.0116 0.9807
vn -0.1439 0.4975 0.8554
vn 0.7046 0.7090 0.0294
vn 0.7018 -0.0699 0.7090
vn 0.5605 -0.7113 0.4242
vn 0.5612 -0.5198 -0.6441
vn 0.7544 -0.0688 -0.6528
vn -0.6574 -0.0597 -0.7512
vn -0.6316 -0.5767 -0.5182
vn 0.8798 -0.0229 -0.4749
vn -0.4705 -0.0342 -0.8817
vn -0.5456 -0.6170 0.5671
vn -0.6948 -0.0323 0.7185
vn -0.7880 0.0012 0.6156
vn -0.3581 0.0067 -0.9337
vn -0.8441 0.0078 0.5362
vn 0.6227 -0.0065 0.7824
vn 0.5462 0.0108 0.8376
vn -0.9074 0.0115 0.4200
vn 0.4236 0.0383 0.9051
vn 0.9196 0.0020 -0.3928
vn 0.9097 0.0209 -0.4147
vn 0.3341 0.0564 0.9409
vn 0.6456 0.1831 -0.7414
vn -0.3631 0.0335 -0.9311
vn -0.4164 0.1377 -0.8987
vn -0.9720 0.1990 -0.1252
vn 0.4931 0.5546 -0.6702
vn -0.8219 0.5081 -0.2575
vn 0.2514 0.6488 0.7182
vn 0.8437 0.0060 0.5368
vn 0.6059 -0.6706 0.4281
vn 0.1070 -0.2881 -0.9516
vn -0.0610 0.0509 -0.9968
vn -0.7251 -0.0518 0.6867
vn -0.6083 -0.7309 0.3094
vn -0.3759 0.1894 -0.9071
vn -0.4341 -0.0112 0.9008
vn 0.9884 0.0115 0.1518
vn -0.0661 0.5012 0.8628
vn 0.7405 0.6710 -0.0373
vn -0.4769 0.6064 -0.6363
vn 0.7577 -0.4239 0.4963
vn 0.9753 0.0651 -0.2111
vn 0.4336 0.8923 -0.1256
vn -0.1261 0.0101 0.9920
vn 0.3362 -0.9041 -0.2638
vn 0.1441 -0.0088 -0.9895
vn -0.8589 0.0442 -0.5102
vn -0.9419 -0.3161 0.1135
vn 0.8257 -0.0374 -0.5629
vn 0.3890 -0.2234 0.8937
vn 0.1370 -0.2579 0.9564
vn 0.8737 -0.1286 -0.4692
vn 0.5882 -0.0196 0.8084
vn 0.8354 -0.0093 -0.5495
vn -0.8269 -0.1210 -0.5492
vn -0.7703 -0.2132 -0.6009
vn -0.5841 0.0006 -0.8117
vn 0.8550 0.0054 -0.5186
vn -0.5589 0.0038 -0.8292
vn -0.7449 -0.1128 0.6576
vn -0.7756 -0.0087 0.6312
vn -0.8059 -0.0013 0.5921
vn -0.5462 0.0211 -0.8374
vn -0.8156 0.0105 0.5785
vn 0.5516 0.0005 0.8341
vn 0.5483 0.0158 0.8361
vn -0.7989 0.0843 0.5956
vn 0.1093 0.4509 0.8858
vn 0.8623 0.0283 -0.5056
vn 0.8523 0.0564 -0.5200
vn -0.6937 0.3046 -0.6527
vn 0.1697 0.9731 -0.1559
vn 0.4051 -0.8793 -0.2503
vn 0.3212 -0.8124 -0.4867
vn 0.7628 -0.0871 -0.6407
vn 0.9628 0.0185 -0.2694
vn 0.4687 0.8253 -0.3149
vn 0.1447 0.2542 -0.9563
vn -0.4234 -0.6193 -0.6612
vn 0.7274 0.3199 0.6070
vn 0.9910 0.0594 0.1202
vn 0.7466 0.5522 -0.3711
vn 0.7349 0.4127 0.5382
vn 0.9989 0.0278 -0.0370
vn 0.5322 0.7854 -0.3160
vn -0.6932 0.6583 -0.2936
vn -0.8907 0.3938 -0.2272
vn -0.8847 0.0379 -0.4645
vn 0.4820 0.1296 -0.8665
vn 0.8472 0.2490 0.4694
vn -0.8905 -0.0870 -0.4465
vn -0.4717 0.6357 -0.6111
vn -0.5340 0.8060 -0.2552
vn -0.9870 -0.0402 -0.1555
vn -0.5913 -0.7830 -0.1929
vn -0.3463 0.0924 0.9336
vn 0.9255 0.1749 0.3359
vn 0.6329 0.7263 0.2683
vn -0.2585 0.5726 0.7780
vn 0.3814 0.1556 -0.9112
vn 0.2005 0.6690 -0.7157
vn -0.5096 0.3604 0.7813
vn -0.2770 -0.3106 0.9093
vn 0.6071 -0.3336 0.7212
vn 0.6249 -0.7286 0.2805
vn -0.5818 -0.7513 0.3116
vn -0.9852 0.0019 0.1713
vn -0.4302 0.2049 0.8792
vn -0.4448 0.4496 0.7746
vn -0.9953 -0.0884 -0.0383
vn -0.6521 0.7035 -0.2826
vn -0.9879 -0.0949 -0.1227
vn -0.5702 -0.8193 -0.0606
vn -0.5758 -0.8152 0.0630
vn 0.5565 -0.8294 -0.0487
vn 0.6061 -0.7909 0.0847
vn 0.9931 0.0293 -0.1135
vn 0.5197 -0.8466 -0.1150
vn 0.9899 -0.0021 -0.1419
vn 0.5113 0.8326 -0.2132
vn 0.5064 0.8177 -0.2736
vn -0.5943 0.7746 -0.2163
vn 0.5023 0.8341 -0.2281
vn -0.5575 0.8062 -0.1982
vn -0.9930 0.0001 -0.1181
vn -0.9905 -0.0567 -0.1249
vn -0.5957 -0.7910 -0.1397
vn -0.5715 -0.8145 -0.0993
vn 0.4619 -0.8704 -0.1703
vn 0.9829 0.0089 -0.1837
vn -0.9318 0.0768 -0.3548
vn -0.7812 0.5512 -0.2930
vn 0.9511 0.0136 0.3086
vn 0.3049 0.1659 -0.9378
vn 0.4273 0.6378 -0.6408
vn 0.7174 0.6419 0.2708
vn -0.5115 -0.7072 -0.4882
vn 0.5356 -0.8159 -0.2177
vn 0.3359 -0.5953 0.7299
vn -0.6480 -0.4992 0.5752
vn -0.7365 -0.0713 0.6727
vn 0.6606 -0.1012 0.7439
vn 0.7280 -0.3027 -0.6152
vn -0.6519 -0.2687 -0.7090
vn 0.0233 0.5972 0.8018
vn -0.0902 -0.0274 0.9955
vn -0.9731 0.1131 -0.2008
vn -0.8235 0.5660 0.0388
vn 0.3126 0.0774 -0.9467
vn -0.9639 -0.0037 -0.2663
vn -0.2351 -0.0525 0.9706
vn -0.9334 0.0032 -0.3588
vn -0.3540 -0.0614 0.9332
vn 0.9318 -0.0021 0.3630
vn 0.9522 0.0245 0.3044
vn 0.3693 0.0624 -0.9272
vn 0.8857 -0.0224 0.4636
vn 0.4627 0.0052 -0.8865
vn -0.8723 0.0130 -0.4888
vn 0.5756 -0.0851 -0.8133
vn -0.8091 -0.0165 -0.5874
vn -0.5782 0.0514 0.8143
vn -0.4893 -0.0152 0.8720
vn 0.8209 -0.0162 0.5709
vn -0.6850 0.0127 0.7285
vn 0.7291 -0.0371 0.6834
vn 0.6806 -0.1726 -0.7120
vn -0.7281 -0.1122 -0.6762
vn 0.9945 -0.1050 -0.0000
vn 0.7321 -0.0866 0.6756
vn 0.5678 -0.6135 0.5488
vn 0.6721 -0.7405 0.0008
vn -0.7402 -0.6724 -0.0006
vn -0.5901 -0.5471 0.5937
vn -0.6724 0.0645 0.7373
vn -0.9941 0.1083 -0.0003
vn -0.9940 0.1094 -0.0014
vn -0.6641 0.0769 -0.7437
vn -0.5828 -0.5667 -0.5824
vn -0.7355 -0.6775 -0.0005
vn 0.6783 -0.7347 -0.0027
vn 0.5664 -0.5932 -0.5720
vn 0.7379 -0.0797 -0.6702
vn 0.9941 -0.1082 -0.0006
vn 0.9909 0.1250 -0.0495
vn 0.6353 0.7714 -0.0372
vn 0.5738 0.6226 0.5321
vn 0.7614 0.0804 0.6432
vn -0.6351 -0.0887 0.7673
vn -0.5765 0.5279 0.6236
vn -0.7711 0.6354 0.0411
vn -0.9908 -0.1266 0.0486
vn -0.9896 -0.1318 -0.0579
vn -0.7711 0.6346 -0.0516
vn -0.5581 0.5247 -0.6428
vn -0.6121 -0.0816 -0.7866
vn 0.6353 0.7711 0.0419
vn 0.5883 0.6290 -0.5082
vn 0.7808 0.0882 -0.6186
vn 0.9905 0.1250 0.0576
vn 0.9919 0.1232 0.0321
vn 0.9926 0.1130 0.0433
vn 0.9894 0.1390 0.0416
vn 0.7740 0.0778 -0.6284
vn 0.6222 0.7822 0.0310
vn 0.9896 0.1437 -0.0013
vn 0.6155 0.7881 -0.0027
vn -0.7848 0.6188 -0.0362
vn -0.7918 0.6107 0.0011
vn -0.9884 -0.1460 -0.0414
vn -0.9886 -0.1506 0.0016
vn -0.9892 -0.1412 0.0399
vn -0.7819 0.6225 0.0351
vn 0.6246 0.7803 -0.0308
vn 0.9898 0.1366 -0.0397
vn 0.9927 0.1134 -0.0401
vn 0.9921 0.1215 -0.0297
vn 0.9920 0.1265 0.0005
vn 0.9950 0.0968 -0.0227
vn 0.9950 0.1003 0.0021
vn 0.9948 0.0983 0.0257
vn 0.9981 0.0618 0.0027
vn 0.9980 0.0600 0.0214
vn 0.9981 0.0558 0.0241
vn 0.9954 0.0906 0.0319
vn 0.7563 0.0351 -0.6533
vn 0.7658 0.0608 -0.6402
vn -0.6464 -0.0404 -0.7619
vn -0.6374 -0.0617 -0.7681
vn -0.6206 -0.0750 -0.7805
vn -0.9951 -0.0927 -0.0335
vn -0.9923 -0.1156 -0.0443
vn -0.9945 -0.1011 -0.0255
vn -0.9916 -0.1254 -0.0320
vn -0.9946 -0.1041 -0.0022
vn -0.9918 -0.1280 -0.0009
vn -0.9947 -0.1008 0.0215
vn -0.9920 -0.1227 0.0284
vn -0.9951 -0.0943 0.0305
vn -0.9927 -0.1142 0.0378
vn -0.6506 -0.0742 0.7558
vn -0.6449 -0.0853 0.7595
vn 0.7544 0.0515 0.6543
vn 0.7581 0.0707 0.6483
vn 0.9955 0.0897 -0.0322
vn 0.7534 0.0273 0.6569
vn 0.9981 0.0554 -0.0255
vn 0.9980 0.0600 -0.0181
vn 0.9997 0.0149 -0.0206
vn 0.9997 0.0193 -0.0146
vn 0.9998 0.0211 0.0025
vn 0.9998 -0.0200 -0.0097
vn 0.9999 -0.0171 0.0020
vn 0.9997 -0.0205 0.0117
vn 0.9997 0.0186 0.0173
vn 0.9995 -0.0268 0.0164
vn 0.9997 0.0155 0.0208
vn 0.7658 -0.0243 -0.6427
vn 0.7675 0.0066 -0.6410
vn -0.6426 0.0200 -0.7659
vn -0.6415 -0.0121 -0.7670
vn -0.9995 0.0290 -0.0136
vn -0.9997 -0.0138 -0.0202
vn -0.9981 -0.0559 -0.0257
vn -0.9997 -0.0193 -0.0147
vn -0.9979 -0.0621 -0.0199
vn -0.9997 -0.0226 -0.0002
vn -0.9978 -0.0659 -0.0017
vn -0.9997 -0.0215 0.0142
vn -0.9978 -0.0648 0.0171
vn -0.9997 -0.0167 0.0189
vn -0.9979 -0.0596 0.0244
vn -0.6642 -0.0204 0.7472
vn -0.6540 -0.0508 0.7548
vn 0.7481 -0.0011 0.6636
vn -0.6640 0.0130 0.7476
vn 0.7461 -0.0317 0.6651
vn 0.9995 -0.0270 -0.0148
vn 0.7474 -0.0621 0.6615
vn 0.9976 -0.0691 -0.0077
vn 0.9980 -0.0630 -0.0042
vn 0.9953 -0.0972 -0.0024
vn 0.9955 -0.0945 -0.0011
vn 0.9956 -0.0939 0.0005
vn 0.9981 -0.0609 0.0012
vn 0.9955 -0.0949 0.0023
vn 0.9980 -0.0637 0.0059
vn 0.9952 -0.0976 0.0047
vn 0.9976 -0.0692 0.0098
vn 0.7540 -0.0710 -0.6530
vn 0.7593 -0.0539 -0.6485
vn -0.6511 0.0741 -0.7554
vn -0.6462 0.0524 -0.7614
vn -0.9946 0.1037 -0.0033
vn -0.9971 0.0753 -0.0071
vn -0.9947 0.1023 -0.0013
vn -0.9975 0.0704 -0.0037
vn -0.9997 0.0218 -0.0091
vn -0.9977 0.0684 -0.0000
vn -0.9998 0.0188 0.0003
vn -0.9974 0.0713 0.0038
vn -0.9997 0.0226 0.0095
vn -0.9970 0.0772 0.0066
vn -0.9995 0.0299 0.0129
vn -0.6592 0.0452 0.7506
vn -0.9946 0.1042 0.0022
vn -0.6652 0.0631 0.7440
vn 0.7391 -0.0810 0.6687
vn -0.9942 0.1074 0.0007
vn -0.9948 0.1023 0.0009
vn -0.7378 -0.6750 0.0011
vn -0.7377 -0.6751 0.0006
vn -0.9942 0.1077 0.0003
vn -0.9948 0.1020 -0.0000
vn -0.9941 0.1082 -0.0007
vn -0.7368 -0.6761 0.0006
vn 0.6769 -0.7361 0.0010
vn 0.6762 -0.7367 0.0009
vn 0.9945 -0.1043 0.0009
vn 0.9946 -0.1038 0.0004
vn 0.9946 -0.1042 -0.0001
vn 0.6753 -0.7375 0.0002
vn -0.7543 0.6065 0.2512
vn -0.1169 -0.2395 -0.9638
vn 0.9741 -0.1574 0.1621
vn 0.4205 0.6743 -0.6071
vn 0.8466 -0.5288 0.0602
vn 0.9295 -0.3192 0.1845
vn -0.7351 -0.6114 -0.2929
vn -0.5212 -0.8478 0.0976
vn -0.4835 -0.1240 0.8665
vn 0.8013 0.5931 -0.0790
vn 0.6661 0.7439 -0.0533
vn 0.9898 -0.1003 -0.1012
vn 0.1789 0.1755 -0.9681
vn 0.2319 0.4285 -0.8733
vn 0.9344 0.1647 -0.3158
vn -0.7343 -0.6769 0.0502
vn -0.7065 -0.5795 -0.4062
vn 0.5069 -0.8492 -0.1482
vn 0.7621 -0.6475 -0.0006
vn -0.5863 -0.8096 -0.0275
vn -0.3609 -0.6160 -0.7002
vn 0.7948 -0.5380 -0.2807
vn 0.7868 -0.6172 -0.0072
vn 0.9951 -0.0959 -0.0231
vn 0.8798 -0.1187 -0.4603
vn 0.4906 0.1467 0.8589
vn 0.9778 -0.1221 0.1704
vn 0.1227 0.0123 0.9924
vn -0.9466 0.1350 0.2928
vn 0.6220 0.7824 -0.0314
vn -0.8015 0.5980 -0.0034
vn -0.9963 0.0825 0.0250
vn -0.2040 0.1237 0.9711
vn 0.9957 -0.0773 0.0520
vn 0.8210 0.5686 0.0521
vn 0.3907 0.8395 0.3777
vn 0.7045 -0.0164 0.7095
vn -0.6077 -0.7929 -0.0453
vn 0.7945 -0.6071 0.0151
vn 0.5923 -0.7042 0.3916
vn -0.6127 -0.7292 0.3048
vn -0.2360 -0.0366 0.9711
vn -0.3967 -0.2314 0.8883
vn 0.9138 -0.1578 0.3743
vn 0.9931 -0.1049 0.0532
vn -0.7102 0.7040 -0.0096
vn -0.5366 0.3588 0.7637
vn -0.9992 -0.0090 0.0388
vn -0.2886 -0.9566 0.0403
vn 0.9282 -0.3015 -0.2181
vn -0.9983 -0.0584 0.0048
vn 0.9366 -0.3499 -0.0150
vn 0.9777 -0.1982 0.0698
vn 0.9940 0.1088 -0.0063
vn -0.0292 0.9993 0.0216
vn 0.9972 0.0029 0.0749
vn -0.9791 0.2019 0.0241
vn -0.9807 0.1950 -0.0146
vn -0.9142 0.0341 0.4039
vn -0.9272 0.0822 0.3655
vn -0.8742 0.1029 0.4746
vn -0.6960 0.3494 0.6273
vn -0.9905 -0.0035 -0.1376
vn -0.7519 0.4207 0.5075
vn -0.2622 0.4930 0.8296
vn 0.1287 0.3604 -0.9239
vn -0.9539 0.1131 0.2779
vn 0.2280 -0.1272 0.9653
vn 0.5215 0.0704 0.8503
vn -0.7430 -0.6564 -0.1308
vn 0.8661 -0.3597 0.3471
vn -0.9961 0.0865 0.0172
vn -0.6149 -0.7857 -0.0683
vn 0.8096 -0.5865 -0.0220
vn -0.6541 -0.7506 0.0936
vn -0.6882 -0.6544 -0.3131
vn 0.5344 -0.7309 -0.4244
vn 0.8179 -0.5748 0.0269
vn 0.7782 -0.2032 -0.5942
vn 0.8364 -0.5444 0.0638
vn 0.7989 -0.5721 0.1856
vn 0.1174 -0.9061 -0.4065
vn 0.9380 -0.3198 0.1338
vn -0.4286 0.2495 -0.8683
vn -0.6647 -0.7465 0.0300
vn -0.0343 0.9555 -0.2929
vn 0.9816 0.1722 -0.0824
vn -0.7684 -0.0278 -0.6393
vn -0.9842 0.1736 -0.0363
vn 0.9978 -0.0630 0.0182
vn 0.9921 -0.0289 0.1224
vn 0.9439 -0.2622 0.2007
vn 0.5522 -0.8266 -0.1088
vn 0.5508 0.0697 0.8318
vn 0.7215 -0.2449 0.6476
vn 0.2782 0.0009 0.9605
vn -0.6337 0.0346 0.7728
vn -0.9967 -0.0810 -0.0030
vn -0.9467 0.0397 0.3197
vn -0.6551 -0.7461 -0.1189
vn -0.9986 0.0520 -0.0112
vn -0.9011 -0.1873 -0.3911
vn -0.6139 -0.7178 -0.3284
vn -0.9877 0.1557 0.0167
vn -0.8468 0.3725 -0.3797
vn 0.1971 0.1092 -0.9743
vn 0.2493 -0.3386 -0.9073
vn 0.7829 0.4957 -0.3759
vn 0.9967 -0.0638 -0.0493
vn 0.3852 0.6936 -0.6087
vn 0.5555 -0.6645 -0.4999
vn 0.9733 0.2139 -0.0835
vn 0.9978 -0.0653 -0.0113
vn 0.7343 -0.6718 -0.0976
vn 0.9958 -0.0912 0.0075
vn 0.5954 -0.8028 -0.0309
vn -0.8832 -0.4676 -0.0375
vn 0.1303 -0.9915 -0.0052
vn -0.9799 -0.1993 -0.0120
vn -0.9976 0.0694 -0.0015
vn -0.9979 0.0645 -0.0045
vn -0.8217 0.5699 0.0085
vn -0.9537 0.3003 0.0156
vn 0.6338 0.7735 -0.0035
vn 0.2187 0.9758 0.0024
vn -0.0841 0.9883 -0.1270
vn 0.9991 0.0382 -0.0168
vn -0.4000 0.8037 -0.4406
vn 0.9990 -0.0437 -0.0069
vn 0.9867 -0.1621 0.0117
vn 0.9977 -0.0671 0.0004
vn 0.9491 -0.3149 0.0105
vn -0.2260 -0.9741 -0.0026
vn 0.7736 -0.6334 0.0162
vn -0.6300 -0.7766 0.0035
vn -0.9989 0.0458 -0.0077
vn -0.9993 -0.0340 -0.0140
vn -0.9896 0.1439 0.0069
vn -0.9961 0.0876 0.0051
vn -0.1430 0.9897 -0.0069
vn -0.5657 0.8246 -0.0013
vn 0.9764 0.2160 -0.0065
vn 0.8746 0.4847 -0.0111
vn 0.9977 -0.0684 0.0008
vn 0.9964 0.0849 -0.0048
vn 0.9965 -0.0820 0.0129
vn 0.5623 -0.8264 0.0294
vn 0.9260 -0.2695 0.2642
vn 0.2366 -0.9420 0.2380
vn -0.6359 -0.4996 0.5882
vn -0.8837 -0.4679 0.0089
vn -0.9972 0.0729 0.0189
vn -0.9632 0.2689 -0.0054
vn 0.9234 -0.3803 -0.0512
vn 0.2226 0.9689 -0.1077
vn 0.9998 0.0182 0.0034
vn 0.2470 -0.2491 0.9365
vn -0.9972 0.0748 0.0014
vn -0.9110 -0.4123 -0.0074
vn -0.9027 -0.4301 -0.0123
vn -0.9977 0.0637 0.0251
vn 0.4222 -0.9065 -0.0100
vn -0.9976 0.0394 0.0561
vn -0.7782 0.0384 0.6268
vn 0.5429 -0.0410 0.8388
vn 0.4584 -0.0473 0.8875
vn 0.9920 -0.0760 0.1010
vn 0.9968 -0.0765 0.0220
vn 0.9974 -0.0724 0.0051
vn 0.9972 -0.0746 0.0056
vn 0.9831 0.1831 0.0036
vn 0.9973 -0.0733 0.0010
vn 0.9765 0.2154 0.0004
vn -0.1245 0.9922 0.0067
vn -0.0875 0.9961 0.0128
vn -0.9869 0.1614 0.0025
vn -0.9845 0.1753 0.0039
vn -0.9972 0.0747 -0.0006
vn -0.9887 0.1498 0.0005
vn -0.9975 0.0709 -0.0034
vn -0.9189 -0.3944 -0.0069
vn -0.9149 -0.4037 -0.0020
vn 0.3878 -0.9217 -0.0087
vn 0.4029 -0.9152 -0.0024
vn 0.9972 -0.0750 0.0008
vn 0.9972 -0.0747 0.0010
vn 0.9973 -0.0731 0.0008
vn 0.9972 -0.0749 0.0011
vn 0.9973 -0.0735 0.0013
vn 0.9707 0.2401 0.0027
vn 0.9715 0.2371 0.0004
vn -0.1623 0.9867 -0.0000
vn -0.1670 0.9859 0.0032
vn -0.9886 0.1507 -0.0025
vn -0.1450 0.9894 -0.0030
vn -0.9874 0.1581 -0.0036
vn -0.9980 0.0639 -0.0029
vn -0.9978 0.0659 -0.0024
vn -0.9331 -0.3594 -0.0064
vn -0.9265 -0.3762 -0.0067
vn 0.3498 -0.9368 -0.0109
vn 0.3688 -0.9295 -0.0081
vn 0.9972 -0.0748 0.0003
vn 0.3360 -0.9418 -0.0127
vn 0.9973 -0.0731 -0.0030
vn 0.9970 -0.0776 -0.0033
vn 0.9972 -0.0752 0.0012
vn 0.9769 0.2137 -0.0007
vn 0.9732 0.2298 0.0025
vn -0.1257 0.9920 -0.0081
vn -0.9865 0.1635 -0.0060
vn -0.9978 0.0622 -0.0219
vn -0.9980 0.0623 -0.0065
vn -0.9363 -0.3481 -0.0477
vn -0.9403 -0.3404 -0.0087
vn 0.3152 -0.9285 -0.1961
vn -0.5181 0.0583 -0.8533
vn -0.5312 -0.4158 -0.7382
vn 0.8303 0.0042 -0.5573
vn 0.7192 -0.2686 -0.6408
vn 0.9966 -0.0495 -0.0660
vn 0.9976 -0.0650 -0.0251
vn 0.3467 0.0146 0.9379
vn 0.9510 -0.0735 -0.3003
vn -0.3294 0.1652 -0.9296
vn -0.9924 0.0922 -0.0817
vn 0.2397 0.1822 -0.9536
vn -0.9300 0.2081 -0.3029
vn -0.9968 0.0728 -0.0315
vn -0.9962 0.0858 -0.0167
vn -0.8096 0.3836 -0.4444
vn -0.9483 0.3172 -0.0096
vn -0.9963 0.0862 -0.0035
vn -0.9963 0.0861 -0.0057
vn -0.9572 0.2894 -0.0052
vn 0.1554 0.9879 0.0019
vn 0.0885 0.9961 0.0050
vn -0.9963 0.0856 -0.0033
vn -0.9620 0.2731 -0.0031
vn 0.0617 0.9981 0.0032
vn 0.9942 0.1072 0.0009
vn 0.9924 0.1234 0.0036
vn -0.9653 0.2612 -0.0022
vn 0.0450 0.9990 0.0015
vn 0.9917 0.1286 0.0029
vn 0.9954 -0.0963 0.0009
vn 0.9955 -0.0949 0.0019
vn 0.0308 0.9995 0.0021
vn 0.9911 0.1330 0.0018
vn 0.9956 -0.0939 0.0016
vn 0.9956 -0.0938 0.0016
vn 0.9956 -0.0936 0.0013
vn 0.9906 0.1370 0.0002
vn 0.9956 -0.0934 0.0015
vn 0.9957 -0.0928 0.0012
vn 0.7318 -0.6815 0.0002
vn 0.7709 -0.6369 0.0021
vn 0.9955 -0.0942 0.0029
vn 0.9957 -0.0921 0.0028
vn 0.8419 -0.5395 -0.0118
vn -0.6440 -0.7650 0.0018
vn -0.5708 -0.8208 0.0203
vn 0.9955 -0.0936 0.0126
vn 0.9951 -0.0979 0.0100
vn 0.9892 -0.1042 0.1030
vn 0.9913 -0.0944 0.0922
vn 0.3591 0.0041 0.9333
vn 0.3875 0.0280 0.9215
vn -0.9144 0.0887 0.3949
vn -0.9758 0.2182 0.0163
vn -0.9966 0.0793 0.0207
vn -0.9725 0.2328 0.0073
vn -0.9967 0.0815 0.0031
vn -0.9699 0.2435 0.0031
vn -0.9966 0.0828 -0.0003
vn -0.9980 0.0615 0.0141
vn -0.9965 0.0840 -0.0016
vn -0.9965 0.0830 -0.0009
vn -0.9964 0.0850 -0.0024
vn -0.9966 0.0827 -0.0026
vn -0.6829 -0.7305 -0.0044
vn -0.9965 0.0830 -0.0024
vn -0.7022 -0.7118 -0.0165
vn 0.7058 -0.7083 -0.0087
vn -0.6951 -0.7186 -0.0209
vn 0.7096 -0.7044 -0.0161
vn 0.9957 -0.0930 0.0005
vn 0.9958 -0.0900 -0.0163
vn 0.9950 -0.0989 -0.0114
vn 0.9876 -0.1159 -0.1064
vn 0.9970 0.0719 -0.0288
vn 0.5946 0.3092 -0.7422
vn 0.1579 0.9033 -0.3989
vn -0.9679 0.2512 -0.0007
vn 0.0167 0.9999 0.0047
vn 0.0115 0.9998 0.0143
vn 0.0029 0.9999 0.0146
vn 0.9921 0.1252 0.0021
vn 0.9957 0.0595 0.0716
vn -0.9940 0.1041 -0.0340
vn -0.4821 -0.0867 -0.8718
vn -0.9939 0.0926 -0.0594
vn -0.3192 0.0049 -0.9477
vn 0.9953 -0.0973 0.0027
vn 0.9945 -0.1046 -0.0054
vn 0.9026 -0.1138 -0.4152
vn 0.9228 -0.0538 -0.3815
vn -0.2950 0.0596 -0.9536
vn -0.9960 0.0694 -0.0570
vn -0.4310 0.8658 -0.2542
vn -0.3120 0.3924 -0.8653
vn 0.8366 0.4275 -0.3426
vn -0.9961 0.0882 -0.0073
vn -0.9964 0.0850 -0.0066
vn -0.4745 0.8802 -0.0127
vn -0.9962 0.0871 -0.0038
vn -0.4718 0.8817 0.0053
vn 0.8839 0.4677 0.0073
vn 0.8780 0.4787 -0.0050
vn 0.9952 -0.0977 0.0027
vn 0.8900 0.4558 0.0052
vn 0.9952 -0.0979 0.0027
vn 0.9952 -0.0981 0.0025
vn 0.9952 -0.0981 0.0032
vn 0.8108 -0.5853 0.0009
vn 0.8064 -0.5913 0.0062
vn -0.5835 -0.8121 -0.0039
vn -0.5909 -0.8067 0.0021
vn -0.9961 0.0880 -0.0035
vn -0.9960 0.0895 -0.0053
vn -0.9962 0.0874 -0.0039
vn -0.9962 0.0871 -0.0024
vn -0.9962 0.0872 -0.0029
vn -0.9962 0.0875 -0.0030
vn -0.9962 0.0867 -0.0028
vn -0.9961 0.0877 -0.0029
vn -0.4588 0.8885 -0.0025
vn -0.4614 0.8872 0.0022
vn 0.8915 0.4529 0.0030
vn -0.4670 0.8842 -0.0070
vn 0.8880 0.4599 0.0005
vn 0.9954 -0.0959 0.0037
vn 0.9953 -0.0972 0.0033
vn 0.9953 -0.0965 0.0031
vn 0.9952 -0.0973 0.0026
vn 0.8347 -0.5506 0.0056
vn 0.8141 -0.5807 0.0034
vn -0.5599 -0.8285 0.0068
vn -0.5744 -0.8186 0.0013
vn -0.9964 0.0848 -0.0019
vn -0.5080 -0.8614 0.0060
vn -0.9966 0.0825 -0.0023
vn -0.9963 0.0857 -0.0028
vn -0.9966 0.0825 -0.0011
vn -0.9964 0.0843 -0.0015
vn -0.9963 0.0855 -0.0028
vn -0.9962 0.0872 -0.0034
vn -0.4819 0.8762 -0.0067
vn -0.9965 0.0833 -0.0001
vn -0.5145 0.8572 -0.0213
vn 0.8714 0.4905 -0.0064
vn 0.8793 0.4763 0.0004
vn 0.9955 -0.0949 0.0069
vn 0.9955 -0.0947 0.0044
vn 0.9957 -0.0928 0.0053
vn 0.9955 -0.0952 0.0033
vn 0.8314 -0.5557 -0.0031
vn 0.8576 -0.5142 0.0065
vn -0.5533 -0.8330 -0.0037
vn -0.9965 0.0839 0.0023
vn -0.9964 0.0830 0.0174
vn -0.9966 0.0828 0.0017
vn -0.9965 0.0823 0.0171
vn -0.7525 -0.0093 0.6585
vn -0.6636 -0.0010 0.7481
vn 0.6498 -0.1624 0.7425
vn 0.9939 -0.1014 0.0435
vn 0.8392 -0.5438 0.0041
vn 0.9965 -0.0812 0.0186
vn 0.9965 -0.0830 0.0124
vn 0.9956 -0.0885 0.0297
vn 0.9971 -0.0754 0.0059
vn 0.9968 -0.0793 0.0051
vn 0.5879 0.8089 -0.0088
vn -0.8154 0.5788 -0.0094
vn 0.9969 -0.0781 0.0019
vn 0.5721 0.8202 -0.0030
vn -0.8229 0.5681 -0.0058
vn -0.9978 0.0666 -0.0009
vn -0.9977 0.0675 -0.0034
vn 0.5507 0.8346 -0.0107
vn -0.8287 0.5597 -0.0073
vn -0.9976 0.0685 -0.0041
vn -0.9977 0.0682 -0.0029
vn -0.9976 0.0685 -0.0035
vn -0.8458 0.5335 -0.0031
vn -0.9976 0.0688 -0.0037
vn -0.9976 0.0690 -0.0038
vn -0.5249 -0.8510 -0.0162
vn -0.4944 -0.8692 -0.0125
vn -0.9977 0.0682 -0.0038
vn -0.9976 0.0691 -0.0039
vn -0.4924 -0.8703 0.0091
vn 0.8576 -0.5143 -0.0095
vn 0.8641 -0.5032 0.0074
vn -0.9976 0.0695 -0.0050
vn -0.5311 -0.8467 0.0317
vn 0.8438 -0.5358 0.0288
vn 0.9951 -0.0985 0.0046
vn 0.9955 -0.0943 0.0113
vn -0.5744 -0.8185 0.0102
vn 0.8169 -0.5766 0.0124
vn 0.9958 -0.0916 -0.0016
vn 0.9966 -0.0823 0.0052
vn 0.9967 -0.0815 0.0019
vn 0.9968 -0.0750 -0.0284
vn 0.6071 0.7946 0.0061
vn 0.5730 0.8084 -0.1349
vn 0.7556 0.0288 -0.6543
vn 0.3502 0.6486 -0.6758
vn -0.9962 0.0799 -0.0350
vn -0.9809 0.1465 -0.1278
vn -0.6411 0.2430 -0.7280
vn -0.4475 0.0603 -0.8922
vn -0.9974 0.0717 -0.0100
vn -0.9977 0.0660 -0.0117
vn -0.7867 0.6148 -0.0562
vn -0.8178 0.5370 -0.2069
vn -0.9977 0.0679 -0.0058
vn -0.7969 0.6040 0.0004
vn -0.8203 0.5718 0.0092
vn 0.5834 0.8119 0.0220
vn 0.5520 0.8337 0.0123
vn 0.9965 -0.0830 0.0042
vn 0.9968 -0.0803 0.0019
vn 0.9958 -0.0911 -0.0029
vn 0.9968 -0.0802 -0.0016
vn 0.8442 -0.5360 -0.0079
vn 0.8356 -0.5494 0.0036
vn -0.5439 -0.8391 -0.0019
vn -0.5569 -0.8304 -0.0165
vn -0.9976 0.0693 -0.0012
vn -0.9971 0.0753 0.0065
vn -0.9859 0.1101 0.1260
vn -0.9977 0.0363 0.0580
vn -0.9946 0.0721 0.0744
vn -0.1826 0.0902 0.9790
vn 0.9497 -0.0211 0.3124
vn 0.9976 -0.0647 0.0249
vn 0.9975 -0.0696 0.0134
vn 0.8671 0.1699 0.4683
vn -0.3405 0.3029 0.8901
vn 0.9982 -0.0595 0.0058
vn 0.9981 -0.0618 0.0052
vn 0.4361 0.8997 0.0216
vn 0.4161 0.9086 0.0348
vn 0.3951 0.8390 0.3742
vn -0.8946 0.4468 0.0077
vn -0.9063 0.4226 0.0058
vn -0.7563 0.4792 0.4454
vn -0.9980 0.0627 0.0035
vn -0.9984 0.0569 -0.0005
vn -0.9986 0.0526 -0.0006
vn -0.9983 0.0584 0.0088
vn -0.5677 -0.8230 0.0214
vn -0.9988 0.0490 -0.0039
vn -0.5820 -0.8132 0.0044
vn 0.8101 -0.5862 0.0079
vn 0.8215 -0.5698 0.0221
vn 0.9982 -0.0596 0.0038
vn 0.8041 -0.5945 0.0057
vn 0.9982 -0.0593 0.0034
vn 0.9982 -0.0594 0.0030
vn 0.9982 -0.0603 0.0037
vn 0.4882 0.8727 0.0042
vn 0.4667 0.8841 0.0242
vn -0.8742 0.4855 -0.0017
vn -0.8880 0.4596 0.0124
vn -0.9991 0.0416 -0.0039
vn -0.9988 0.0488 0.0034
vn -0.9989 0.0473 -0.0040
vn -0.9991 0.0416 -0.0057
vn -0.9989 0.0473 -0.0043
vn -0.6079 -0.7939 0.0088
vn -0.5899 -0.8075 0.0015
vn 0.7969 -0.6041 0.0091
vn 0.9968 -0.0753 -0.0256
vn 0.9983 -0.0589 0.0029
vn 0.9979 -0.0646 -0.0047
vn 0.9982 -0.0599 0.0038
vn 0.4679 0.8819 -0.0573
vn 0.4893 0.8721 -0.0071
vn -0.8845 0.4653 -0.0332
vn -0.8777 0.4790 -0.0128
vn -0.9989 0.0446 -0.0142
vn -0.7445 0.5241 -0.4136
vn -0.9511 0.1561 -0.2665
vn -0.9763 0.1042 -0.1895
vn -0.9987 0.0509 -0.0094
vn 0.0597 -0.2026 -0.9774
vn 0.4361 0.8311 -0.3451
vn -0.0132 0.4429 -0.8965
vn -0.0000 0.6945 -0.7195
vn -0.0000 0.2585 -0.9660
vn -0.0000 0.1293 -0.9916
vn -0.0838 -0.5646 -0.8211
vn -0.2735 0.0869 -0.9579
vn -0.0000 0.7111 -0.7031
vn -0.0000 -0.2222 -0.9750
vn 0.0056 0.9998 0.0178
vn -0.0000 0.9999 0.0145
vn -0.0879 0.7791 -0.6207
vn 0.8114 -0.5808 0.0651
vn 0.7924 -0.5823 0.1819
vn 0.0061 0.9342 0.3568
vn 0.8928 0.4273 0.1424
vn -0.1911 0.9769 -0.0956
vn -0.0921 0.9800 0.1766
vn 0.0004 0.9801 -0.1986
vn 0.0870 0.9881 0.1269
vn -0.4398 -0.8946 -0.0788
vn -0.0439 -0.9990 -0.0082
vn -0.3422 -0.9246 0.1674
vn -0.8354 -0.5490 -0.0259
vn -0.0941 -0.9936 0.0618
vn -0.9163 -0.3991 0.0321
vn -0.9933 -0.1150 -0.0068
vn -0.9517 -0.2759 -0.1346
vn -0.1279 0.9915 -0.0222
vn -0.8430 0.5279 -0.1033
vn -0.7765 0.6298 -0.0207
vn -0.0931 0.9952 -0.0298
vn -0.1561 -0.0539 -0.9863
vn -0.0235 -0.7779 -0.6279
vn -0.5929 -0.5505 -0.5877
vn -0.8374 -0.0155 -0.5463
vn -1.0000 -0.0018 -0.0061
vn -0.6966 -0.7170 -0.0256
vn 0.0542 -0.9984 -0.0168
vn -0.0000 -0.4536 -0.8912
vn 0.0031 -0.4739 -0.8806
vn -0.0000 0.9775 -0.2109
vn 0.0056 0.8995 -0.4368
vn 0.0008 -1.0000 0.0032
vn 0.0010 -0.9998 -0.0180
vn 0.0259 -0.7174 -0.6961
vn -0.0014 -0.9967 -0.0811
vn 0.0191 -0.9497 -0.3127
vn 0.0194 -0.7191 -0.6946
vn 0.0182 -0.0510 -0.9985
vn 0.0059 -0.5664 -0.8241
vn 0.0291 -0.5122 -0.8584
vn 0.0089 0.0945 -0.9955
vn -0.5449 0.6665 -0.5088
vn 0.6609 0.4697 -0.5853
vn 0.5332 -0.3517 -0.7694
vn -0.5982 -0.2434 -0.7635
vn 0.5935 -0.3569 -0.7214
vn 0.5473 -0.5136 -0.6609
vn 0.6438 0.4552 -0.6151
vn 0.3339 0.9251 -0.1808
vn -0.9557 0.2293 -0.1845
vn -0.7061 0.1927 -0.6813
vn 0.4958 0.4981 -0.7114
vn 0.4292 -0.8961 -0.1136
vn 0.9450 -0.2698 -0.1847
vn -0.5873 -0.1971 -0.7850
vn -0.9913 -0.0177 -0.1301
vn -0.9983 0.0125 -0.0569
vn -0.9944 0.0237 -0.1033
vn -0.0234 0.7324 -0.6805
vn 0.0279 0.6298 -0.7762
vn 0.4269 0.8408 -0.3328
vn 0.0517 0.9952 -0.0828
vn 0.3986 -0.8297 0.3908
vn 0.1468 0.9885 0.0351
vn 0.1827 -0.5353 -0.8247
vn -0.0307 0.8594 -0.5104
vn -0.0554 0.9953 -0.0794
vn -0.3309 0.8835 -0.3317
vn -0.1328 0.9900 0.0484
vn -0.2196 0.9599 0.1742
vn -0.2356 0.8510 0.4694
vn -0.2611 0.9202 0.2915
vn -0.3472 0.9346 0.0774
vn 0.0089 0.9999 0.0140
vn -0.0533 0.9985 -0.0112
vn -0.0509 0.9978 0.0424
vn -0.2102 0.9776 -0.0091
vn -0.5976 0.7924 0.1226
vn 0.0072 -0.9995 0.0297
vn -0.5664 -0.8228 0.0459
vn -0.9304 -0.1401 0.3386
vn -0.9884 0.1431 0.0508
vn -0.8086 -0.3685 -0.4588
vn 0.0032 -0.9941 -0.1085
vn 0.0279 -0.9995 0.0124
vn 0.0079 -0.9999 0.0106
vn -0.0770 0.9905 0.1141
vn -0.0640 -0.9106 -0.4083
vn -0.2141 0.8429 -0.4936
vn -0.4392 0.5480 -0.7119
vn -0.9095 0.3931 -0.1353
vn -0.6942 0.6947 -0.1884
vn 0.2808 0.8709 -0.4032
vn 0.1736 0.6512 -0.7388
vn 0.1885 0.8772 -0.4415
vn -0.1413 -0.1677 -0.9757
vn -0.0583 0.8796 -0.4722
vn -0.0060 0.9998 0.0181
vn -0.0032 0.9994 0.0350
vn -0.2750 0.9614 0.0023
vn -0.1888 0.9676 -0.1678
vn 0.0727 0.9907 -0.1153
vn 0.0313 0.9995 -0.0014
vn 0.3073 0.1435 -0.9407
vn 0.8349 -0.2949 -0.4648
vn 0.7829 0.6091 -0.1270
vn 0.4691 0.7733 0.4265
vn 0.3719 0.9283 -0.0012
vn 0.7937 0.5942 0.1299
vn 0.3286 0.9444 -0.0056
vn 0.9472 -0.3195 -0.0276
vn 0.9297 0.3678 -0.0164
vn 0.4068 0.9135 -0.0024
vn -0.9984 0.0482 -0.0283
vn -0.8967 -0.4409 -0.0398
vn -0.6282 -0.3931 0.6715
vn -0.6984 0.0064 0.7157
vn -0.6221 -0.5350 0.5716
vn 0.0888 -0.2919 0.9523
vn -0.2093 -0.0146 0.9777
vn -0.1022 -0.2668 0.9583
vn -0.8782 0.0006 0.4784
vn 0.0145 0.7394 0.6731
vn 0.5807 0.7499 0.3170
vn 0.7899 0.5994 0.1296
vn -0.0675 0.9563 0.2843
vn -0.8943 0.3753 0.2435
vn -0.4008 0.2823 0.8716
vn 0.0106 0.6282 0.7780
vn 0.0416 0.9956 0.0843
vn 0.3138 0.7247 0.6135
vn 0.1512 0.3284 0.9324
vn 0.0016 -0.7013 0.7129
vn -0.0204 -0.6858 0.7275
vn -0.1246 -0.5128 0.8494
vn 0.0211 -0.0332 0.9992
vn -0.5584 -0.0564 0.8276
vn -0.5126 -0.3577 0.7806
vn -0.9798 -0.0482 0.1941
vn -0.8173 -0.4225 0.3919
vn -0.0986 -0.9094 0.4041
vn 0.0059 -0.9999 0.0126
vn 0.0946 -0.9857 0.1393
vn 0.5390 -0.8423 0.0026
vn 0.0437 -0.8076 -0.5881
vn 0.0168 -0.9408 0.3385
vn 0.0559 0.0810 -0.9951
vn 0.9229 0.0114 -0.3850
vn 0.6927 -0.3741 0.6166
vn 0.7994 -0.4006 0.4478
vn 0.9018 0.1931 0.3866
vn 0.9978 -0.0644 -0.0152
vn 0.6364 -0.4720 -0.6101
vn 0.7031 -0.2048 0.6810
vn -0.0019 -0.7070 0.7072
vn -0.0029 -0.7079 -0.7063
vn 0.8152 -0.0259 -0.5786
vn 0.5565 0.0752 -0.8274
vn -0.2548 -0.9663 0.0359
vn 0.7011 -0.7127 0.0201
vn 0.6621 -0.4906 0.5665
vn 0.1115 -0.5120 0.8517
vn 0.2697 0.4873 0.8305
vn -0.0351 -0.9940 -0.1036
vn -0.8694 -0.4928 -0.0355
vn -0.7430 -0.4141 -0.5259
vn 0.1203 -0.3553 -0.9270
vn -0.9991 0.0265 0.0317
vn -0.8331 0.2172 -0.5086
vn -0.0550 0.2151 -0.9750
vn -0.5906 0.3672 0.7186
vn -0.7058 -0.4198 0.5707
vn -0.8077 0.2954 0.5102
vn -0.8642 -0.5012 0.0450
vn 0.3549 0.2089 0.9113
vn 0.5509 0.0056 0.8345
vn -0.5626 -0.0010 0.8267
vn -0.9863 -0.0041 0.1651
vn 0.0019 0.6876 0.7261
vn 0.3330 0.5616 0.7574
vn 0.2505 0.5169 -0.8185
vn 0.9668 0.1715 0.1896
vn 0.7479 0.1708 0.6415
vn -0.6702 -0.5387 0.5105
vn -0.9569 -0.2850 0.0562
vn -0.9763 0.0268 -0.2150
vn -0.8762 -0.4386 -0.1996
vn -0.6935 0.7190 -0.0453
vn -0.6729 0.7276 0.1337
vn -0.9868 -0.0240 0.1602
vn -0.5585 -0.0294 0.8289
vn -0.6600 0.0381 0.7503
vn -0.3350 -0.5404 0.7718
vn -0.9373 -0.2879 -0.1963
vn -0.9812 -0.0234 -0.1913
vn -0.7811 0.4505 -0.4323
vn -0.8570 -0.1413 -0.4955
vn -0.5529 -0.1449 -0.8206
vn -0.1448 0.6639 0.7337
vn 0.3824 -0.4270 0.8194
vn 0.6004 -0.0099 0.7997
vn 0.6623 -0.3385 0.6684
vn 0.6162 -0.3037 0.7267
vn 0.8087 0.1610 0.5657
vn -0.2057 -0.1529 -0.9666
vn -0.2607 -0.4571 -0.8504
vn 0.4329 -0.3446 -0.8330
vn 0.4289 -0.3106 -0.8483
vn 0.5009 -0.0130 -0.8654
vn -0.1751 0.9843 0.0214
vn -0.1627 0.7367 -0.6563
vn 0.5655 -0.8243 0.0279
vn 0.9666 -0.2333 0.1064
vn 0.9905 -0.0012 0.1375
vn 0.5429 0.7416 0.3940
vn 0.5706 0.7602 0.3107
vn 0.1266 0.9898 0.0654
vn 0.8872 -0.2549 -0.3845
vn 0.4111 -0.5499 -0.7271
vn 0.3706 0.3663 -0.8535
vn 0.4873 0.6250 -0.6098
vn 0.2787 0.9601 0.0233
vn -0.0186 -0.9963 -0.0843
vn -0.0502 -0.6555 -0.7535
vn -0.2344 0.1322 -0.9631
vn 0.2329 0.9610 -0.1490
vn 0.1911 0.6937 0.6944
vn -0.2103 -0.0412 0.9768
vn -0.0501 -0.7210 0.6912
vn -0.0317 -0.9272 0.3733
vn -0.0310 -0.8067 -0.5901
vn 0.0145 0.3888 -0.9212
vn -0.9417 0.2688 -0.2024
vn -0.3168 -0.1836 0.9306
vn -0.1192 0.6086 0.7845
vn -0.0197 -0.7509 -0.6601
vn -0.0131 -0.9707 0.2399
vn 0.0106 0.0003 0.9999
vn -0.9887 0.0513 0.1410
vn -0.2842 0.0424 -0.9578
vn -0.1420 0.6411 -0.7542
vn -0.1093 0.5622 -0.8198
vn -0.0997 0.8150 -0.5708
vn -0.0578 -0.5875 -0.8071
vn -0.0687 -0.3638 -0.9289
vn -0.3918 0.9190 0.0441
vn -0.9528 -0.1498 -0.2640
vn -0.2034 0.6115 0.7646
vn -0.0315 -0.0824 0.9961
vn -0.0192 -0.9831 0.1822
vn -0.5878 0.6483 0.4838
vn -0.0267 0.2122 0.9769
vn 0.0064 0.5210 0.8536
vn 0.0048 0.9730 0.2306
vn -0.5375 0.8432 -0.0059
vn -0.5166 0.4402 -0.7344
vn -0.5186 0.8283 0.2119
vn -0.7085 0.4722 0.5245
vn -0.3403 -0.4771 -0.8103
vn 0.0181 -0.4593 -0.8881
vn -0.0043 0.8330 -0.5533
vn -0.0025 0.0371 -0.9993
vn -0.0210 -0.0508 -0.9985
vn -0.0237 -0.1611 -0.9867
vn -0.0251 -0.6779 -0.7347
vn -0.0028 -0.9776 -0.2102
vn -0.4601 -0.8106 -0.3621
vn -0.7434 0.6561 -0.1302
vn 0.0041 -0.6993 0.7148
vn -0.0159 0.2047 0.9787
vn -0.0978 0.2202 0.9705
vn -0.0254 -0.6822 0.7307
vn -0.0218 0.4561 0.8897
vn -0.0507 0.4276 0.9026
vn 0.0204 -0.7048 0.7091
vn 0.0587 0.1819 0.9816
vn 0.0413 0.3604 0.9319
vn 0.0165 -0.8062 -0.5915
vn 0.0012 -0.1209 -0.9927
vn -0.0001 -0.0970 -0.9953
vn 0.0025 -0.8308 -0.5566
vn -0.4339 0.7875 -0.4378
vn -0.1228 0.6896 -0.7137
vn 0.5971 0.6499 -0.4702
vn 0.2241 -0.8814 0.4158
vn 0.4884 -0.1089 -0.8658
vn 0.8117 -0.5075 0.2891
vn -0.1341 -0.8789 0.4577
vn 0.0370 0.1309 -0.9907
vn 0.3869 0.8724 0.2987
vn 0.0785 0.8828 0.4632
vn -0.0433 -0.7070 -0.7059
vn 0.0275 -0.6042 -0.7963
vn -0.0880 0.0395 -0.9953
vn 0.1259 0.1262 -0.9840
vn -0.0072 0.9730 -0.2307
vn -0.3257 0.8037 -0.4979
vn 0.0088 0.2372 -0.9714
vn -0.0273 0.9968 0.0755
vn -0.0753 0.9553 0.2857
vn -0.0000 0.7471 -0.6647
vn -0.0000 -0.5659 -0.8245
vn -0.2926 -0.9242 -0.2453
vn -0.8302 0.5449 -0.1177
vn -0.0000 0.2938 0.9559
vn -0.6553 -0.3364 0.6763
vn -0.0000 -0.8459 0.5333
vn -0.9476 0.3057 -0.0926
vn -0.3431 -0.4011 0.8494
vn 0.3559 -0.0009 0.9345
vn 0.5001 0.7754 -0.3856
vn -0.0000 0.7908 -0.6121
vn -0.6253 0.6527 -0.4277
vn -0.6048 0.5958 0.5284
vn -0.0000 0.7177 0.6963
vn -0.0000 0.0901 0.9959
vn -0.4294 0.1039 0.8971
vn -0.3374 0.8376 -0.4295
vn -0.0000 0.6626 -0.7489
vn -0.0000 0.5036 -0.8639
vn -0.0050 0.5053 -0.8629
vn -0.0121 0.4804 -0.8770
vn -0.0226 0.9775 -0.2097
vn -0.1307 0.6413 0.7561
vn -0.0000 -0.8962 0.4437
vn -0.0000 -0.1674 0.9859
vn -0.1943 -0.7233 0.6627
vn -0.6654 0.6883 0.2890
vn -0.4136 0.6380 -0.6496
vn -0.5702 -0.4246 -0.7032
vn -0.7561 -0.6530 0.0426
vn -0.1461 -0.9686 -0.2010
vn 0.0255 -0.4217 -0.9064
vn 0.0156 0.7727 -0.6345
vn -0.1547 -0.5451 0.8240
vn -0.5542 -0.4291 0.7133
vn -0.3253 0.5950 0.7349
vn -0.0561 0.9587 0.2788
vn -0.0296 0.4956 0.8680
vn -0.1264 -0.1627 -0.9786
vn -0.5382 -0.8342 -0.1202
vn 0.0618 -0.2223 0.9730
vn 0.2934 -0.6121 0.7343
vn -0.8631 0.1437 -0.4842
vn 0.1611 -0.8703 0.4654
vn -0.0129 -0.6138 0.7894
vn -0.0358 0.4386 -0.8980
vn 0.3746 0.3306 -0.8662
vn 0.8527 -0.5163 0.0798
vn -0.0933 -0.9789 0.1819
vn 0.0241 0.6835 0.7296
vn 0.0425 0.7712 0.6351
vn -0.0679 0.5460 -0.8350
vn 0.0743 -0.9781 0.1943
vn -0.0289 0.5209 0.8531
vn 0.0581 -0.9833 -0.1722
vn 0.0207 0.5657 -0.8243
vn -0.6012 0.5643 -0.5657
vn -0.7828 -0.6207 0.0452
vn -0.2046 0.3538 0.9127
vn -0.4444 -0.8568 0.2614
vn -0.7023 -0.1617 -0.6932
vn 0.9065 -0.3949 -0.1493
vn -0.2696 -0.9407 -0.2060
vn 0.6184 0.7070 -0.3431
vn 0.6729 -0.4408 -0.5941
vn -0.7927 0.2018 -0.5752
vn -0.3356 0.0708 0.9394
vn -0.6659 -0.2714 0.6949
vn 0.1795 -0.7552 -0.6304
vn 0.2619 0.8470 0.4626
vn 0.2670 0.2299 0.9359
vn 0.0670 0.1414 0.9877
vn 0.8456 0.1222 -0.5197
vn 0.2309 -0.6584 -0.7164
vn -0.0548 0.0548 -0.9970
vn 0.0339 -0.7695 -0.6377
vn 0.0605 0.2383 0.9693
vn 0.0161 0.0099 0.9998
vn -0.0071 0.2026 -0.9792
vn -0.0151 -0.9968 0.0786
vn -0.0749 -0.9758 -0.2056
vn -0.0322 -0.4590 0.8879
vn -0.0000 -0.9473 -0.3203
vn 0.0951 0.0230 -0.9952
vn 0.0951 0.3253 -0.9408
vn 0.1546 0.2372 -0.9591
vn 0.4568 -0.8532 -0.2517
vn -0.0000 -0.9911 -0.1332
vn 0.0943 -0.9937 -0.0607
vn -0.0000 -0.8970 -0.4420
vn 0.0243 -0.9997 -0.0095
vn 0.1460 -0.7762 -0.6133
vn -0.0527 -0.9979 -0.0389
vn -0.0480 -0.9931 -0.1067
vn -0.0153 -0.7398 -0.6726
vn 0.0644 0.3072 -0.9495
vn 0.0237 -0.9996 0.0137
vn 0.0022 -0.9995 0.0303
vn -0.0163 -0.9998 0.0120
vn 0.1039 0.9946 -0.0001
vn 0.2478 0.8984 -0.3625
vn 0.1082 -0.3414 -0.9337
vn -0.1388 -0.5526 -0.8218
vn 0.0292 -0.7788 -0.6266
vn 0.0767 -0.9378 -0.3386
vn -0.0152 -0.1054 -0.9943
vn 0.0304 0.9987 0.0398
vn 0.0618 0.9863 -0.1527
vn 0.0346 0.9893 0.1418
vn 0.0197 0.9973 0.0701
vn -0.0199 0.9981 0.0587
vn 0.0141 0.7744 0.6325
vn -0.0503 -0.9613 0.2707
vn -0.0073 0.3479 -0.9375
vn 0.0017 0.7994 0.6008
vn 0.5826 -0.7769 0.2389
vn -0.0190 -0.4223 -0.9063
vn 0.6363 -0.7295 -0.2509
vn 0.3616 -0.1942 -0.9119
vn -0.2184 0.0576 -0.9742
vn -0.0947 -0.0190 -0.9953
vn 0.5724 -0.5792 0.5804
vn -0.5937 0.1427 0.7919
vn -0.9161 0.0484 -0.3980
vn -0.1583 -0.7919 -0.5898
vn 0.7982 0.4424 -0.4089
vn 0.7851 -0.1702 -0.5955
vn -0.9110 0.0231 -0.4118
vn 0.0412 0.0010 -0.9992
vn -0.9113 -0.1886 -0.3659
vn -0.9186 -0.0493 -0.3922
vn 0.5896 -0.0109 -0.8076
vn -0.0598 -0.0535 -0.9968
vn 0.0235 0.9983 0.0526
vn 0.0617 0.9949 0.0799
vn 0.0905 0.7049 0.7035
vn 0.2407 0.5548 -0.7964
vn 0.0439 0.3364 -0.9407
vn -0.3304 0.8034 -0.4953
vn 0.8983 -0.3808 0.2192
vn 0.4131 -0.0481 -0.9094
vn 0.1533 -0.8744 0.4604
vn -0.1550 -0.1486 0.9767
vn 0.0576 -0.9973 -0.0460
vn 0.0256 -0.9995 0.0169
vn 0.0141 -0.9981 0.0594
vn -0.0278 -0.9983 0.0506
vn -0.4659 -0.7735 -0.4297
vn -0.9969 0.0146 -0.0774
vn -0.2239 0.0777 -0.9715
vn -0.0212 0.9971 0.0737
vn -0.0358 0.9989 0.0310
vn -0.0044 1.0000 0.0042
vn -0.0208 0.8642 -0.5028
vn -0.0324 0.0971 -0.9947
vn -0.0234 0.0140 -0.9996
vn -0.2436 0.0111 -0.9698
vn -0.0196 -0.9998 0.0077
vn -0.0465 -0.8089 -0.5862
vn 0.0014 1.0000 -0.0029
vn -0.6054 0.7922 -0.0769
vn -0.6207 0.5793 0.5283
vn -0.0005 0.7124 0.7018
vn 0.0082 -0.6480 0.7616
vn -0.6314 -0.4922 0.5992
vn -0.8381 -0.5452 -0.0165
vn -0.2274 -0.9141 0.3357
vn -0.0013 0.9348 -0.3551
vn 0.0043 0.2573 -0.9663
vn -0.0130 0.2259 -0.9741
vn -0.4550 0.7764 -0.4360
vn -0.6992 -0.3062 -0.6460
vn -0.3223 -0.4732 -0.8199
vn 0.2938 -0.7019 -0.6488
vn -0.5788 -0.0262 -0.8151
vn -0.3604 0.0129 0.9327
vn 0.0222 -0.6798 0.7331
vn 0.0472 -0.9989 0.0085
vn 0.0060 -0.8060 -0.5919
vn 0.9892 0.0483 -0.1387
vn -0.0191 0.1473 -0.9889
vn 0.9981 0.0154 0.0596
vn 0.7679 -0.6366 0.0716
vn -0.2382 -0.3919 -0.8886
vn -0.3650 -0.0571 -0.9292
vn -0.4942 -0.0227 0.8691
vn -0.3535 -0.7114 0.6074
vn -0.0068 0.8736 0.4866
vn -0.0136 0.8334 0.5525
vn 0.0061 0.8112 0.5847
vn -0.0038 0.9012 -0.4333
vn 0.0027 0.9120 -0.4102
vn -0.0024 0.4021 -0.9156
vn -0.0156 0.4010 -0.9160
vn 0.0022 -0.0928 -0.9957
vn 0.0068 0.4304 -0.9026
vn -0.0050 -0.8027 -0.5964
vn -0.0021 0.8497 0.5272
vn -0.0448 0.8514 0.5227
vn 0.3369 0.4735 0.8138
vn -0.0013 0.7039 0.7103
vn -0.7474 0.3909 0.5371
vn -0.2910 -0.8717 0.3943
vn -0.1717 -0.5094 0.8432
vn -0.1839 0.6554 0.7325
vn -0.3083 0.9487 -0.0703
vn -0.9776 -0.2095 -0.0185
vn -0.9767 0.0771 0.2004
vn -0.2606 -0.9651 0.0252
vn 0.5790 -0.5724 0.5806
vn 0.5726 -0.7746 0.2687
vn -0.7929 -0.5762 0.1982
vn -0.0178 -0.4496 0.8931
vn 0.1780 -0.9823 -0.0581
vn -0.8712 0.4157 0.2612
vn -0.4895 0.8536 -0.1779
vn -0.0079 -0.9978 0.0662
vn -0.0013 -0.9931 0.1172
vn 0.2954 -0.6958 -0.6547
vn -0.0189 -0.4612 -0.8871
vn 0.6705 0.6508 -0.3562
vn 0.1515 0.9852 -0.0801
vn 0.1541 0.9295 -0.3351
vn 0.0243 -0.0632 0.9977
vn -0.6147 0.2618 0.7440
vn -0.8321 0.4846 -0.2699
vn -0.7245 0.6868 -0.0577
vn -0.0000 -0.7834 0.6215
vn 0.0047 -0.7767 0.6298
vn 0.0030 -1.0000 -0.0078
vn -0.0000 -1.0000 -0.0096
vn -0.0000 -0.4960 -0.8683
vn 0.0135 -0.5110 -0.8595
vn 0.8647 0.4924 0.0987
vn 0.7861 0.4513 0.4224
vn 0.4651 0.1835 0.8660
vn 0.1132 0.9584 0.2622
vn -0.8547 0.4869 0.1800
vn -0.5772 0.2932 0.7621
vn -0.3265 0.0498 0.9439
vn -0.0298 0.1036 0.9942
vn 0.0880 -0.5956 0.7984
vn 0.2952 0.6443 0.7055
vn 0.8646 0.2086 -0.4572
vn 0.8051 0.1698 0.5683
vn 0.1497 0.6052 -0.7819
vn 0.1836 0.0751 0.9801
vn -0.1748 0.0333 0.9840
vn 0.8815 -0.3665 -0.2978
vn 0.0589 -0.6761 -0.7345
vn 0.9152 0.4023 -0.0257
vn 0.6796 -0.0020 -0.7335
vn 0.6860 -0.0051 -0.7276
vn 0.5590 0.0800 -0.8253
vn 0.7846 0.5581 -0.2702
vn 0.0383 0.8316 -0.5540
vn 0.6649 0.2589 0.7006
vn -0.8504 0.0225 0.5256
vn -0.8856 0.0227 0.4640
vn -0.9998 -0.0193 0.0086
vn -0.8907 0.0099 0.4545
vn -0.8777 0.0105 0.4791
vn 0.0398 0.3168 0.9477
vn 0.1366 0.7795 0.6114
vn 0.1603 0.8937 -0.4191
vn 0.4619 -0.8869 0.0097
vn 0.9643 -0.2608 -0.0460
vn -0.5844 0.5746 0.5730
vn -0.6790 0.7330 -0.0412
vn -0.0069 1.0000 -0.0025
vn 0.0181 0.7288 0.6844
vn 0.7796 -0.4475 -0.4381
vn -0.0053 -0.7944 -0.6073
vn 0.5157 -0.8503 -0.1052
vn 0.9031 -0.3474 -0.2524
vn 0.9142 0.3846 0.1279
vn 0.7343 -0.5659 -0.3750
vn -0.3873 -0.9144 0.1179
vn -0.9473 -0.1811 0.2642
vn 0.1142 0.0340 0.9929
vn 0.2584 0.1633 0.9521
vn -0.5825 -0.7931 -0.1780
vn -0.9669 -0.1519 -0.2052
vn -0.0651 -0.9285 -0.3655
vn -0.1359 -0.9905 -0.0207
vn -0.9878 -0.1560 -0.0024
vn -0.4585 0.5280 0.7148
vn -0.7390 0.6703 0.0677
vn 0.9743 -0.0928 -0.2053
vn 0.7405 -0.2064 -0.6396
vn -0.0910 -0.1772 -0.9800
vn 0.4569 -0.0734 -0.8865
vn 0.0807 0.6983 0.7112
vn 0.0571 0.7292 0.6819
vn 0.5953 0.6485 -0.4743
vn 0.4586 0.8886 -0.0142
vn 0.0897 0.9958 -0.0172
vn 0.1624 0.9718 -0.1711
vn -0.4855 0.8735 -0.0366
vn 0.3173 -0.2520 0.9142
vn 0.0710 0.3637 0.9288
vn 0.0420 0.7759 0.6294
vn 0.0844 -0.0277 0.9961
vn -0.0041 0.9995 0.0304
vn 0.0037 0.9985 0.0545
vn 0.0122 0.9586 0.2846
vn 0.1297 0.4724 0.8718
vn 0.2573 -0.9622 0.0890
vn 0.3634 -0.6600 -0.6576
vn 0.8570 -0.4817 -0.1833
vn 0.7656 -0.5056 0.3979
vn 0.8753 0.0880 0.4755
vn 0.9832 0.0748 -0.1663
vn 0.4147 -0.0177 -0.9098
vn 0.0308 -0.6638 0.7472
vn -0.7960 -0.4809 0.3675
vn -0.5551 -0.7741 0.3043
vn 0.1448 -0.9712 0.1892
vn -0.0378 -0.9989 0.0284
vn -0.0095 -0.9931 0.1165
vn -0.1599 -0.7650 0.6239
vn -0.3047 -0.1315 0.9433
vn -0.9469 0.0042 0.3214
vn 0.8013 -0.4898 0.3435
vn 0.7984 -0.3709 0.4744
vn 0.9435 0.0022 0.3315
vn 0.8733 -0.0585 0.4837
vn 0.0573 -0.0192 0.9982
vn 0.3660 0.3864 -0.8466
vn 0.6409 0.7356 -0.2191
vn 0.0220 -0.0331 -0.9992
vn 0.0082 0.3670 -0.9302
vn 0.0257 0.9206 -0.3897
vn -0.8611 0.0431 0.5067
vn -0.6111 0.6868 0.3936
vn -0.1218 0.9658 -0.2289
vn 0.1336 -0.3069 0.9423
vn -0.9715 0.1201 0.2045
vn 0.4074 -0.1991 -0.8913
vn 0.2668 0.5812 -0.7688
vn -0.1624 0.1316 -0.9779
vn -0.0232 -0.1951 -0.9805
vn 0.6875 0.6834 0.2457
vn 0.9718 0.2290 -0.0571
vn 0.0729 0.9866 -0.1461
vn 0.9417 -0.0191 0.3360
vn 0.9230 -0.1583 -0.3508
vn 0.9758 -0.0680 0.2078
vn -0.7474 -0.2450 -0.6176
vn 0.2706 -0.4669 -0.8419
vn 0.8480 -0.3566 -0.3922
vn 0.1685 -0.9103 -0.3781
vn 0.8219 -0.4216 0.3830
vn 0.1406 -0.3728 -0.9172
vn -0.2929 -0.1098 -0.9498
vn -0.4006 -0.6137 -0.6804
vn -0.9312 -0.3602 0.0554
vn -0.8643 0.0949 -0.4940
vn -0.9399 -0.1759 0.2927
vn -0.8032 0.0791 0.5904
vn -0.9349 0.1805 0.3056
vn -0.8077 0.1258 0.5760
vn -0.6545 0.0720 0.7527
vn -0.5026 0.1364 0.8537
vn -0.0374 -0.3172 -0.9476
vn -0.0554 0.0656 -0.9963
vn 0.4358 0.0714 0.8972
vn 0.4536 0.0374 0.8904
vn -0.0245 -0.9924 -0.1208
vn 0.0408 -0.3859 0.9217
vn -0.7829 0.2974 0.5465
vn -0.8728 0.4862 -0.0422
vn 0.9944 0.0484 0.0937
vn 0.5136 0.8460 0.1434
vn 0.4632 0.5869 0.6641
vn 0.5963 -0.3768 0.7089
vn 0.0917 -0.2842 0.9544
vn -0.5412 0.0248 0.8405
vn -0.6503 0.6634 0.3703
vn 0.9508 -0.2566 0.1737
vn 0.9111 -0.3049 0.2773
vn 0.3198 -0.5201 0.7919
vn 0.8967 0.0204 0.4422
vn -0.0004 -0.4653 0.8852
vn -0.0115 0.8966 0.4428
vn -0.0060 0.4328 -0.9015
vn 0.9504 -0.1949 0.2425
vn 0.9972 0.0485 0.0562
vn 0.9382 -0.2662 -0.2212
vn 0.8890 -0.3736 0.2650
vn 0.8396 0.0175 0.5430
vn 0.7060 -0.5029 0.4986
vn -0.2854 -0.7106 0.6431
vn 0.1132 -0.5495 0.8278
vn -0.8243 -0.5168 0.2312
vn 0.7773 0.0411 0.6277
vn 0.1851 0.0691 0.9803
vn 0.1023 0.0573 0.9931
vn 0.4855 -0.7250 0.4885
vn 0.9376 -0.3112 0.1551
vn 0.9400 -0.3394 -0.0343
vn 0.5105 -0.8480 0.1423
vn 0.6245 -0.7288 0.2807
vn 0.4625 -0.8846 -0.0598
vn 0.5281 -0.6478 -0.5490
vn 0.9617 -0.2124 -0.1734
vn 0.6982 -0.4733 -0.5372
vn 0.5689 -0.7822 -0.2540
vn -0.9404 -0.2543 -0.2257
vn -0.9504 -0.2840 0.1270
vn -0.9959 0.0024 0.0908
vn -0.9975 -0.0463 -0.0526
vn -0.9997 0.0209 -0.0083
vn -0.9995 -0.0100 -0.0302
vn -0.9916 -0.0468 -0.1206
vn -0.6218 -0.5508 -0.5568
vn -0.4558 0.0034 -0.8901
vn -0.5052 0.5744 -0.6441
vn -0.9772 0.1574 -0.1428
vn -0.8959 -0.1854 0.4036
vn -0.7218 -0.1275 0.6803
vn -0.6759 0.7244 -0.1356
vn -0.9809 -0.1300 -0.1450
vn -0.4057 -0.6576 0.6348
vn -0.9336 0.2344 0.2709
vn -0.9553 -0.2903 -0.0559
vn -0.3760 -0.9229 0.0825
vn -0.6282 0.7755 0.0623
vn -0.6970 0.7132 -0.0749
vn -0.8265 0.5628 -0.0115
vn -0.5703 0.8214 -0.0071
vn -0.8200 0.3239 -0.4719
vn -0.9067 0.1486 0.3948
vn -0.3718 0.7074 0.6012
vn -0.6561 -0.6414 -0.3976
vn -0.6864 -0.7165 0.1244
vn -0.7154 -0.6112 0.3386
vn -0.3979 0.5070 0.7646
vn -0.5838 0.1791 0.7919
vn 0.7752 0.3407 0.5320
vn 0.4763 -0.4229 0.7709
vn 0.4885 0.1172 0.8646
vn 0.4501 0.5983 0.6630
vn 0.9430 0.2436 0.2268
vn 0.8858 0.3294 0.3268
vn -0.9913 -0.0986 0.0874
vn -0.9947 -0.0955 0.0375
vn -0.9902 0.1393 0.0111
vn -0.9714 0.2032 0.1228
vn -0.9259 0.3752 0.0448
vn 0.9427 0.2027 0.2651
vn 0.0231 0.8521 0.5228
vn -0.2574 0.6949 0.6715
vn -0.9722 0.1915 0.1350
vn -0.9014 0.4022 0.1604
vn 0.7565 0.5610 -0.3361
vn -0.5720 0.7280 -0.3779
vn 0.2095 0.8104 -0.5472
vn 0.9196 0.1483 -0.3638
vn -0.9957 0.0911 -0.0173
vn -0.9789 0.2024 0.0294
vn -0.6920 0.7202 0.0488
vn -0.1919 0.8717 -0.4509
vn 0.0834 0.8976 -0.4328
vn -0.9996 0.0261 -0.0100
vn 0.9584 0.2580 -0.1218
vn 0.9516 0.3067 0.0225
vn -0.0515 -0.9875 -0.1487
vn -0.0907 -0.5250 0.8462
vn 0.0366 0.8204 0.5706
vn -0.0263 0.8648 0.5014
vn -0.0554 0.9066 0.4184
vn -0.0782 0.4258 0.9014
vn 0.0200 -0.9991 0.0364
vn -0.0094 -0.5725 0.8199
vn -0.0355 -0.7472 0.6637
vn 0.9593 -0.0385 0.2796
vn 0.4446 0.0905 0.8911
vn -0.5069 0.2623 0.8211
vn 0.2172 0.9410 -0.2596
vn 0.3048 -0.4906 -0.8163
vn 0.7306 0.5239 0.4380
vn 0.0478 0.7330 -0.6786
vn -0.1037 0.6033 -0.7907
vn -0.4653 -0.5496 -0.6939
vn -0.2897 -0.9433 -0.1621
vn -0.0013 1.0000 0.0075
vn -0.7067 0.7074 0.0063
vn -0.6403 0.5844 0.4985
vn -0.3745 0.8618 0.3422
vn -0.7359 -0.6767 -0.0210
vn -0.9161 -0.3234 0.2372
vn 0.9640 0.2655 -0.0148
vn 0.9662 0.2557 -0.0327
vn 0.5593 0.8285 -0.0291
vn 0.4973 0.8673 -0.0208
vn 0.0158 0.9998 -0.0158
vn -0.2893 0.9328 -0.2148
vn 0.8584 0.2157 -0.4654
vn 0.4725 0.7291 -0.4951
vn -0.5581 0.5675 -0.6054
vn 0.9179 -0.3961 0.0247
vn 0.8545 -0.5188 -0.0277
vn 0.3438 -0.9363 0.0711
vn 0.4764 -0.7418 0.4720
vn 0.8329 -0.2909 -0.4709
vn 0.8253 -0.1328 -0.5489
vn -0.6209 -0.4504 -0.6416
vn -0.5861 0.5942 -0.5508
vn -0.7790 -0.5881 0.2174
vn -0.7054 0.7087 -0.0071
vn -0.7455 -0.6663 0.0147
vn -0.9924 -0.0041 -0.1228
vn -0.4889 0.0715 -0.8694
vn -0.2737 0.0477 -0.9606
vn -0.0822 -0.9953 0.0513
vn -0.8603 0.0040 0.5098
vn 0.1790 0.0070 0.9838
vn 0.9593 0.0027 0.2825
vn 0.8103 -0.0291 -0.5854
vn 0.5670 0.0482 -0.8223
vn -0.9051 -0.0133 -0.4251
vn -0.2512 0.0903 0.9637
vn -0.1891 0.7728 0.6058
vn 0.3054 0.8178 0.4878
vn 0.8004 0.0972 0.5916
vn -0.0017 0.5217 0.8531
vn -0.0068 0.5710 0.8209
vn 0.0184 0.9994 0.0296
vn 0.5271 0.8498 -0.0015
vn 0.0032 0.9846 0.1749
vn 0.0072 0.5944 0.8041
vn 0.9485 0.0667 -0.3098
vn 0.0597 -0.9979 0.0240
vn 0.0192 -0.9795 0.2004
vn 0.0463 -0.7867 0.6156
vn 0.3507 -0.9268 0.1343
vn -0.2685 -0.5147 0.8142
vn -0.0132 -0.2296 0.9732
vn -0.0447 -0.3125 0.9489
vn -0.9523 0.0331 0.3033
vn -0.7337 0.6526 0.1890
vn 0.0063 0.4784 0.8781
vn -0.0212 0.9416 0.3360
vn -0.0844 0.9956 0.0411
vn 0.6357 -0.6277 0.4492
vn 0.3245 0.6468 -0.6902
vn 0.2165 -0.0230 -0.9760
vn -0.8083 -0.0281 -0.5880
vn -0.3964 0.6753 -0.6220
vn 0.0337 0.9896 -0.1398
vn -0.0184 0.4500 -0.8928
vn 0.0323 0.4975 -0.8669
vn 0.0217 0.5865 -0.8097
vn -0.0000 -0.5396 0.8420
vn -0.0131 -0.5699 0.8216
vn -0.2583 -0.7165 0.6480
vn -0.0000 -0.9245 0.3811
vn -0.0242 0.0098 0.9997
vn 0.4665 -0.6646 0.5837
vn -0.8814 0.0140 0.4721
vn -0.0000 -0.9820 0.1887
vn -0.0000 -0.9905 -0.1374
vn 0.6927 -0.6482 -0.3163
vn 0.0813 -0.7566 -0.6488
vn -0.0000 -0.9787 -0.2054
vn 0.9521 0.0008 -0.3059
vn 0.2764 0.0169 -0.9609
vn -0.0000 -0.8189 -0.5739
vn 0.0136 -0.8088 -0.5879
vn -0.0360 -0.6409 0.7668
vn -0.0896 -0.9854 0.1451
vn -0.0861 -0.9961 -0.0200
vn -0.5712 -0.7852 -0.2391
vn -0.8022 0.0143 -0.5969
vn -0.0120 -0.8219 -0.5694
vn -0.0598 -0.9925 -0.1064
vn 0.6993 0.5037 -0.5073
vn -0.2563 0.6862 -0.6808
vn -0.7002 0.2780 -0.6576
vn 0.5450 0.1265 -0.8288
vn -0.1483 0.7255 0.6721
vn -0.6583 0.3099 0.6860
vn -0.0467 -0.1119 0.9926
vn -0.4548 -0.1368 0.8800
vn -0.2591 0.0246 0.9655
vn -0.3589 0.0161 0.9332
vn 0.9969 0.0291 -0.0727
vn 0.9819 -0.0600 -0.1798
vn -0.0043 -0.9998 0.0207
vn -0.0081 -0.9999 0.0095
vn 0.0429 -0.9750 -0.2178
vn -0.2272 -0.9732 -0.0361
vn -0.0036 -1.0000 -0.0013
vn 0.0006 -1.0000 -0.0095
vn -0.0000 -0.9999 -0.0114
vn -0.0000 -0.7722 0.6354
vn -0.6847 -0.5053 -0.5252
vn 0.4303 -0.2383 -0.8707
vn -0.1778 -0.8944 0.4105
vn -0.8851 -0.4511 0.1144
vn -0.0942 -0.0034 0.9955
vn -0.8287 -0.0039 0.5597
vn -0.9896 -0.0158 -0.1427
vn -0.2858 0.0021 0.9583
vn -0.8819 0.0031 0.4715
vn -0.7136 0.4424 0.5433
vn -0.2422 0.0401 0.9694
vn -0.8925 0.0060 -0.4509
vn -0.5238 0.4898 -0.6970
vn -0.0860 0.8176 -0.5694
vn -0.1660 0.9668 0.1943
vn -0.0807 0.0668 0.9945
vn -0.1931 0.2743 0.9420
vn -0.1145 0.4133 0.9034
vn -0.1561 -0.0301 0.9873
vn -0.8845 -0.0135 0.4664
vn -0.5248 -0.6647 0.5317
vn 0.0954 -0.5394 0.8366
vn 0.7124 -0.6708 0.2060
vn -0.6759 -0.7299 -0.1026
vn -0.9514 -0.0196 -0.3074
vn -0.4138 -0.6360 -0.6514
vn 0.5090 -0.6164 -0.6008
vn 0.5633 0.0111 0.8262
vn 0.7493 -0.1744 0.6388
vn 0.9978 -0.0466 -0.0472
vn 0.6422 -0.0538 -0.7646
vn -0.3314 -0.0247 -0.9432
vn -0.0874 -0.0156 -0.9961
vn 0.0412 -0.0563 -0.9976
vn 0.4895 -0.6169 -0.6162
vn 0.7555 -0.0731 -0.6510
vn 0.1384 0.0374 -0.9897
vn 0.0639 -0.0901 -0.9939
vn 0.8302 -0.0947 0.5494
vn 0.4134 -0.2039 0.8874
vn 0.0135 -0.2151 -0.9765
vn -0.0925 -0.9505 -0.2965
vn 0.4985 0.2298 -0.8359
vn 0.2231 0.5387 -0.8124
vn 0.9090 0.1185 -0.3996
vn 0.4698 0.8755 -0.1135
vn 0.4067 0.0043 -0.9135
vn 0.1272 -0.0130 0.9918
vn 0.4988 0.0665 0.8641
vn -0.0979 0.4662 0.8793
vn 0.3529 0.3535 0.8663
vn -0.1515 -0.7364 0.6593
vn 0.9479 0.1678 0.2708
vn -0.3235 -0.0009 0.9462
vn 0.1174 0.0199 0.9929
vn 0.0174 -0.1900 -0.9816
vn -0.0569 -0.2889 -0.9557
vn -0.0132 -0.3996 -0.9166
vn -0.1276 0.0870 -0.9880
vn 0.1916 0.9778 0.0846
vn -0.6974 0.7145 0.0564
vn -0.6223 0.6699 0.4049
vn 0.1598 0.5204 0.8388
vn -0.0689 -0.6542 0.7532
vn -0.7781 -0.4165 0.4702
vn -0.8875 -0.4608 0.0036
vn 0.5665 -0.7475 0.3468
vn 0.8517 0.2888 0.4373
vn 0.9160 0.3954 0.0682
vn 0.6642 -0.7468 0.0328
vn -0.1591 -0.9872 0.0051
vn -0.0325 -0.9916 0.1254
vn -0.2323 -0.9691 -0.0831
vn -0.5120 -0.7849 -0.3489
vn -0.0003 -0.7695 -0.6387
vn -0.9563 -0.2574 -0.1388
vn -0.7885 0.0320 -0.6142
vn -0.0000 0.2459 -0.9693
vn -0.8878 0.4560 -0.0624
vn -0.6812 0.6276 -0.3769
vn -0.0052 -0.5668 0.8239
vn 0.0183 -0.9928 -0.1184
vn -0.1597 -0.9871 -0.0068
vn -0.0634 -0.4926 0.8679
vn -0.0000 -0.4687 0.8833
vn -0.0000 -0.9305 0.3663
vn -0.2572 -0.0141 -0.9663
vn 0.9997 0.0213 0.0092
vn 0.6534 0.0082 0.7570
vn 0.3843 0.2928 0.8756
vn 0.8249 0.5630 0.0506
vn -0.0000 0.5437 0.8393
vn -0.0000 0.9973 0.0728
vn -0.0000 0.7311 -0.6823
vn 0.4909 0.3790 -0.7845
vn -0.0000 -0.3632 -0.9317
vn 0.0263 -0.3669 -0.9299
vn -0.0000 0.7960 0.6053
vn -0.0000 0.9971 -0.0761
vn 0.8187 0.5053 0.2730
vn 0.1345 0.9774 -0.1632
vn 0.9696 0.0131 -0.2444
vn 0.8669 0.2589 -0.4261
vn 0.1812 -0.0026 -0.9834
vn 0.5666 0.0156 -0.8239
vn 0.2347 0.7401 -0.6302
vn 0.0177 0.2294 -0.9732
vn -0.1605 -0.0119 -0.9870
vn -0.2294 0.0026 -0.9733
vn 0.1566 -0.4268 0.8907
vn 0.0844 0.3543 0.9313
vn 0.2299 0.1136 0.9666
vn 0.0049 0.0232 0.9997
vn 0.0523 0.8916 0.4498
vn 0.5317 0.8393 0.1136
vn 0.8356 0.0453 0.5474
vn 0.1518 -0.0126 0.9883
vn 0.2257 -0.5605 -0.7968
vn 0.8846 -0.2365 -0.4019
vn -0.0060 0.0507 0.9987
vn 0.3886 -0.1882 0.9020
vn 0.7754 -0.4570 0.4358
vn 0.1136 -0.9932 -0.0262
vn 0.6143 -0.0424 -0.7879
vn 0.5558 -0.5799 -0.5957
vn 0.9940 0.0012 -0.1097
vn 0.7441 -0.6666 -0.0447
vn 0.1077 -0.8278 0.5506
vn -0.5747 -0.5990 0.5576
vn 0.0691 -0.7695 0.6348
vn -0.5764 -0.2888 0.7644
vn 0.6379 -0.6036 0.4783
vn 0.9111 -0.3165 0.2640
vn -0.8968 0.2588 0.3588
vn -0.9291 0.0551 0.3656
vn -0.8534 -0.5131 0.0922
vn 0.1013 -0.9937 0.0478
vn 0.9458 0.3232 0.0313
vn 0.8768 -0.4806 0.0157
vn 0.9952 0.0794 0.0568
vn -0.5879 0.8066 0.0615
vn 0.4860 0.3512 0.8003
vn -0.9928 0.1174 -0.0239
vn 0.2424 0.9666 0.0830
vn 0.8050 0.4875 0.3382
vn 0.9894 -0.0933 0.1112
vn -0.6970 -0.6859 0.2092
vn -0.0243 -0.9584 0.2844
vn -0.1124 -0.7398 0.6633
vn -0.5144 -0.4447 0.7333
vn 0.0537 -0.3178 0.9466
vn -0.0039 -0.5998 0.8001
vn 0.0876 -0.8467 0.5249
vn 0.7835 -0.5684 0.2511
vn -0.9862 -0.0394 0.1607
vn -0.7084 -0.0053 -0.7058
vn -0.5142 -0.6779 -0.5254
vn 0.5658 -0.8060 -0.1738
vn 0.5544 -0.6934 -0.4602
vn -0.4221 -0.6061 -0.6742
vn 0.8400 -0.0813 0.5364
vn 0.8687 -0.1048 0.4842
vn 0.0404 0.0334 0.9986
vn 0.0376 -0.0834 0.9958
vn -0.3715 -0.9284 -0.0006
vn 0.6130 -0.7900 0.0105
vn 0.6925 -0.6869 -0.2205
vn -0.3801 -0.9044 -0.1937
vn 0.9464 -0.2891 -0.1440
vn 0.9496 0.0035 -0.3136
vn -0.9195 -0.3928 -0.0182
vn -0.8910 -0.4539 0.0116
vn -0.9677 0.0981 -0.2320
vn -0.8549 0.5187 -0.0044
vn -0.1582 0.9874 -0.0060
vn -0.3938 0.7285 -0.5606
vn -0.1882 0.1424 -0.9718
vn -0.8073 0.0528 -0.5878
vn 0.9929 -0.1144 0.0329
vn 0.7903 0.5207 -0.3230
vn 0.3649 0.0950 -0.9262
vn 0.9117 0.0558 -0.4071
vn 0.9840 -0.0006 -0.1781
vn 0.9365 -0.0012 -0.3508
vn 0.9974 0.0086 0.0722
vn 0.7266 -0.1131 0.6777
vn -0.0185 -0.0404 0.9990
vn 0.2531 0.3497 -0.9020
vn 0.0596 0.3739 -0.9255
vn 0.0498 -0.0058 -0.9987
vn 0.0401 0.4587 -0.8877
vn -0.2546 -0.3331 0.9078
vn -0.7858 -0.5795 0.2162
vn -0.7159 -0.0358 0.6973
vn -0.0040 -0.0390 0.9992
vn -0.8101 -0.0163 0.5860
vn 0.0668 -0.3874 -0.9195
vn -0.2265 -0.9148 -0.3345
vn 0.4838 -0.8337 -0.2662
vn 0.7383 -0.2454 -0.6282
vn 0.9903 0.1387 0.0018
vn 0.9483 -0.1973 -0.2485
vn 0.8766 -0.4108 0.2505
vn -0.9587 -0.0064 -0.2844
vn -0.4906 -0.0074 -0.8714
vn -0.6824 0.3623 -0.6348
vn -0.9704 0.0239 -0.2404
vn 0.4691 0.6296 -0.6194
vn -0.2589 0.9513 -0.1672
vn -0.9787 0.0036 -0.2054
vn -0.9751 0.0924 -0.2017
vn -0.8296 0.5579 0.0235
vn -0.7090 -0.2881 -0.6437
vn -0.9636 -0.0072 -0.2673
vn -0.9401 -0.3386 -0.0396
vn 0.9272 0.1027 0.3603
vn 0.3582 0.8999 0.2488
vn 0.6075 0.7943 0.0036
vn 0.0014 1.0000 -0.0024
vn 0.0044 1.0000 -0.0017
vn 0.3768 -0.0797 0.9229
vn 0.1598 0.6757 0.7197
vn 0.0414 0.9988 -0.0256
vn 0.1051 0.9922 -0.0670
vn 0.0563 0.9973 -0.0466
vn 0.6690 -0.7388 0.0813
vn 0.3118 -0.9011 0.3012
vn 0.0053 -1.0000 0.0021
vn 0.0251 -0.9996 -0.0117
vn 0.0263 -0.9996 -0.0066
vn 0.3040 -0.9244 -0.2305
vn -0.3565 -0.5951 0.7202
vn 0.0886 -0.1784 0.9800
vn 0.5508 -0.3281 0.7675
vn 0.0222 -0.2394 0.9707
vn -0.2839 0.5203 0.8054
vn 0.5723 0.4516 0.6845
vn -0.0594 0.5345 0.8431
vn 0.4251 0.0056 0.9051
vn 0.3382 0.0180 0.9409
vn -0.0714 -0.0068 0.9974
vn 0.2138 0.0265 0.9765
vn -0.6660 -0.0756 0.7421
vn -0.9929 -0.1167 -0.0219
vn -0.5063 -0.7563 -0.4143
vn -0.2526 0.9587 0.1306
vn -0.3594 -0.1356 -0.9233
vn -0.7505 -0.0320 -0.6601
vn -0.1162 0.0212 -0.9930
vn -0.1153 0.0013 -0.9933
vn -0.2783 0.4505 -0.8483
vn 0.0859 0.0174 0.9962
vn -0.7221 0.0190 0.6915
vn -0.8291 0.2332 -0.5081
vn -0.9319 0.0114 -0.3627
vn -0.2435 0.0415 -0.9690
vn 0.0896 0.5128 0.8539
vn 0.7772 0.6253 0.0696
vn 0.7528 -0.3353 0.5664
vn 0.8700 -0.4787 -0.1178
vn -0.4410 0.2894 -0.8496
vn -0.3646 0.2560 -0.8953
vn -0.7540 0.5375 0.3777
vn -0.6656 0.4486 0.5964
vn 0.5009 -0.3878 0.7738
vn 0.6120 -0.4297 -0.6640
vn 0.5781 -0.3359 -0.7436
vn -0.6527 0.1900 -0.7334
vn -0.4893 0.3586 -0.7950
vn 0.5572 -0.4247 -0.7136
vn -0.2525 -0.8941 0.3699
vn -0.2551 -0.9449 -0.2052
vn 0.2884 -0.8827 -0.3710
vn -0.0886 0.9765 -0.1963
vn -0.0400 0.5466 -0.8365
vn 0.0493 -0.9982 -0.0354
vn -0.0190 -0.8694 -0.4937
vn -0.0149 -0.8563 -0.5163
vn -0.0394 -0.5325 0.8455
vn -0.9687 0.2453 -0.0374
vn -0.0007 0.9999 0.0131
vn 0.0057 0.9999 0.0109
vn 0.2970 0.9219 0.2488
vn 0.1129 0.8638 0.4911
vn 0.2989 0.2418 0.9232
vn 0.8522 0.2870 0.4375
vn -0.2999 0.9528 0.0474
vn -0.3704 0.9288 -0.0094
vn 0.0753 -0.9910 0.1104
vn 0.0894 -0.8919 0.4433
vn 0.5167 -0.6863 0.5119
vn 0.5407 -0.8297 0.1388
vn 0.9537 -0.1012 0.2832
vn 0.6996 -0.7144 0.0160
vn 0.2716 -0.3017 0.9139
vn -0.0731 0.9968 -0.0315
vn 0.0444 0.9791 -0.1984
vn 0.4031 0.7511 -0.5229
vn -0.0115 0.9999 0.0007
vn 0.0108 0.7801 -0.6256
vn 0.0144 0.1362 -0.9906
vn -0.0363 0.9991 0.0206
vn 0.6116 0.7911 0.0060
vn -0.0060 -0.9998 -0.0188
vn 0.0086 -0.9998 -0.0189
vn 0.3280 -0.8723 -0.3627
vn 0.0125 -0.7751 -0.6318
vn 0.0138 -0.9999 -0.0036
vn 0.0464 -0.9986 -0.0245
vn 0.9922 0.0899 -0.0865
vn 0.6128 -0.0352 -0.7894
vn 0.8138 -0.5748 -0.0855
vn 0.0247 -0.1100 -0.9936
vn 0.1649 -0.9859 -0.0278
vn -0.2951 -0.9554 0.0134
vn -0.1781 -0.9815 0.0698
vn -0.9880 -0.1547 0.0031
vn -0.5762 -0.8171 -0.0213
vn -0.9413 -0.3288 -0.0759
vn -0.9978 -0.0559 -0.0360
vn -0.9998 -0.0206 0.0025
vn -0.9994 -0.0201 0.0269
vn -0.9173 0.3951 0.0502
vn -0.8137 0.5796 0.0448
vn -0.6045 0.7966 0.0075
vn -0.6898 0.7232 -0.0344
vn -0.9005 -0.4305 0.0618
vn -0.9999 0.0138 0.0052
vn -0.9985 0.0480 -0.0272
vn -0.9830 0.1829 0.0152
vn -0.0302 -0.9995 -0.0131
vn -0.7183 -0.6946 -0.0390
vn -0.1266 -0.9899 -0.0641
vn -0.9913 -0.1245 0.0424
vn 0.9930 -0.0897 -0.0771
vn 0.9868 0.1568 -0.0401
vn 0.7059 0.7082 -0.0143
vn 0.9974 0.0698 0.0200
vn 0.9654 -0.1767 -0.1919
vn 0.9508 0.0632 -0.3033
vn -0.6301 0.5949 0.4991
vn -0.7926 0.0204 0.6094
vn -0.5290 0.5421 0.6529
vn -0.0255 0.8714 0.4898
vn -1.0000 -0.0032 0.0016
vn -0.7126 0.7016 0.0030
vn -0.0096 0.9999 0.0029
vn 0.9578 -0.2776 -0.0749
vn 0.5449 -0.8278 -0.1336
vn -0.5994 -0.4587 0.6560
vn -0.1452 -0.8878 0.4367
vn -0.0196 -0.7266 0.6868
vn 0.0379 -0.5312 0.8464
vn 0.5776 -0.7297 0.3660
vn 0.0899 -0.6292 0.7721
vn 0.0181 -0.6700 0.7421
vn 0.0188 -0.9998 -0.0027
vn -0.0075 -0.8794 -0.4760
vn 0.5246 -0.6692 -0.5263
vn -0.7533 -0.4054 0.5179
vn -0.2377 -0.6405 0.7302
vn -0.7966 -0.0083 0.6045
vn -0.0090 0.9999 -0.0103
vn -0.0915 0.7101 -0.6981
vn -0.5681 0.5928 -0.5709
vn -0.7200 0.6926 -0.0446
vn -0.9995 0.0106 -0.0297
vn -0.8122 0.0045 -0.5833
vn -0.1901 0.0007 -0.9818
vn -0.0126 -0.3266 -0.9451
vn 0.0524 -0.3478 -0.9361
vn 0.0033 -0.3301 -0.9439
vn -0.0966 -0.1009 -0.9902
vn -1.0000 -0.0000 0.0036
vn -0.9072 -0.4167 0.0583
vn -0.7549 -0.4955 0.4297
vn 0.1208 -0.0030 0.9927
vn -0.8456 -0.0023 0.5338
vn -0.9121 -0.0123 -0.4097
vn -0.7867 -0.3718 -0.4929
vn -0.9236 -0.2873 -0.2536
vn -0.9948 -0.0315 -0.0970
vn -0.7499 -0.2120 -0.6267
vn 0.9783 0.0099 -0.2072
vn 0.9835 0.0076 0.1805
vn 0.6172 0.0480 0.7854
vn 0.9938 0.0009 0.1110
vn 0.2611 0.1466 0.9541
vn 0.8038 0.5325 0.2653
vn 0.4700 0.0195 0.8824
vn -0.0076 -0.6517 -0.7584
vn -0.0090 0.2804 -0.9598
vn 0.3580 0.8699 -0.3392
vn 0.8814 0.4044 -0.2441
vn 0.9653 0.0156 -0.2606
vn 0.5166 0.0175 -0.8561
vn -0.5435 0.0003 -0.8394
vn 0.3778 -0.8735 0.3069
vn 0.5188 -0.6646 0.5378
vn 0.4119 -0.6654 0.6226
vn 0.9020 -0.3462 0.2578
vn 0.7237 -0.6782 0.1274
vn -0.1384 -0.9872 0.0793
vn 0.9806 -0.0703 0.1829
vn 0.5628 0.0327 0.8259
vn 0.0180 0.2028 0.9790
vn -0.1074 0.8150 0.5694
vn 0.5210 0.7439 0.4186
vn 0.8669 0.4856 0.1124
vn 0.5376 0.8377 0.0966
vn 0.3440 0.9389 -0.0099
vn 0.9036 0.4142 0.1096
vn -0.8813 -0.4706 0.0436
vn -0.9475 0.3012 0.1073
vn -0.4243 0.2400 0.8732
vn -0.7334 -0.0620 0.6770
vn -0.2600 0.9169 0.3029
vn 0.9702 -0.1011 -0.2202
vn 0.4429 -0.2494 -0.8612
vn 0.6375 -0.7685 -0.0542
vn -0.0696 -0.9975 -0.0128
vn 0.6437 0.7164 -0.2693
vn 0.3040 0.6851 -0.6620
vn 0.1465 0.9892 -0.0028
vn -0.5939 -0.8045 -0.0013
vn -0.7645 -0.6441 -0.0249
vn -0.6108 -0.7917 0.0133
vn -0.5860 0.7943 0.1605
vn -0.7138 0.7003 0.0108
vn -0.6126 0.7881 -0.0609
vn -0.5889 0.7750 -0.2293
vn -0.9903 -0.1383 0.0142
vn -0.9661 -0.1927 0.1717
vn -0.9901 -0.1240 0.0659
vn -0.8713 0.4905 -0.0154
vn -0.9965 0.0586 -0.0588
vn -0.9784 -0.1523 -0.1395
vn -0.8237 -0.5662 -0.0321
vn -0.9748 0.2224 -0.0163
vn -0.5142 0.8576 -0.0081
vn 0.2515 0.9679 0.0013
vn 0.8582 0.5132 -0.0006
vn 0.9999 -0.0136 -0.0034
vn 0.7057 -0.7085 -0.0032
vn -0.1732 -0.9847 -0.0204
vn -0.5279 -0.8492 0.0121
vn -0.9738 -0.2266 0.0202
vn -0.7151 0.6989 0.0125
vn -0.7388 -0.0205 0.6736
vn -0.9713 -0.1454 0.1881
vn -0.9701 -0.0092 -0.2425
vn -0.5599 0.0079 -0.8285
vn -0.9821 0.0052 -0.1880
vn -0.9826 0.0091 -0.1854
vn -0.5310 0.0145 -0.8472
vn 0.6170 0.0074 -0.7869
vn 0.5105 0.0164 -0.8597
vn -0.4570 0.0132 -0.8894
vn 0.7411 -0.0093 -0.6713
vn 0.9738 -0.0068 0.2275
vn 0.7807 0.0049 -0.6249
vn 0.9609 0.0012 0.2769
vn 0.3511 0.0111 0.9363
vn 0.4413 0.0167 0.8972
vn -0.7980 0.0093 0.6026
vn -0.7663 0.0124 0.6423
vn -0.7078 0.0168 0.7062
vn -0.9636 -0.0014 -0.2675
vn -0.9760 0.0045 -0.2178
vn -0.3776 0.0034 -0.9260
vn -0.9492 -0.0016 -0.3146
vn -0.3009 0.0045 -0.9537
vn 0.8035 0.0067 -0.5952
vn -0.2305 0.0072 -0.9730
vn 0.8278 0.0068 -0.5610
vn 0.9321 -0.0042 0.3622
vn 0.9496 -0.0008 0.3135
vn 0.1890 -0.0014 0.9820
vn 0.2733 0.0039 0.9619
vn -0.8386 0.0051 0.5447
vn -0.8228 0.0026 0.5683
vn -0.9244 0.0009 -0.3815
vn -0.9352 -0.0015 -0.3540
vn -0.1541 0.0067 -0.9880
vn 0.8528 0.0078 -0.5221
vn 0.9059 -0.0063 0.4234
vn 0.0537 -0.0310 0.9981
vn -0.7045 -0.0054 0.7097
vn -0.4270 -0.4660 0.7749
vn 0.7521 0.0083 0.6590
vn 0.9823 0.1743 -0.0684
vn 0.9997 0.0040 0.0260
vn 0.4706 0.8726 -0.1307
vn 0.0055 0.9994 0.0345
vn -0.0113 0.9437 -0.3306
vn 0.0056 0.9937 0.1119
vn -0.0018 0.9644 -0.2644
vn -0.0036 0.4962 -0.8682
vn -0.0311 0.4142 -0.9096
vn -0.0041 -0.3365 -0.9417
vn -0.0153 -0.4891 -0.8721
vn -0.0025 -0.9051 -0.4252
vn 0.0291 -0.9522 -0.3042
vn 0.4528 -0.8233 -0.3424
vn -0.0045 -0.9995 0.0317
vn -0.0027 -0.8636 -0.5042
vn 0.0001 -1.0000 0.0011
vn 0.0022 -0.8075 0.5898
vn -0.0031 -0.7458 0.6662
vn 0.0019 -0.1549 0.9879
vn -0.0001 -0.0468 0.9989
vn 0.0028 0.5686 0.8226
vn 0.0021 0.6544 0.7562
vn 0.0023 0.9839 0.1789
vn 0.0028 0.5413 0.8408
vn 0.0025 0.9769 0.2139
vn 0.0030 0.9728 -0.2316
vn 0.0002 0.9709 -0.2393
vn 0.0021 0.5257 -0.8506
vn -0.0013 0.5175 -0.8557
vn -0.0003 -0.2259 -0.9741
vn -0.0037 -0.2563 -0.9666
vn 0.0002 -0.8466 -0.5322
vn -0.0000 -0.2156 -0.9765
vn -0.0000 -0.8451 -0.5345
vn -0.0000 -0.9998 0.0185
vn 0.0018 -0.9999 0.0100
vn -0.0000 -0.8156 0.5786
vn 0.0064 -0.8198 0.5726
vn -0.0000 -0.1852 0.9827
vn 0.0035 -0.1833 0.9830
vn -0.0000 0.5320 0.8468
vn -0.0000 0.9755 0.2200
vn -0.0000 0.9734 -0.2290
vn -0.0000 0.5210 -0.8536
vn -0.6871 -0.0089 0.7265
vn -0.6836 0.0157 0.7297
vn -1.0000 0.0037 -0.0088
vn -0.7810 0.0349 0.6236
vn -1.0000 -0.0009 0.0009
vn -0.8167 0.0081 -0.5770
vn -0.8779 0.0021 -0.4788
vn -1.0000 -0.0011 -0.0016
vn -0.8828 0.0073 -0.4697
vn -0.2563 0.0161 -0.9665
vn 0.6095 -0.0037 -0.7928
vn 0.9853 -0.0046 -0.1708
vn -0.1015 -0.0298 -0.9944
vn 0.9884 -0.0181 0.1510
vn -0.0085 0.7654 0.6435
vn -0.0120 0.1431 0.9896
vn -0.0110 -0.6244 0.7810
vn -0.0084 -0.7153 0.6987
vn 0.0046 -0.1041 0.9946
vn 0.0075 -0.7686 0.6397
vn -0.0109 -0.9903 0.1382
vn -0.0098 -0.9987 0.0490
vn -0.0078 -0.9952 -0.0974
vn 0.0001 -0.9896 -0.1436
vn -0.0237 -0.6921 -0.7215
vn -0.0259 0.0705 -0.9972
vn 0.0003 0.1138 -0.9935
vn -0.0148 0.4307 -0.9024
vn 0.0047 0.8603 -0.5097
vn 0.0024 0.6861 -0.7275
vn -0.0140 0.9880 -0.1539
vn -0.0023 0.9996 -0.0275
vn 0.0003 1.0000 -0.0027
vn -0.0010 0.9999 -0.0130
vn -0.0001 1.0000 -0.0007
vn 0.0066 0.9977 0.0670
vn 0.0045 0.9851 0.1717
vn 0.0033 0.9628 0.2703
vn -0.0000 1.0000 0.0005
vn -0.0000 0.9520 0.3059
vn 0.0053 0.6124 0.7905
vn 0.0038 0.4984 0.8669
vn -0.0000 0.4530 0.8915
vn -0.0055 -0.1567 0.9876
vn -0.0000 -0.1471 0.9891
vn -0.0000 1.0000 -0.0064
vn -0.0005 -0.8124 0.5831
vn -0.0000 -0.9995 0.0317
vn -0.0000 -0.7611 0.6487
vn -0.0000 -0.9994 -0.0339
vn -0.0000 -0.9436 -0.3310
vn 0.0086 0.0570 -0.9983
vn -0.0000 0.0996 -0.9950
vn -0.0000 -0.3239 -0.9461
vn 0.0037 -0.3108 -0.9505
vn 0.0039 -0.8898 -0.4564
vn -0.0000 -0.8998 -0.4364
vn -0.0005 -0.2893 -0.9573
vn -0.0008 -0.8787 -0.4774
vn -0.0000 -1.0000 0.0060
vn -0.0000 -1.0000 0.0061
vn -0.0000 -1.0000 0.0057
vn -0.0001 -0.7013 0.7129
vn 0.0003 -0.7013 0.7128
vn 0.0001 0.5432 0.8396
vn 0.0001 0.7036 0.7106
vn -0.0005 0.7032 0.7110
vn 0.0002 0.9845 0.1755
vn -0.0000 1.0000 0.0050
vn -0.0002 1.0000 0.0045
vn 0.0002 1.0000 0.0035
vn 0.0001 1.0000 -0.0073
vn -0.0001 1.0000 -0.0089
vn -0.0001 1.0000 -0.0096
vn -0.0022 1.0000 0.0027
vn -0.0015 0.9999 -0.0101
vn 0.0002 0.7043 -0.7099
vn 0.0072 0.7135 -0.7006
vn -0.0051 0.7232 -0.6906
vn 0.0115 0.0115 -0.9999
vn -0.0086 0.0193 -0.9998
vn -0.2902 -0.2223 -0.9308
vn 0.0010 0.0047 -1.0000
vn 0.0019 0.7073 -0.7069
vn 0.0015 0.0087 -1.0000
vn 0.0114 0.7385 -0.6742
vn -0.0000 1.0000 -0.0040
vn -0.0000 1.0000 -0.0017
vn -0.0000 0.7837 -0.6211
vn -0.0000 0.9113 0.4117
vn -0.0000 -0.7016 0.7125
vn -0.0000 0.3388 0.9408
vn -0.0247 -0.8503 0.5257
vn 0.9335 -0.3586 -0.0047
vn 0.4103 -0.9119 -0.0013
vn 0.8979 -0.4402 -0.0003
vn 0.3075 -0.9515 -0.0013
vn 0.9944 0.1049 0.0101
vn 0.6243 0.7810 0.0165
vn -0.9862 0.1653 0.0062
vn -0.9999 0.0130 0.0009
vn -0.6793 0.7337 -0.0121
vn -0.8475 0.3190 -0.4243
vn -0.4871 -0.8638 0.1287
vn -0.9222 0.3866 -0.0072
vn -0.1738 0.9841 0.0371
vn -0.9986 -0.0493 0.0188
vn -0.9999 -0.0070 0.0153
vn -0.8678 -0.4965 0.0173
vn -0.7875 -0.6161 0.0154
vn -0.2725 -0.9621 0.0110
vn -0.2093 -0.9778 -0.0025
vn 0.0053 -1.0000 0.0043
vn 0.0027 -1.0000 0.0008
vn 0.0033 -1.0000 0.0004
vn 0.0430 -0.9968 -0.0669
vn -0.6394 -0.2378 -0.7312
vn 0.1854 -0.7656 -0.6161
vn 0.8532 -0.4734 -0.2190
vn -0.1300 -0.0823 -0.9881
vn 1.0000 -0.0036 -0.0030
vn 0.9700 0.2428 -0.0129
vn 0.8988 0.1494 -0.4121
vn 0.9768 -0.0471 -0.2090
vn 0.2196 0.4039 -0.8880
vn 0.3173 0.0256 -0.9480
vn -0.0604 0.4019 -0.9137
vn -0.0921 0.0049 -0.9957
vn -0.0448 0.4131 -0.9096
vn -0.0566 0.0010 -0.9984
vn -0.0513 -0.5632 -0.8247
vn -0.0156 -0.0029 -0.9999
vn -0.0102 -0.7089 -0.7052
vn 0.0196 -0.9973 0.0710
vn -0.0021 -0.9902 -0.1397
vn 0.0997 -0.8114 0.5760
vn 0.1422 -0.9390 0.3130
vn 0.9224 -0.2185 0.3184
vn 0.4452 -0.0376 0.8946
vn 0.9813 0.0054 0.1923
vn 0.5579 0.0067 0.8299
vn -0.1702 -0.0197 0.9852
vn -0.0164 -0.0000 0.9999
vn 0.0100 0.0045 0.9999
vn 0.5126 -0.0005 0.8586
vn 0.0079 0.0029 1.0000
vn -0.4258 0.0148 0.9047
vn -0.4908 0.0103 0.8712
vn -0.5420 0.0122 0.8403
vn -0.0226 -0.0026 0.9997
vn -0.6259 0.0142 0.7797
vn -0.9643 0.0122 0.2646
vn -0.9799 0.0141 0.1990
vn -0.9925 0.0230 0.1197
vn -0.7622 0.0136 0.6472
vn -0.9989 0.0206 0.0429
vn -0.9387 0.0058 -0.3447
vn -0.9361 0.0151 -0.3513
vn -0.9498 0.0212 -0.3122
vn -0.9998 0.0088 0.0159
vn -0.9586 0.0104 -0.2846
vn -0.4278 0.0081 -0.9038
vn -0.4623 0.0169 -0.8865
vn -0.4869 0.0052 -0.8735
vn -0.0088 0.0033 -1.0000
vn -0.0002 -0.0013 -1.0000
vn -0.0152 0.0007 -0.9999
vn 0.6850 -0.0023 -0.7285
vn -0.0085 -0.0033 -1.0000
vn 0.6825 -0.0016 -0.7309
vn 0.9995 -0.0012 -0.0322
vn 0.9998 -0.0032 -0.0214
vn 0.9679 -0.0025 0.2512
vn 0.9198 -0.0019 0.3923
vn 0.3817 0.0001 0.9243
vn 0.9948 0.0005 -0.1017
vn 0.6420 -0.0003 -0.7667
vn -0.0008 -0.0020 -1.0000
vn -0.4290 -0.0021 -0.9033
vn -0.4754 -0.0006 -0.8798
vn -0.5466 -0.0135 -0.8373
vn -0.9585 0.0058 -0.2850
vn -0.9691 0.0042 -0.2467
vn -0.9724 -0.0175 -0.2328
vn -0.9406 0.0157 0.3391
vn -0.8961 0.0370 0.4422
vn -0.3318 0.0374 0.9426
vn -0.8193 0.1507 0.5532
vn -0.9361 -0.2231 0.2718
vn -0.9998 0.0054 0.0194
vn -0.9986 0.0025 0.0537
vn -0.9942 -0.0062 0.1070
vn -0.9911 -0.0040 0.1329
vn -0.6303 0.0003 0.7763
vn -0.9929 0.0007 0.1193
vn -0.9168 0.0076 -0.3994
vn -0.9953 -0.0022 0.0969
vn -0.8176 0.0178 -0.5755
vn -0.4271 0.0056 -0.9042
vn -0.2524 0.0112 -0.9676
vn -0.7200 0.0061 -0.6939
vn -0.0818 0.0124 -0.9966
vn 0.1831 -0.0108 -0.9830
vn 0.3222 0.0006 -0.9467
vn 0.4082 -0.0038 -0.9129
vn 0.8762 -0.0015 -0.4819
vn 0.9229 -0.0007 -0.3851
vn 0.9857 0.0011 0.1683
vn 0.9773 -0.0007 0.2119
vn 0.9766 -0.0028 0.2150
vn 0.9858 -0.0015 0.1682
vn 0.5599 -0.0002 0.8285
vn 0.5428 0.0002 0.8399
vn 0.5631 -0.0016 0.8264
vn 0.6620 0.0010 0.7495
vn -0.0019 0.0010 1.0000
vn -0.0026 0.0009 1.0000
vn 0.0007 0.0325 0.9995
vn -0.6323 -0.0001 0.7747
vn -0.6386 0.0124 0.7694
vn -0.6699 0.0115 0.7424
vn -0.6816 -0.0838 0.7269
vn -0.9934 -0.0016 0.1144
vn -0.9912 -0.0111 0.1322
vn -0.9956 -0.0024 0.0940
vn -0.6395 -0.0035 0.7688
vn -0.0017 0.0001 1.0000
vn 0.6164 -0.0128 0.7873
vn 0.7991 -0.0100 -0.6011
vn 0.0080 -0.7079 -0.7062
vn 0.0792 -0.7055 -0.7043
vn -0.0020 -0.0093 -1.0000
vn -0.0133 0.3046 -0.9524
vn -0.0174 0.3470 -0.9377
vn -0.0111 0.8894 -0.4571
vn -0.0096 0.9116 -0.4110
vn -0.0118 0.9380 -0.3464
vn -0.0072 0.9303 -0.3666
vn 0.0138 0.9995 0.0291
vn 0.0897 0.9244 -0.3707
vn -0.0043 1.0000 -0.0063
vn -0.0314 0.9968 -0.0741
vn 0.0042 -1.0000 0.0027
vn -0.0002 -1.0000 0.0040
vn -0.0017 -1.0000 -0.0075
vn 0.0063 -0.9996 0.0293
vn -0.0045 -0.7773 0.6291
vn -0.0116 -0.1156 0.9932
vn 0.0075 -0.9961 0.0884
vn -0.0009 -0.6553 0.7553
vn -0.0057 -0.0279 0.9996
vn 0.0027 0.2625 0.9649
vn 0.0095 0.3725 0.9280
vn 0.0001 0.0095 1.0000
vn -0.0035 0.0072 1.0000
vn -0.0004 0.0015 1.0000
vn 0.0007 -0.0018 1.0000
vn 0.0076 0.0214 0.9997
vn -0.0012 -0.0010 1.0000
vn -0.0025 0.0417 0.9991
vn -0.0016 0.5990 0.8007
vn -0.0010 0.9801 0.1986
vn -0.0000 0.0442 0.9990
vn -0.0000 0.5745 0.8185
vn -0.0000 0.9764 0.2160
vn -0.0012 1.0000 0.0096
vn -0.0000 0.9999 0.0107
vn 0.0085 0.6205 -0.7841
vn 0.0064 0.9924 -0.1227
vn -0.0000 0.9924 -0.1229
vn -0.0000 0.6087 -0.7934
vn -0.0001 0.0051 -1.0000
vn -0.0005 0.0050 -1.0000
vn -0.0000 0.0047 -1.0000
vn 0.0063 -0.2414 -0.9704
vn -0.0000 -0.2657 -0.9641
vn -0.0000 -0.0011 1.0000
vn 0.0027 -0.2311 -0.9729
vn 0.0109 -0.8430 -0.5378
vn -0.0066 -0.2670 -0.9637
vn -0.0004 0.0049 -1.0000
vn -0.0065 -0.3040 -0.9526
vn -0.0000 0.0044 -1.0000
vn 0.0037 -0.2815 -0.9596
vn 0.0005 0.0035 -1.0000
vn 0.0046 -0.2171 -0.9761
vn 0.0005 0.0037 -1.0000
vn -0.0054 0.6214 -0.7835
vn 0.0008 0.0059 -1.0000
vn -0.0022 0.6363 -0.7714
vn -0.0026 0.9948 -0.1021
vn -0.0048 0.9931 -0.1172
vn -0.0023 1.0000 0.0061
vn 0.0002 1.0000 0.0022
vn 0.0010 0.8682 0.4963
vn 0.0078 0.9147 0.4041
vn 0.0067 0.9975 -0.0703
vn 0.0058 0.9997 -0.0240
vn 0.0017 -0.1560 -0.9878
vn -0.0000 -0.8047 -0.5937
vn 0.0045 -0.8409 -0.5412
vn -0.0019 -1.0000 -0.0039
vn -0.0184 -0.5731 0.8193
vn -0.8853 -0.4645 0.0225
vn 0.4861 -0.2455 -0.8387
vn 0.8325 -0.4991 -0.2405
vn 0.3499 -0.2071 -0.9136
vn -0.3345 0.2207 -0.9162
vn 0.3787 -0.1007 -0.9200
vn -0.3553 0.0956 -0.9298
vn -0.9317 0.2355 -0.2765
vn -0.3862 0.0096 -0.9224
vn -0.9430 0.0237 -0.3320
vn -0.7490 0.0328 0.6618
vn -0.6838 0.1920 0.7040
vn -0.0163 0.0142 0.9998
vn -0.0316 0.0243 0.9992
vn 0.7681 -0.0059 0.6403
vn 0.6884 -0.1974 0.6979
vn 0.5693 -0.3384 0.7492
vn 0.9053 -0.2804 -0.3191
vn 0.9470 -0.0167 -0.3209
vn 0.4230 -0.0060 -0.9061
vn 0.9504 0.0077 -0.3110
vn 0.4439 0.0090 -0.8960
vn -0.4199 0.0050 -0.9076
vn 0.4616 0.0099 -0.8870
vn -0.4183 0.0095 -0.9083
vn -0.9490 0.0093 -0.3150
vn -0.9442 0.0042 -0.3293
vn -0.7196 0.0113 0.6943
vn -0.7562 0.0152 0.6541
vn 0.0016 0.0091 1.0000
vn -0.0079 0.0179 0.9998
vn 0.7337 0.0116 0.6794
vn 0.7534 0.0141 0.6574
vn 0.9592 0.0087 -0.2828
vn 0.7668 0.0050 0.6419
vn 0.9591 0.0096 -0.2828
vn 0.4637 0.0113 -0.8859
vn 0.9577 0.0085 -0.2876
vn 0.4631 0.0121 -0.8862
vn -0.3553 0.0150 -0.9346
vn -0.3991 0.0113 -0.9168
vn -0.9428 0.0108 -0.3333
vn -0.7443 0.0070 0.6678
vn 0.0146 0.0008 0.9999
vn 0.8011 0.0077 0.5985
vn 0.8343 0.0097 0.5512
vn 0.9596 0.0090 -0.2811
vn 0.8740 0.0109 0.4858
vn 0.9674 0.0088 -0.2533
vn 0.4969 0.0140 -0.8677
vn 0.4697 0.0141 -0.8827
vn 0.9698 0.0030 -0.2438
vn 0.5216 0.0091 -0.8531
vn 0.9585 -0.0019 -0.2852
vn 0.5018 0.0010 -0.8650
vn -0.1688 0.0031 -0.9856
vn 0.4584 -0.0026 -0.8888
vn -0.2472 -0.0004 -0.9690
vn -0.8337 -0.0003 -0.5522
vn -0.3540 -0.0023 -0.9352
vn -0.8889 -0.0022 -0.4580
vn -0.9790 -0.0045 0.2040
vn -0.9958 -0.0040 0.0909
vn -0.5634 0.0004 0.8262
vn -0.6588 0.0031 0.7523
vn 0.0080 0.0086 0.9999
vn -0.0372 0.0118 0.9992
vn 0.5572 0.0156 0.8303
vn 0.4890 0.0078 0.8723
vn 0.9752 0.0045 0.2214
vn 0.9518 0.0025 0.3067
vn 0.9170 0.0074 0.3989
vn 0.9427 -0.0052 -0.3336
vn -0.9102 -0.0011 0.4141
vn -0.9982 -0.0003 -0.0604
vn -0.7516 -0.0074 0.6596
vn -0.9510 0.0024 -0.3092
vn -0.9756 -0.0100 0.2195
vn -0.4290 0.0086 0.9033
vn -0.8321 -0.0099 -0.5546
vn -0.6337 -0.0068 -0.7736
vn -0.4851 0.0025 -0.8745
vn 0.0029 -0.0670 -0.9977
vn 0.0030 0.4430 -0.8965
vn -0.0000 0.4361 -0.8999
vn -0.0000 -0.0685 -0.9977
vn 0.0023 0.9197 -0.3925
vn -0.0000 0.9193 -0.3937
vn -0.0015 0.4423 -0.8969
vn -0.0014 0.9204 -0.3909
vn -0.0002 0.8009 0.5988
vn -0.0003 0.8005 0.5993
vn -0.0000 0.8012 0.5984
vn -0.0007 0.2833 0.9590
vn -0.0000 0.2846 0.9587
vn 0.0006 0.1881 0.9821
vn 0.0025 -0.6645 0.7473
vn -0.0000 -0.6632 0.7485
vn -0.0000 0.1868 0.9824
vn 0.0006 -1.0000 0.0088
vn -0.0000 -0.9999 0.0133
vn -0.0006 -0.6648 0.7470
vn 0.0005 -1.0000 0.0052
vn 0.0008 -1.0000 -0.0046
vn -0.0002 -1.0000 -0.0053
vn -0.0000 -1.0000 -0.0053
vn 0.0026 -0.7979 -0.6028
vn -0.0000 -0.8040 -0.5947
vn -0.0008 -0.7948 -0.6068
vn -0.0016 -0.0622 -0.9981
vn 0.0011 -1.0000 -0.0038
vn 0.0013 -0.9984 0.0562
vn -0.0004 -1.0000 -0.0038
vn -0.0070 -0.9995 0.0312
vn 0.0096 -0.9995 0.0295
vn -0.0009 -1.0000 -0.0047
vn -0.0213 -0.9559 0.2929
vn -0.0045 -0.9999 0.0107
vn 0.0102 -0.7930 -0.6092
vn 0.4319 -0.6142 -0.6604
vn 0.1545 0.0545 -0.9865
vn -0.0000 -0.0725 -0.9974
vn -0.0178 -0.5849 0.8109
vn -0.0000 0.1913 0.9815
vn 0.0006 0.2838 0.9589
vn -0.0001 0.9159 -0.4014
vn 0.9910 -0.1339 0.0055
vn 0.7624 0.6469 -0.0173
vn 0.9781 -0.2080 -0.0021
vn 0.7789 0.6271 -0.0017
vn -0.0893 0.9960 0.0024
vn 0.7878 0.6160 0.0034
vn -0.0077 0.9999 0.0127
vn -0.7754 0.6314 0.0026
vn -0.8306 0.5569 0.0039
vn -0.9931 -0.1176 0.0034
vn -0.9603 -0.2791 0.0027
vn -0.5953 -0.8035 0.0027
vn -0.4740 -0.8805 0.0030
vn 0.4511 -0.8924 -0.0138
vn 0.5477 -0.8367 -0.0023
vn 0.9575 -0.2884 -0.0066
vn 0.2851 -0.9584 -0.0135
vn 0.9261 -0.3773 -0.0016
vn 0.8527 0.5218 0.0257
vn -0.7734 -0.6336 -0.0211
vn 0.0441 0.9951 -0.0889
vn 0.2207 0.9437 -0.2464
vn 0.0052 0.9992 -0.0388
vn 0.0388 0.9962 -0.0785
vn -0.0000 0.9995 -0.0321
vn -0.0007 0.9977 -0.0677
vn -0.0000 0.9984 -0.0562
vn -0.0000 0.7733 -0.6340
vn 0.0275 0.7360 -0.6764
vn 0.0035 -0.8028 -0.5963
vn -0.0034 0.5490 -0.8358
vn 0.0330 -0.6464 -0.7623
vn -0.0042 0.9890 -0.1479
vn -0.0000 -1.0000 -0.0086
vn 0.0015 -0.9999 -0.0100
vn 0.0002 -1.0000 -0.0029
vn 0.0016 -1.0000 -0.0020
vn 0.0001 -1.0000 0.0014
vn 0.0009 -1.0000 0.0020
vn 0.0001 -1.0000 0.0030
vn 0.0001 -1.0000 0.0034
vn -0.0010 -1.0000 0.0039
vn -0.0306 -0.9995 0.0113
vn -0.0002 -1.0000 0.0039
vn -0.0017 -1.0000 0.0040
vn -0.0832 -0.9964 0.0177
vn -0.6519 -0.7582 0.0133
vn -0.8521 -0.5222 0.0338
vn -0.0018 -1.0000 0.0048
vn -0.1392 -0.9902 0.0125
vn -0.9456 -0.3232 0.0362
vn -0.6107 0.7918 -0.0045
vn -0.4520 0.8919 0.0152
vn -0.1726 -0.9849 0.0100
vn -0.9717 -0.2265 0.0668
vn -0.3835 0.9180 0.1006
vn -0.0159 0.9998 0.0093
vn -0.0027 0.9846 0.1750
vn -0.9202 -0.1574 0.3585
vn -0.4364 0.5354 0.7232
vn 0.0189 0.6235 0.7816
vn -0.1939 -0.3955 0.8977
vn -0.0239 -0.6711 0.7410
vn 0.0008 -0.7905 0.6124
vn -0.0044 0.3885 0.9214
vn -0.0063 0.9596 0.2814
vn -0.0201 0.1114 0.9936
vn -0.0108 0.9177 0.3971
vn -0.0072 -0.8821 0.4710
vn 0.0002 -0.9999 0.0113
vn -0.0012 -1.0000 0.0067
vn -0.0001 -1.0000 0.0073
vn -0.0217 -0.9983 0.0538
vn -0.0002 -1.0000 0.0049
vn -0.0004 -1.0000 0.0031
vn -0.0000 -1.0000 0.0031
vn 0.0001 -1.0000 0.0022
vn -0.0000 -1.0000 0.0032
vn -0.0000 -1.0000 0.0020
vn -0.0003 -1.0000 -0.0041
vn -0.0000 -1.0000 -0.0076
vn -0.0000 -1.0000 0.0018
vn -0.0004 -1.0000 0.0016
vn -0.2933 -0.9108 0.2906
vn -0.8898 0.4564 0.0013
vn -0.0000 -1.0000 -0.0083
vn -0.0000 -0.6346 -0.7728
vn -0.0000 -0.9404 -0.3402
vn 0.6744 -0.0039 -0.7384
vn 0.9987 -0.0019 -0.0513
vn 0.6291 0.0041 -0.7774
vn -0.3347 -0.0059 -0.9423
vn 0.5826 0.0047 -0.8128
vn -0.3884 0.0002 -0.9215
vn -0.9156 -0.0054 -0.4021
vn -0.9411 -0.0002 -0.3382
vn -0.4570 0.0017 -0.8895
vn -0.9674 -0.0015 -0.2532
vn -0.8850 -0.0005 0.4656
vn -0.8698 -0.0033 0.4935
vn -0.8430 -0.0033 0.5380
vn -0.1374 -0.0015 0.9905
vn -0.0757 -0.0047 0.9971
vn 0.7811 0.0015 0.6244
vn 0.7854 -0.0037 0.6190
vn 0.7535 -0.0058 0.6575
vn 0.6577 0.0045 0.7533
vn 0.9691 0.0111 -0.2465
vn 0.9643 0.0043 -0.2648
vn 0.9812 0.0035 -0.1931
vn 0.5355 0.0067 -0.8445
vn 0.4714 0.0260 -0.8815
vn -0.5768 0.0057 -0.8169
vn 0.9914 0.0004 -0.1312
vn 0.7557 0.0007 0.6549
vn 0.6774 0.0052 0.7356
vn -0.2217 0.0108 0.9751
vn 0.6703 0.0132 0.7420
vn -0.2805 0.0092 0.9598
vn 0.7678 0.0056 0.6406
vn 0.9629 -0.0055 -0.2698
vn 0.8044 0.0053 0.5941
vn 0.9353 0.0003 -0.3539
vn 0.4477 0.0041 -0.8942
vn 0.3982 0.0012 -0.9173
vn 0.9229 0.0008 -0.3851
vn 0.3695 0.0021 -0.9292
vn -0.7028 0.0040 -0.7114
vn -0.6998 0.0018 -0.7143
vn -0.6974 0.0027 -0.7167
vn 0.2639 0.0116 -0.9645
vn -0.7260 0.0129 -0.6876
vn -0.9141 0.0015 0.4054
vn -0.9040 0.0023 0.4276
vn -0.8837 -0.0024 0.4681
vn -0.8804 0.0198 -0.4739
vn -0.8019 0.0009 0.5975
vn -0.1530 0.0044 0.9882
vn -0.0938 0.0029 0.9956
vn 0.1002 -0.0011 0.9950
vn -0.5229 0.0154 0.8523
vn 0.4625 -0.0010 0.8866
vn 0.8217 0.0040 0.5700
vn 0.8902 0.0104 0.4554
vn 0.9939 0.0034 0.1104
vn 0.5865 0.0100 -0.8099
vn 0.8151 -0.0055 0.5793
vn 0.8164 -0.0004 -0.5775
vn 0.8966 0.0002 -0.4428
vn -0.0383 0.0070 -0.9992
vn -0.4469 -0.0039 -0.8946
vn -0.9982 0.0063 -0.0596
vn 0.8124 0.0033 0.5831
vn -0.1944 0.0059 0.9809
vn -0.9288 -0.0055 0.3704
vn 0.8231 -0.5268 0.2118
vn -0.0000 -1.0000 -0.0069
vn 0.0098 -0.6300 0.7765
vn 0.0549 -0.9749 -0.2157
vn 0.0108 -0.7711 0.6367
vn 0.0353 -0.9477 -0.3174
vn -0.0059 -0.7803 0.6253
vn 0.0033 -0.9375 -0.3479
vn 0.0167 -0.2098 -0.9776
vn 0.0004 -0.9358 -0.3524
vn 0.0050 -0.2374 -0.9714
vn 0.0059 0.8235 -0.5673
vn 0.0145 0.8388 -0.5442
vn 0.0017 0.9885 0.1513
vn -0.0013 0.9886 0.1503
vn -0.0023 0.4901 0.8717
vn -0.0106 0.4946 0.8691
vn -0.0028 -0.7856 0.6187
vn -0.0005 0.4880 0.8728
vn -0.0026 -0.7871 0.6168
vn -0.0007 -0.9350 -0.3546
vn -0.0051 -0.7884 0.6152
vn 0.0033 -0.9326 -0.3608
vn 0.0074 -0.2559 -0.9667
vn 0.0025 -0.2509 -0.9680
vn 0.0057 0.8061 -0.5917
vn 0.0040 0.8146 -0.5799
vn 0.0034 0.9891 0.1475
vn 0.0022 0.9884 0.1516
vn -0.0028 0.4893 0.8721
vn 0.0162 0.9937 0.1109
vn 0.0031 0.7992 -0.6011
vn -0.9110 -0.3944 -0.1202
vn -0.8371 0.5467 -0.0211
vn -0.9056 -0.4212 -0.0492
vn -0.7842 0.6204 0.0113
vn 0.1616 0.9832 0.0853
vn 0.9041 0.4174 0.0921
vn 0.7641 -0.6439 0.0397
vn -0.1821 -0.9808 -0.0704
vn -0.1846 -0.9824 -0.0299
vn -0.0000 0.8297 -0.5582
vn -0.1077 -0.0434 -0.9932
vn 0.4108 -0.9063 -0.0992
vn -0.1044 -0.9924 -0.0647
vn -0.7127 -0.7015 -0.0044
vn -0.7098 0.7044 -0.0012
vn 0.0008 1.0000 -0.0014
vn 0.0181 0.9925 -0.1211
vn 0.0011 0.5772 -0.8166
vn -0.0359 -0.5265 -0.8494
vn 0.0050 0.5113 -0.8594
vn -0.0126 -0.5768 -0.8168
vn 0.0051 0.4939 -0.8695
vn -0.0035 -0.5547 -0.8321
vn -0.0079 -0.9687 -0.2481
vn -0.0000 -0.5328 -0.8463
vn -0.0000 -0.9635 -0.2676
vn -0.0000 -0.9847 0.1741
vn -0.0000 -0.5030 0.8643
vn -0.0000 0.4865 0.8737
vn -0.0000 0.9382 0.3461
vn 0.0044 0.9782 -0.2078
vn -0.0000 0.9775 -0.2112
vn 0.0037 0.9835 -0.1810
vn -0.0000 0.4741 -0.8805
vn 0.2607 -0.8801 -0.3968
vn 0.0039 -0.8984 -0.4391
vn -0.0000 -0.4283 0.9037
vn -0.0000 -0.9012 -0.4335
vn -0.0000 0.4278 -0.9039
vn -0.0000 0.9016 0.4326
vn 0.7116 0.4783 -0.5147
vn 0.9694 0.1431 -0.1996
vn 0.4048 0.9139 0.0312
vn 0.4638 0.8176 -0.3411
vn 0.5340 0.5034 -0.6793
vn 0.9765 -0.0369 -0.2124
vn 0.6196 -0.0116 -0.7849
vn 0.0097 0.9100 -0.4144
vn 0.0039 0.6005 -0.7996
vn -0.0000 0.0136 -0.9999
vn -0.0001 -0.6327 -0.7744
vn -0.0000 0.5931 -0.8051
vn -0.0000 0.0142 -0.9999
vn -0.0000 -0.6151 -0.7885
vn 0.0056 -0.9537 -0.3007
vn -0.0000 -0.9479 -0.3184
vn 0.0077 -0.8182 0.5749
vn 0.0131 -0.9858 0.1671
vn -0.0000 -0.9864 0.1645
vn -0.0000 -0.8122 0.5834
vn -0.0034 -0.4113 0.9115
vn -0.0000 -0.4091 0.9125
vn -0.0048 0.1308 0.9914
vn -0.0000 0.1320 0.9913
vn 0.0040 0.9078 0.4193
vn 0.0037 0.6148 0.7886
vn -0.0000 0.6133 0.7898
vn -0.0000 0.9073 0.4204
vn 0.3926 0.8411 0.3720
vn 0.9287 0.3348 0.1592
vn 0.0060 0.9999 0.0095
vn -0.0000 1.0000 -0.0033
vn -0.0000 0.9025 -0.4308
vn 0.6753 -0.0484 -0.7360
vn -0.6897 -0.7158 0.1097
vn -0.9941 -0.0963 0.0501
vn -0.9776 -0.1227 0.1709
vn -0.9916 -0.1217 -0.0430
vn -0.9994 -0.0237 0.0242
vn -0.6719 -0.6817 0.2896
vn -0.7339 -0.6749 -0.0772
vn -0.8403 -0.4662 -0.2765
vn -0.5267 0.2234 -0.8202
vn 0.2591 0.0767 0.9628
vn 0.5097 0.8488 -0.1404
vn 0.6281 0.1409 -0.7653
vn 0.0007 0.7106 -0.7036
vn 0.0002 -0.7041 -0.7101
vn -0.0126 -0.6120 0.7908
vn -0.0000 -0.7045 -0.7097
vn -0.0039 -0.6329 0.7742
vn -0.0032 0.7727 0.6347
vn -0.0094 0.7883 0.6152
vn -0.0000 0.7103 -0.7039
vn 0.0012 0.7672 0.6414
vn 0.0002 0.7107 -0.7035
vn -0.0000 -0.7042 -0.7101
vn -0.0000 0.7113 -0.7029
vn -0.0000 -0.7042 -0.7100
vn -0.0000 -0.6377 0.7703
vn 0.0012 -0.6389 0.7693
vn -0.0000 0.7710 0.6368
vn -0.0000 0.8774 -0.4797
vn 0.0090 0.8359 -0.5489
vn -0.0057 -1.0000 -0.0016
vn -0.0265 -0.5036 -0.8635
vn -0.0123 0.8637 -0.5039
vn 0.0074 0.6186 0.7857
vn 0.0057 0.6292 0.7772
vn -0.0088 -0.4802 -0.8771
vn -0.0047 0.8772 -0.4802
vn 0.0157 0.6552 0.7553
vn 0.0011 -0.7717 0.6360
vn 0.0030 -0.7542 0.6567
vn -0.0097 0.8827 -0.4698
vn 0.0144 0.6923 0.7215
vn 0.0033 -0.6581 0.7529
vn -0.0068 -0.9998 0.0189
vn -0.0008 0.7102 0.7040
vn -0.0024 -0.6188 0.7856
vn -0.0000 0.6147 0.7887
vn 0.0007 0.9082 -0.4186
vn 0.0014 1.0000 -0.0022
vn 0.0017 0.7145 0.6996
vn -0.0001 0.7132 0.7009
vn -0.0018 0.7114 0.7028
vn -0.0026 -0.6980 0.7161
vn -0.0020 -0.6963 0.7177
vn -0.0025 0.7100 0.7042
vn 0.0013 -0.6950 0.7190
vn 0.0168 0.9982 0.0573
vn -0.0016 0.7078 0.7064
vn 0.0050 -0.6973 0.7168
vn 0.0017 0.7084 0.7058
vn 0.0036 -0.7020 0.7122
vn 0.0061 -0.9999 -0.0133
vn -0.0021 -0.7025 0.7117
vn -0.0068 -0.9999 -0.0121
vn 0.0169 -0.9976 -0.0667
vn 0.0171 -0.9948 -0.0999
vn -0.0013 0.7047 0.7095
vn -0.0020 0.7080 0.7062
vn -0.0021 -0.6993 0.7149
vn -0.0058 -1.0000 -0.0049
vn -0.0026 -0.6963 0.7178
vn 0.0038 0.7095 0.7047
vn 0.0048 0.7058 0.7084
vn 0.0007 -0.6958 0.7182
vn 0.0020 0.7093 0.7049
vn 0.0043 -0.6993 0.7148
vn -0.0000 0.7136 0.7006
vn -0.0000 -0.7018 0.7124
vn -0.0000 -1.0000 -0.0100
vn -0.0114 0.9996 0.0271
vn 0.0068 0.9998 0.0176
vn 0.5956 -0.0019 -0.8032
vn 0.0664 0.0015 -0.9978
vn 0.4881 -0.0121 -0.8727
vn -0.9298 0.0269 -0.3670
vn -0.3153 0.0046 0.9490
vn -0.2721 -0.0054 0.9623
vn 0.7801 -0.0068 0.6256
vn 0.8158 -0.0048 0.5784
vn -0.3467 -0.0032 0.9380
vn 0.8643 -0.0440 0.5010
vn -0.5728 -0.2149 0.7910
vn 0.8925 -0.0388 0.4494
vn -0.5574 0.0769 0.8266
vn 0.8972 0.0185 0.4413
vn 0.4815 0.0097 -0.8764
vn -0.7257 0.0284 0.6874
vn 0.8304 -0.0101 0.5571
vn 0.6044 0.0018 -0.7967
vn 0.7589 -0.0066 0.6512
vn 0.6960 -0.0121 -0.7179
vn -0.4614 -0.0040 -0.8872
vn -0.6279 0.0445 -0.7771
vn -0.7836 0.0841 -0.6156
vn -0.8646 0.0057 0.5025
vn -0.4381 -0.0623 -0.8968
vn -0.8939 -0.1270 0.4298
vn 0.6591 -0.0291 0.7515
vn 0.7766 -0.0420 -0.6285
vn 0.0851 -0.3238 0.9423
vn 0.8506 -0.2854 -0.4417
vn -0.4215 -0.8780 -0.2268
vn -0.0075 -0.6393 -0.7689
vn -0.0019 -0.5780 -0.8161
vn -0.0000 -0.5477 -0.8367
vn -0.0079 -0.9568 0.2908
vn -0.0057 -0.7651 -0.6438
vn -0.0140 0.3428 -0.9393
vn 0.0040 0.9227 -0.3854
vn 0.0046 0.9549 -0.2969
vn -0.0033 0.8398 0.5429
vn 0.0015 0.7737 0.6336
vn -0.0172 -0.2447 0.9694
vn -0.0174 0.8864 0.4626
vn -0.0005 0.8812 -0.4728
vn -0.0456 0.8304 -0.5553
vn -0.0415 0.9361 0.3494
vn 0.3599 0.6331 0.6853
vn -0.4727 -0.4457 -0.7601
vn -0.0314 -0.8883 -0.4581
vn -0.7732 0.4983 -0.3922
vn -0.0645 0.3799 -0.9228
vn -0.2057 0.4671 -0.8600
vn -0.0044 -0.9315 -0.3637
vn -0.0093 0.2792 -0.9602
vn -0.2125 0.9657 -0.1493
vn 0.0011 0.9906 0.1367
vn 0.0023 0.9940 0.1095
vn -0.0000 0.2452 -0.9695
vn -0.0000 0.9949 0.1011
vn -0.0029 0.9867 0.1628
vn 0.0004 0.9862 0.1656
vn -0.0000 0.9859 0.1675
vn 0.0001 0.9952 0.0981
vn -0.0000 0.9946 0.1034
vn -0.0004 -0.9783 -0.2070
vn -0.0000 -0.9411 -0.3381
vn -0.0000 -0.9782 -0.2076
vn -0.0000 -0.7262 -0.6875
vn -0.0052 -0.7193 -0.6947
vn -0.0000 -0.2421 -0.9703
vn -0.0040 -0.2296 -0.9733
vn -0.0000 -0.7852 -0.6192
vn -0.0000 -0.7794 -0.6266
vn -0.0018 -0.7872 -0.6167
vn -0.0001 -1.0000 0.0030
vn 0.0002 -1.0000 0.0029
vn 0.0003 -1.0000 0.0034
vn 0.0001 -0.8001 -0.5999
vn -0.0003 -1.0000 0.0036
vn 0.0008 -0.7991 -0.6012
vn 0.0006 -0.6998 0.7143
vn 0.0013 -0.7013 0.7128
vn -0.0004 -0.7013 0.7129
vn -0.0104 -0.2576 0.9662
vn 0.0003 -0.7026 0.7116
vn -0.0000 -0.9948 -0.1022
vn -0.0082 -0.9994 -0.0333
vn -0.0000 -0.2918 0.9565
vn -0.0000 -0.7030 0.7112
vn -0.0000 -0.3565 -0.9343
vn 0.0067 -0.3796 -0.9251
vn -0.0000 -0.3715 -0.9284
vn 0.0002 -0.3698 -0.9291
vn -0.0037 -0.3701 -0.9290
vn -0.0017 -0.5729 -0.8196
vn -0.0063 -0.5729 -0.8196
vn -0.1073 -0.3599 -0.9268
vn -0.9998 -0.0199 -0.0069
vn -0.0895 0.3548 0.9307
vn -0.0517 0.6487 0.7593
vn -0.0140 0.9811 0.1929
vn -0.0451 0.9720 0.2305
vn -0.0117 0.6911 0.7226
vn -0.0065 0.3671 0.9302
vn -0.0051 0.7285 0.6850
vn -0.0038 0.3705 0.9288
vn -0.0036 0.6338 0.7735
vn -0.0028 0.6398 0.7685
vn -0.0000 0.3735 0.9276
vn -0.0000 0.6405 0.7679
vn -0.0228 0.5293 0.8481
vn -0.0053 0.5296 0.8483
vn -0.0000 0.5342 0.8453
vn -0.0119 -0.2461 0.9692
vn -0.0000 -0.2443 0.9697
vn -0.0056 -0.6125 -0.7905
vn -0.0000 -0.5704 -0.8214
vn -0.0000 -0.6220 -0.7830
vn -0.0000 0.2813 -0.9596
vn -0.0062 0.2822 -0.9593
vn -0.0140 0.3586 -0.9334
vn -0.0103 -0.5570 -0.8305
vn -0.0009 0.7443 -0.6679
vn 0.0006 0.7236 -0.6902
vn 0.0031 0.1145 -0.9934
vn 0.0069 0.0766 -0.9970
vn 0.0055 -0.7455 -0.6664
vn 0.0030 -0.7509 -0.6604
vn -0.4102 -0.6708 -0.6179
vn -0.0029 -0.9449 0.3274
vn -0.4672 -0.8425 0.2683
vn -0.9673 0.2364 -0.0917
vn -0.9736 0.2124 0.0833
vn -0.0044 0.9476 -0.3194
vn -0.0083 0.7375 0.6753
vn 0.0023 0.9497 -0.3133
vn -0.0037 0.7299 0.6836
vn 0.0013 -0.0082 1.0000
vn -0.0000 0.7221 0.6918
vn -0.0000 -0.0157 0.9999
vn -0.0000 -0.9481 0.3181
vn -0.0053 -0.9554 0.2952
vn -0.0000 -0.8005 -0.5993
vn -0.0089 -0.7950 -0.6065
vn -0.0000 -0.9761 -0.2173
vn -0.0094 -0.9787 -0.2050
vn -0.0096 -0.9855 -0.1695
vn -0.0140 -0.9699 0.2430
vn -0.0000 -0.9763 0.2166
vn -0.0000 -0.7274 -0.6862
vn -0.0070 -0.7536 -0.6572
vn -0.0000 0.4058 -0.9140
vn 0.0107 0.4070 -0.9134
vn -0.0000 0.9497 -0.3131
vn -0.0296 -0.2336 0.9719
vn -0.0017 -0.9439 0.3303
vn -0.0000 -0.9434 0.3318
vn -0.0000 -0.7420 -0.6704
vn -0.0000 0.1266 -0.9920
vn -0.0000 0.7492 -0.6624
vn -0.0055 0.9893 0.1461
vn -0.0000 0.7495 0.6620
vn -0.0000 0.9917 0.1289
vn -0.0041 0.9959 0.0904
vn -0.0210 0.9862 0.1643
vn -0.0309 0.9955 0.0895
vn -0.0000 -1.0000 0.0029
vn 0.9662 0.0027 -0.2578
vn 0.5220 -0.0032 -0.8529
vn 0.9692 0.0013 -0.2461
vn 0.9894 -0.0026 0.1455
vn 0.8799 0.2105 -0.4260
vn 0.5987 -0.0054 0.8009
vn -0.5193 -0.0051 0.8546
vn -0.9720 -0.0040 0.2351
vn -0.9651 0.0018 -0.2619
vn -0.9155 0.0119 -0.4022
vn -0.5027 -0.0023 -0.8645
vn -0.3390 0.0148 -0.9407
vn 0.5163 0.0105 -0.8564
vn 0.0012 0.7207 -0.6933
vn -0.0003 -0.7089 -0.7053
vn -0.0040 0.7159 -0.6982
vn -0.0035 0.6957 0.7183
vn -0.0000 0.7112 -0.7030
vn -0.0000 0.7042 0.7100
vn -0.0000 -0.7069 0.7073
vn -0.0000 -0.7066 0.7076
vn -0.0000 -0.7095 -0.7047
vn 0.8057 -0.5599 -0.1935
vn -0.1055 0.3906 0.9145
vn -0.8801 0.2062 0.4277
vn 0.1101 0.9725 -0.2054
vn 0.0616 0.9136 -0.4019
vn -0.8207 -0.4646 -0.3326
vn -0.2163 -0.0166 0.9762
vn -0.2664 -0.9449 -0.1904
vn 0.5690 0.5876 -0.5754
vn -0.9671 -0.1994 -0.1578
vn -0.0000 -0.9999 0.0171
vn 0.9845 -0.1428 -0.1013
vn -0.8726 -0.0020 0.4884
vn -0.7162 0.0049 0.6979
vn 0.3690 -0.8018 0.4701
vn 0.2346 0.4522 0.8605
vn -0.7267 0.0043 0.6870
vn 0.0471 -0.1084 0.9930
vn -0.1004 -0.3453 0.9331
vn 0.6080 -0.7279 -0.3171
vn 0.9135 -0.0240 -0.4062
vn -0.5611 -0.7088 -0.4275
vn -0.8706 -0.0875 -0.4842
vn -0.9994 -0.0315 0.0138
vn 0.1334 -0.0128 0.9910
vn -0.1741 -0.0106 -0.9847
vn -0.2684 -0.0616 -0.9613
vn -0.9995 -0.0227 0.0202
vn 0.9078 -0.0555 -0.4158
vn 0.9446 -0.0075 -0.3281
vn 0.9617 -0.0026 -0.2741
vn -0.1110 0.0149 -0.9937
vn 0.1739 -0.0256 0.9844
vn 0.2081 -0.0288 0.9777
vn 0.2379 -0.0292 0.9708
vn 0.9766 -0.0040 -0.2153
vn -0.9991 -0.0048 0.0415
vn -0.9983 0.0094 0.0567
vn -0.9986 0.0241 0.0479
vn 0.2444 -0.0183 0.9695
vn -0.0296 0.0286 -0.9992
vn 0.0662 0.0288 -0.9974
vn 0.1440 0.0649 -0.9874
vn -0.9976 0.0695 0.0048
vn 0.9906 -0.0087 -0.1366
vn 0.9982 -0.0061 -0.0589
vn 0.8052 0.5927 0.0182
vn 0.1211 0.5731 -0.8105
vn 0.1957 0.0118 0.9806
vn 0.1444 0.4974 0.8554
vn -0.7044 0.7092 0.0296
vn -0.7545 -0.0688 -0.6527
vn -0.5611 -0.5199 -0.6441
vn -0.5603 -0.7114 0.4241
vn -0.7018 -0.0700 0.7090
vn 0.6319 -0.5763 -0.5182
vn 0.6573 -0.0596 -0.7513
vn 0.4703 -0.0342 -0.8819
vn -0.8799 -0.0228 -0.4747
vn 0.6949 -0.0323 0.7184
vn 0.5454 -0.6173 0.5670
vn 0.7881 0.0012 0.6155
vn 0.8441 0.0078 0.5362
vn 0.3578 0.0066 -0.9338
vn -0.6226 -0.0065 0.7825
vn -0.5465 0.0108 0.8374
vn -0.4239 0.0383 0.9049
vn 0.9074 0.0115 0.4201
vn -0.9196 0.0020 -0.3928
vn -0.9097 0.0209 -0.4147
vn -0.6458 0.1830 -0.7413
vn -0.3341 0.0565 0.9409
vn 0.3631 0.0334 -0.9311
vn 0.4162 0.1377 -0.8988
vn 0.9720 0.1990 -0.1252
vn 0.8220 0.5080 -0.2574
vn -0.4929 0.5549 -0.6701
vn -0.2518 0.6484 0.7184
vn 0.0609 0.0512 -0.9968
vn -0.1068 -0.2880 -0.9517
vn -0.6061 -0.6705 0.4279
vn -0.8437 0.0060 0.5368
vn 0.6084 -0.7308 0.3095
vn 0.7252 -0.0517 0.6866
vn 0.4347 -0.0110 0.9005
vn 0.3752 0.1893 -0.9074
vn -0.9883 0.0112 0.1523
vn -0.7414 0.6701 -0.0367
vn 0.0668 0.5025 0.8620
vn 0.4762 0.6064 -0.6367
vn 0.1260 0.0101 0.9920
vn -0.4309 0.8937 -0.1250
vn -0.9753 0.0651 -0.2111
vn -0.7579 -0.4238 0.4960
vn -0.1441 -0.0087 -0.9895
vn -0.3359 -0.9041 -0.2640
vn 0.9418 -0.3164 0.1134
vn 0.8590 0.0443 -0.5101
vn -0.8736 -0.1286 -0.4694
vn -0.1372 -0.2579 0.9564
vn -0.3895 -0.2234 0.8935
vn -0.8255 -0.0373 -0.5631
vn -0.8354 -0.0092 -0.5496
vn -0.5883 -0.0195 0.8084
vn 0.7704 -0.2134 -0.6008
vn 0.8269 -0.1211 -0.5491
vn 0.5840 0.0006 -0.8117
vn 0.5587 0.0038 -0.8293
vn -0.8550 0.0054 -0.5186
vn 0.7756 -0.0086 0.6312
vn 0.7448 -0.1129 0.6576
vn 0.8059 -0.0012 0.5920
vn 0.8155 0.0105 0.5786
vn 0.5463 0.0212 -0.8373
vn -0.5517 0.0005 0.8341
vn -0.5486 0.0158 0.8359
vn -0.1097 0.4511 0.8857
vn 0.7987 0.0844 0.5957
vn -0.8622 0.0283 -0.5058
vn -0.8521 0.0560 -0.5204
vn 0.6936 0.3046 -0.6528
vn -0.1700 0.9730 -0.1559
vn -0.9629 0.0185 -0.2694
vn -0.7628 -0.0871 -0.6407
vn -0.3214 -0.8123 -0.4866
vn -0.4051 -0.8793 -0.2503
vn -0.1448 0.2542 -0.9562
vn -0.4687 0.8253 -0.3149
vn 0.4233 -0.6194 -0.6612
vn -0.7349 0.4128 0.5381
vn -0.7465 0.5522 -0.3711
vn -0.9910 0.0594 0.1202
vn -0.7275 0.3199 0.6070
vn -0.5322 0.7854 -0.3160
vn -0.9989 0.0278 -0.0370
vn 0.8907 0.3938 -0.2271
vn 0.6931 0.6584 -0.2935
vn -0.4820 0.1296 -0.8665
vn 0.8847 0.0378 -0.4645
vn -0.8472 0.2490 0.4693
vn 0.4717 0.6356 -0.6111
vn 0.8904 -0.0871 -0.4467
vn 0.5340 0.8061 -0.2552
vn 0.9870 -0.0401 -0.1554
vn 0.5914 -0.7830 -0.1929
vn 0.2585 0.5726 0.7780
vn -0.6330 0.7262 0.2683
vn -0.9255 0.1748 0.3359
vn 0.3463 0.0923 0.9336
vn -0.2007 0.6689 -0.7157
vn -0.3814 0.1555 -0.9113
vn -0.6072 -0.3336 0.7211
vn 0.2771 -0.3106 0.9093
vn 0.5096 0.3604 0.7813
vn -0.6249 -0.7286 0.2805
vn 0.5817 -0.7513 0.3116
vn 0.9852 0.0019 0.1713
vn 0.4448 0.4496 0.7746
vn 0.4301 0.2049 0.8792
vn 0.9954 -0.0884 -0.0382
vn 0.9879 -0.0949 -0.1227
vn 0.6521 0.7035 -0.2826
vn 0.5757 -0.8152 0.0630
vn 0.5702 -0.8193 -0.0606
vn -0.6061 -0.7909 0.0847
vn -0.5565 -0.8294 -0.0487
vn -0.9931 0.0293 -0.1135
vn -0.9899 -0.0021 -0.1419
vn -0.5196 -0.8466 -0.1150
vn -0.5064 0.8178 -0.2736
vn -0.5112 0.8326 -0.2131
vn 0.5942 0.7747 -0.2164
vn 0.5576 0.8061 -0.1982
vn -0.5024 0.8340 -0.2282
vn 0.9905 -0.0567 -0.1250
vn 0.9930 0.0001 -0.1181
vn 0.5715 -0.8146 -0.0993
vn 0.5956 -0.7910 -0.1397
vn -0.4619 -0.8704 -0.1703
vn -0.9829 0.0088 -0.1837
vn 0.9318 0.0767 -0.3547
vn 0.7812 0.5512 -0.2931
vn -0.7174 0.6418 0.2708
vn -0.4274 0.6378 -0.6407
vn -0.3049 0.1659 -0.9378
vn -0.9511 0.0135 0.3087
vn 0.6480 -0.4992 0.5753
vn -0.3360 -0.5953 0.7299
vn -0.5356 -0.8159 -0.2177
vn 0.5115 -0.7072 -0.4881
vn -0.6607 -0.1012 0.7438
vn 0.7365 -0.0714 0.6727
vn -0.7279 -0.3027 -0.6152
vn 0.6520 -0.2688 -0.7090
vn 0.0901 -0.0274 0.9956
vn -0.0233 0.5972 0.8018
vn 0.8235 0.5660 0.0388
vn 0.9731 0.1132 -0.2008
vn 0.9639 -0.0037 -0.2663
vn -0.3126 0.0774 -0.9467
vn 0.2351 -0.0525 0.9705
vn 0.3540 -0.0614 0.9332
vn 0.9334 0.0032 -0.3588
vn -0.9522 0.0245 0.3044
vn -0.9318 -0.0020 0.3630
vn -0.3694 0.0624 -0.9272
vn -0.4627 0.0052 -0.8865
vn -0.8857 -0.0224 0.4636
vn 0.8723 0.0130 -0.4888
vn 0.8091 -0.0165 -0.5874
vn -0.5757 -0.0851 -0.8133
vn 0.4892 -0.0152 0.8720
vn 0.5783 0.0515 0.8142
vn -0.8209 -0.0162 0.5709
vn -0.7291 -0.0371 0.6834
vn 0.6849 0.0127 0.7285
vn -0.6806 -0.1727 -0.7120
vn 0.7282 -0.1122 -0.6761
vn -0.6721 -0.7405 0.0008
vn -0.5678 -0.6135 0.5488
vn -0.7321 -0.0866 0.6757
vn -0.9945 -0.1050 -0.0000
vn 0.5901 -0.5472 0.5937
vn 0.7402 -0.6724 -0.0006
vn 0.6725 0.0645 0.7373
vn 0.9941 0.1083 -0.0003
vn 0.7355 -0.6775 -0.0006
vn 0.5828 -0.5667 -0.5824
vn 0.6641 0.0769 -0.7437
vn 0.9940 0.1094 -0.0014
vn -0.5665 -0.5932 -0.5720
vn -0.6783 -0.7347 -0.0027
vn -0.7379 -0.0797 -0.6702
vn -0.9941 -0.1082 -0.0006
vn -0.7614 0.0804 0.6432
vn -0.5738 0.6226 0.5321
vn -0.6353 0.7714 -0.0372
vn -0.9909 0.1250 -0.0495
vn 0.5765 0.5279 0.6236
vn 0.6351 -0.0887 0.7673
vn 0.7711 0.6354 0.0411
vn 0.9908 -0.1266 0.0486
vn 0.6121 -0.0816 -0.7866
vn 0.5581 0.5247 -0.6428
vn 0.7711 0.6346 -0.0516
vn 0.9896 -0.1318 -0.0579
vn -0.5883 0.6289 -0.5082
vn -0.6353 0.7711 0.0419
vn -0.7808 0.0882 -0.6186
vn -0.9905 0.1250 0.0577
vn -0.9894 0.1390 0.0416
vn -0.9926 0.1130 0.0433
vn -0.9919 0.1232 0.0321
vn -0.7740 0.0778 -0.6284
vn -0.6222 0.7822 0.0309
vn -0.6155 0.7881 -0.0027
vn -0.9896 0.1437 -0.0013
vn 0.7848 0.6187 -0.0362
vn 0.7918 0.6107 0.0011
vn 0.9886 -0.1506 0.0016
vn 0.9884 -0.1460 -0.0414
vn 0.7819 0.6225 0.0351
vn 0.9892 -0.1413 0.0399
vn -0.6246 0.7803 -0.0308
vn -0.9898 0.1366 -0.0397
vn -0.9921 0.1215 -0.0297
vn -0.9927 0.1134 -0.0401
vn -0.9920 0.1265 0.0006
vn -0.9950 0.1003 0.0021
vn -0.9950 0.0968 -0.0227
vn -0.9948 0.0983 0.0257
vn -0.9980 0.0600 0.0214
vn -0.9981 0.0618 0.0027
vn -0.9954 0.0906 0.0319
vn -0.9981 0.0558 0.0241
vn -0.7658 0.0608 -0.6402
vn -0.7563 0.0351 -0.6533
vn 0.6374 -0.0617 -0.7681
vn 0.6464 -0.0404 -0.7619
vn 0.6206 -0.0750 -0.7806
vn 0.9923 -0.1156 -0.0443
vn 0.9951 -0.0927 -0.0335
vn 0.9916 -0.1254 -0.0320
vn 0.9945 -0.1011 -0.0255
vn 0.9918 -0.1280 -0.0009
vn 0.9946 -0.1041 -0.0022
vn 0.9920 -0.1227 0.0284
vn 0.9947 -0.1008 0.0215
vn 0.9927 -0.1142 0.0378
vn 0.9951 -0.0943 0.0305
vn 0.6449 -0.0853 0.7595
vn 0.6506 -0.0742 0.7558
vn -0.7581 0.0707 0.6483
vn -0.7544 0.0515 0.6543
vn -0.9954 0.0897 -0.0322
vn -0.9981 0.0554 -0.0255
vn -0.7535 0.0273 0.6569
vn -0.9980 0.0600 -0.0181
vn -0.9997 0.0193 -0.0146
vn -0.9997 0.0149 -0.0206
vn -0.9998 0.0210 0.0025
vn -0.9999 -0.0171 0.0020
vn -0.9998 -0.0200 -0.0097
vn -0.9997 0.0186 0.0173
vn -0.9997 -0.0205 0.0117
vn -0.9997 0.0155 0.0208
vn -0.9995 -0.0268 0.0164
vn -0.7675 0.0066 -0.6410
vn -0.7658 -0.0243 -0.6427
vn 0.6415 -0.0121 -0.7670
vn 0.6426 0.0200 -0.7659
vn 0.9997 -0.0138 -0.0202
vn 0.9995 0.0290 -0.0136
vn 0.9981 -0.0559 -0.0257
vn 0.9979 -0.0621 -0.0199
vn 0.9997 -0.0193 -0.0147
vn 0.9978 -0.0659 -0.0017
vn 0.9997 -0.0226 -0.0002
vn 0.9978 -0.0648 0.0171
vn 0.9997 -0.0215 0.0142
vn 0.9979 -0.0596 0.0244
vn 0.9997 -0.0167 0.0189
vn 0.6540 -0.0508 0.7548
vn 0.6642 -0.0204 0.7473
vn -0.7481 -0.0011 0.6636
vn -0.7461 -0.0317 0.6651
vn 0.6640 0.0130 0.7476
vn -0.9995 -0.0270 -0.0148
vn -0.9976 -0.0691 -0.0077
vn -0.7474 -0.0621 0.6615
vn -0.9980 -0.0630 -0.0042
vn -0.9955 -0.0945 -0.0011
vn -0.9953 -0.0972 -0.0024
vn -0.9981 -0.0609 0.0012
vn -0.9956 -0.0939 0.0005
vn -0.9980 -0.0637 0.0059
vn -0.9955 -0.0949 0.0023
vn -0.9976 -0.0692 0.0098
vn -0.9952 -0.0976 0.0047
vn -0.7593 -0.0539 -0.6485
vn -0.7540 -0.0710 -0.6530
vn 0.6462 0.0524 -0.7614
vn 0.6511 0.0741 -0.7554
vn 0.9971 0.0753 -0.0071
vn 0.9946 0.1037 -0.0033
vn 0.9975 0.0704 -0.0037
vn 0.9947 0.1023 -0.0013
vn 0.9997 0.0218 -0.0091
vn 0.9998 0.0188 0.0003
vn 0.9977 0.0684 -0.0000
vn 0.9997 0.0226 0.0095
vn 0.9974 0.0713 0.0038
vn 0.9995 0.0299 0.0129
vn 0.9970 0.0772 0.0066
vn 0.6592 0.0452 0.7506
vn 0.6652 0.0631 0.7440
vn 0.9946 0.1042 0.0022
vn -0.7391 -0.0810 0.6687
vn 0.9948 0.1023 0.0010
vn 0.9942 0.1074 0.0007
vn 0.9942 0.1077 0.0003
vn 0.7377 -0.6751 0.0007
vn 0.7378 -0.6750 0.0011
vn 0.9948 0.1020 -0.0000
vn 0.9941 0.1082 -0.0007
vn 0.7368 -0.6761 0.0006
vn -0.6769 -0.7361 0.0010
vn -0.6762 -0.7367 0.0009
vn -0.9946 -0.1038 0.0004
vn -0.9945 -0.1043 0.0009
vn -0.6753 -0.7375 0.0002
vn -0.9946 -0.1042 -0.0001
vn -0.4205 0.6742 -0.6071
vn -0.9741 -0.1574 0.1621
vn 0.1169 -0.2396 -0.9638
vn 0.7543 0.6066 0.2512
vn 0.5212 -0.8478 0.0976
vn 0.7352 -0.6114 -0.2929
vn -0.9295 -0.3192 0.1845
vn -0.8466 -0.5288 0.0602
vn 0.4835 -0.1240 0.8665
vn -0.6661 0.7439 -0.0533
vn -0.8013 0.5931 -0.0790
vn -0.9344 0.1647 -0.3158
vn -0.2319 0.4285 -0.8733
vn -0.1788 0.1755 -0.9681
vn -0.9898 -0.1003 -0.1012
vn -0.7621 -0.6475 -0.0006
vn -0.5069 -0.8492 -0.1482
vn 0.7065 -0.5795 -0.4062
vn 0.7343 -0.6769 0.0502
vn -0.7868 -0.6172 -0.0072
vn -0.7948 -0.5380 -0.2807
vn 0.3609 -0.6160 -0.7002
vn 0.5863 -0.8096 -0.0275
vn -0.8798 -0.1187 -0.4603
vn -0.9951 -0.0959 -0.0231
vn -0.4906 0.1467 0.8589
vn -0.1227 0.0123 0.9924
vn -0.9778 -0.1221 0.1704
vn 0.9466 0.1350 0.2928
vn 0.8015 0.5980 -0.0034
vn -0.6220 0.7824 -0.0314
vn 0.9963 0.0825 0.0250
vn 0.2040 0.1237 0.9711
vn -0.7045 -0.0164 0.7095
vn -0.3907 0.8395 0.3777
vn -0.8209 0.5686 0.0521
vn -0.9957 -0.0773 0.0520
vn 0.6127 -0.7292 0.3047
vn -0.5923 -0.7042 0.3916
vn -0.7945 -0.6071 0.0151
vn 0.6077 -0.7929 -0.0453
vn -0.9138 -0.1578 0.3743
vn 0.3967 -0.2314 0.8883
vn 0.2361 -0.0366 0.9710
vn -0.9931 -0.1049 0.0532
vn 0.5366 0.3588 0.7637
vn 0.7102 0.7040 -0.0096
vn 0.9983 -0.0585 0.0048
vn -0.9282 -0.3015 -0.2181
vn 0.2886 -0.9566 0.0403
vn 0.9992 -0.0090 0.0388
vn -0.9777 -0.1982 0.0699
vn -0.9367 -0.3499 -0.0151
vn -0.9972 0.0029 0.0749
vn 0.0291 0.9993 0.0216
vn -0.9940 0.1088 -0.0063
vn 0.9807 0.1951 -0.0146
vn 0.9791 0.2019 0.0241
vn 0.9272 0.0822 0.3654
vn 0.9142 0.0341 0.4039
vn 0.8742 0.1029 0.4746
vn 0.2621 0.4930 0.8296
vn 0.7519 0.4207 0.5075
vn 0.9905 -0.0035 -0.1376
vn 0.6960 0.3494 0.6273
vn 0.9539 0.1131 0.2779
vn -0.1285 0.3602 -0.9240
vn -0.5215 0.0704 0.8503
vn -0.2280 -0.1272 0.9653
vn -0.8661 -0.3597 0.3471
vn 0.7430 -0.6564 -0.1308
vn 0.9961 0.0865 0.0172
vn -0.8096 -0.5865 -0.0220
vn 0.6149 -0.7857 -0.0683
vn -0.8179 -0.5748 0.0269
vn -0.5344 -0.7310 -0.4244
vn 0.6882 -0.6545 -0.3132
vn 0.6541 -0.7506 0.0936
vn -0.1175 -0.9060 -0.4066
vn -0.7989 -0.5721 0.1856
vn -0.8364 -0.5444 0.0638
vn -0.7782 -0.2032 -0.5942
vn 0.4286 0.2495 -0.8684
vn -0.9380 -0.3197 0.1339
vn 0.6647 -0.7465 0.0300
vn 0.7684 -0.0278 -0.6394
vn -0.9816 0.1722 -0.0824
vn 0.0344 0.9556 -0.2928
vn 0.9842 0.1736 -0.0363
vn -0.5522 -0.8266 -0.1088
vn -0.9439 -0.2622 0.2007
vn -0.9921 -0.0289 0.1224
vn -0.9978 -0.0630 0.0182
vn -0.7215 -0.2450 0.6476
vn -0.5507 0.0697 0.8318
vn 0.9467 0.0397 0.3197
vn 0.9967 -0.0810 -0.0030
vn 0.6337 0.0346 0.7728
vn -0.2782 0.0009 0.9605
vn 0.6139 -0.7178 -0.3284
vn 0.9011 -0.1873 -0.3911
vn 0.9986 0.0520 -0.0112
vn 0.6551 -0.7461 -0.1189
vn 0.8468 0.3725 -0.3797
vn 0.9877 0.1557 0.0167
vn -0.2493 -0.3386 -0.9073
vn -0.1971 0.1092 -0.9743
vn -0.3852 0.6937 -0.6087
vn -0.9967 -0.0638 -0.0493
vn -0.7830 0.4957 -0.3758
vn -0.5555 -0.6645 -0.4999
vn -0.9978 -0.0653 -0.0113
vn -0.9733 0.2139 -0.0834
vn -0.7343 -0.6718 -0.0976
vn -0.5954 -0.8028 -0.0309
vn -0.9958 -0.0912 0.0075
vn 0.8832 -0.4675 -0.0376
vn 0.9799 -0.1993 -0.0120
vn -0.1303 -0.9915 -0.0052
vn 0.9979 0.0645 -0.0045
vn 0.9976 0.0694 -0.0015
vn 0.9537 0.3003 0.0156
vn 0.8217 0.5699 0.0085
vn -0.2187 0.9758 0.0024
vn -0.6338 0.7735 -0.0035
vn 0.0842 0.9883 -0.1270
vn -0.9991 0.0382 -0.0168
vn 0.4000 0.8037 -0.4406
vn -0.9990 -0.0437 -0.0069
vn -0.9867 -0.1621 0.0117
vn -0.9491 -0.3149 0.0105
vn -0.9977 -0.0671 0.0004
vn 0.2260 -0.9741 -0.0026
vn 0.6300 -0.7766 0.0035
vn -0.7736 -0.6335 0.0162
vn 0.9993 -0.0340 -0.0140
vn 0.9989 0.0458 -0.0077
vn 0.9961 0.0876 0.0051
vn 0.9896 0.1439 0.0069
vn 0.5657 0.8246 -0.0013
vn 0.1430 0.9897 -0.0069
vn -0.8746 0.4847 -0.0111
vn -0.9764 0.2160 -0.0065
vn -0.9977 -0.0684 0.0008
vn -0.9965 -0.0820 0.0129
vn -0.9964 0.0848 -0.0048
vn -0.5623 -0.8264 0.0294
vn -0.2365 -0.9420 0.2380
vn -0.9260 -0.2695 0.2642
vn 0.8837 -0.4679 0.0089
vn 0.6359 -0.4996 0.5882
vn 0.9972 0.0729 0.0189
vn 0.9632 0.2689 -0.0054
vn -0.2226 0.9689 -0.1077
vn -0.9234 -0.3803 -0.0513
vn -0.9998 0.0182 0.0034
vn -0.2470 -0.2491 0.9365
vn 0.9977 0.0637 0.0251
vn 0.9027 -0.4301 -0.0123
vn 0.9110 -0.4123 -0.0074
vn 0.9972 0.0748 0.0014
vn -0.4221 -0.9065 -0.0100
vn 0.9976 0.0394 0.0562
vn 0.7782 0.0384 0.6268
vn -0.5429 -0.0410 0.8388
vn -0.4584 -0.0473 0.8875
vn -0.9920 -0.0760 0.1010
vn -0.9968 -0.0765 0.0220
vn -0.9972 -0.0746 0.0056
vn -0.9974 -0.0724 0.0051
vn -0.9831 0.1831 0.0036
vn -0.9765 0.2154 0.0004
vn -0.9973 -0.0733 0.0010
vn 0.0874 0.9961 0.0128
vn 0.1245 0.9922 0.0067
vn 0.9845 0.1753 0.0039
vn 0.9869 0.1614 0.0025
vn 0.9972 0.0747 -0.0006
vn 0.9975 0.0709 -0.0034
vn 0.9887 0.1498 0.0006
vn 0.9149 -0.4037 -0.0020
vn 0.9189 -0.3944 -0.0069
vn -0.4029 -0.9152 -0.0024
vn -0.3878 -0.9217 -0.0087
vn -0.9972 -0.0747 0.0010
vn -0.9972 -0.0750 0.0008
vn -0.9973 -0.0731 0.0008
vn -0.9973 -0.0735 0.0013
vn -0.9972 -0.0749 0.0011
vn -0.9715 0.2371 0.0004
vn -0.9707 0.2401 0.0027
vn 0.1670 0.9859 0.0032
vn 0.1623 0.9867 -0.0000
vn 0.9886 0.1507 -0.0025
vn 0.9874 0.1581 -0.0036
vn 0.1450 0.9894 -0.0030
vn 0.9978 0.0659 -0.0024
vn 0.9980 0.0639 -0.0029
vn 0.9265 -0.3762 -0.0067
vn 0.9331 -0.3594 -0.0064
vn -0.3688 -0.9295 -0.0081
vn -0.3498 -0.9368 -0.0108
vn -0.9972 -0.0748 0.0003
vn -0.9973 -0.0731 -0.0030
vn -0.3360 -0.9418 -0.0127
vn -0.9972 -0.0752 0.0013
vn -0.9970 -0.0776 -0.0033
vn -0.9732 0.2298 0.0025
vn -0.9769 0.2137 -0.0007
vn 0.1257 0.9920 -0.0081
vn 0.9865 0.1635 -0.0060
vn 0.9980 0.0623 -0.0065
vn 0.9978 0.0622 -0.0219
vn 0.9403 -0.3404 -0.0087
vn 0.9363 -0.3481 -0.0478
vn -0.3152 -0.9285 -0.1961
vn 0.5181 0.0583 -0.8534
vn 0.5311 -0.4158 -0.7382
vn -0.8303 0.0042 -0.5573
vn -0.7192 -0.2685 -0.6408
vn -0.9976 -0.0650 -0.0251
vn -0.9966 -0.0495 -0.0660
vn -0.3467 0.0145 0.9379
vn 0.3294 0.1652 -0.9296
vn -0.9510 -0.0735 -0.3003
vn 0.9924 0.0922 -0.0817
vn 0.9300 0.2081 -0.3029
vn -0.2397 0.1822 -0.9536
vn 0.9968 0.0728 -0.0315
vn 0.9962 0.0858 -0.0167
vn 0.9483 0.3172 -0.0096
vn 0.8096 0.3836 -0.4444
vn 0.9963 0.0861 -0.0057
vn 0.9963 0.0862 -0.0035
vn 0.9572 0.2894 -0.0052
vn -0.0885 0.9961 0.0050
vn -0.1554 0.9879 0.0019
vn 0.9620 0.2731 -0.0031
vn 0.9963 0.0856 -0.0033
vn -0.0617 0.9981 0.0032
vn -0.9924 0.1234 0.0036
vn -0.9942 0.1073 0.0009
vn -0.0451 0.9990 0.0015
vn 0.9653 0.2612 -0.0022
vn -0.9917 0.1286 0.0029
vn -0.9955 -0.0949 0.0019
vn -0.9954 -0.0963 0.0009
vn -0.9911 0.1330 0.0018
vn -0.0308 0.9995 0.0021
vn -0.9956 -0.0939 0.0016
vn -0.9956 -0.0936 0.0013
vn -0.9956 -0.0938 0.0016
vn -0.9956 -0.0935 0.0015
vn -0.9906 0.1370 0.0002
vn -0.9957 -0.0928 0.0012
vn -0.7709 -0.6369 0.0021
vn -0.7318 -0.6815 0.0002
vn -0.9957 -0.0921 0.0028
vn -0.9955 -0.0942 0.0029
vn -0.8419 -0.5395 -0.0118
vn 0.5708 -0.8208 0.0203
vn 0.6440 -0.7650 0.0018
vn -0.9955 -0.0936 0.0126
vn -0.9951 -0.0979 0.0100
vn -0.9913 -0.0944 0.0922
vn -0.9892 -0.1042 0.1030
vn -0.3591 0.0041 0.9333
vn -0.3874 0.0279 0.9215
vn 0.9144 0.0887 0.3949
vn 0.9966 0.0793 0.0207
vn 0.9758 0.2182 0.0163
vn 0.9967 0.0815 0.0031
vn 0.9725 0.2328 0.0073
vn 0.9966 0.0828 -0.0003
vn 0.9699 0.2435 0.0031
vn 0.9980 0.0615 0.0141
vn 0.9966 0.0830 -0.0009
vn 0.9965 0.0840 -0.0016
vn 0.9966 0.0827 -0.0026
vn 0.9964 0.0850 -0.0024
vn 0.6829 -0.7305 -0.0044
vn 0.7022 -0.7118 -0.0165
vn 0.9965 0.0830 -0.0024
vn -0.7058 -0.7083 -0.0087
vn -0.7096 -0.7044 -0.0161
vn 0.6951 -0.7186 -0.0209
vn -0.9957 -0.0930 0.0005
vn -0.9958 -0.0900 -0.0163
vn -0.9950 -0.0989 -0.0114
vn -0.9876 -0.1159 -0.1064
vn -0.9970 0.0720 -0.0288
vn -0.5946 0.3092 -0.7422
vn -0.1579 0.9033 -0.3989
vn 0.9679 0.2513 -0.0007
vn -0.0167 0.9998 0.0047
vn -0.0115 0.9998 0.0143
vn -0.9921 0.1252 0.0021
vn -0.0029 0.9999 0.0146
vn -0.9957 0.0595 0.0716
vn 0.4821 -0.0867 -0.8718
vn 0.9940 0.1041 -0.0340
vn 0.3192 0.0049 -0.9477
vn 0.9939 0.0926 -0.0594
vn -0.9228 -0.0538 -0.3816
vn -0.9026 -0.1138 -0.4152
vn -0.9945 -0.1046 -0.0054
vn -0.9952 -0.0973 0.0027
vn 0.2950 0.0596 -0.9536
vn 0.9960 0.0694 -0.0570
vn 0.3120 0.3924 -0.8653
vn 0.4310 0.8658 -0.2542
vn -0.8366 0.4275 -0.3426
vn 0.9964 0.0850 -0.0066
vn 0.9961 0.0882 -0.0073
vn 0.4745 0.8802 -0.0127
vn 0.4718 0.8817 0.0053
vn 0.9962 0.0871 -0.0038
vn -0.8780 0.4787 -0.0050
vn -0.8839 0.4677 0.0073
vn -0.9952 -0.0977 0.0027
vn -0.9952 -0.0979 0.0027
vn -0.8900 0.4558 0.0052
vn -0.9952 -0.0981 0.0032
vn -0.9952 -0.0981 0.0025
vn -0.8064 -0.5913 0.0062
vn -0.8108 -0.5853 0.0009
vn 0.5909 -0.8068 0.0021
vn 0.5836 -0.8121 -0.0039
vn 0.9960 0.0895 -0.0053
vn 0.9961 0.0880 -0.0036
vn 0.9962 0.0874 -0.0039
vn 0.9962 0.0872 -0.0029
vn 0.9962 0.0872 -0.0024
vn 0.9962 0.0875 -0.0030
vn 0.9961 0.0877 -0.0029
vn 0.9962 0.0867 -0.0028
vn 0.4614 0.8872 0.0021
vn 0.4588 0.8885 -0.0025
vn -0.8915 0.4529 0.0029
vn -0.8880 0.4599 0.0005
vn 0.4670 0.8842 -0.0070
vn -0.9953 -0.0972 0.0033
vn -0.9954 -0.0959 0.0037
vn -0.9953 -0.0973 0.0026
vn -0.9953 -0.0965 0.0031
vn -0.8141 -0.5807 0.0034
vn -0.8347 -0.5507 0.0056
vn 0.5744 -0.8186 0.0013
vn 0.5599 -0.8285 0.0068
vn 0.9964 0.0849 -0.0018
vn 0.9966 0.0825 -0.0023
vn 0.5080 -0.8613 0.0060
vn 0.9963 0.0857 -0.0028
vn 0.9964 0.0843 -0.0015
vn 0.9966 0.0825 -0.0011
vn 0.9962 0.0872 -0.0034
vn 0.9963 0.0855 -0.0028
vn 0.4819 0.8762 -0.0067
vn 0.5146 0.8572 -0.0213
vn 0.9965 0.0833 -0.0001
vn -0.8793 0.4763 0.0004
vn -0.8714 0.4905 -0.0063
vn -0.9955 -0.0947 0.0044
vn -0.9955 -0.0949 0.0069
vn -0.9955 -0.0952 0.0033
vn -0.9957 -0.0928 0.0053
vn -0.8576 -0.5142 0.0064
vn -0.8314 -0.5557 -0.0031
vn 0.5533 -0.8330 -0.0037
vn 0.9965 0.0839 0.0023
vn 0.9966 0.0828 0.0017
vn 0.9964 0.0830 0.0174
vn 0.9965 0.0823 0.0171
vn 0.6636 -0.0010 0.7481
vn 0.7526 -0.0093 0.6585
vn -0.6498 -0.1624 0.7425
vn -0.9939 -0.1014 0.0435
vn -0.9965 -0.0812 0.0186
vn -0.8392 -0.5438 0.0041
vn -0.9956 -0.0885 0.0297
vn -0.9965 -0.0831 0.0124
vn -0.9968 -0.0793 0.0051
vn -0.9971 -0.0754 0.0059
vn -0.5879 0.8089 -0.0088
vn 0.8154 0.5788 -0.0094
vn -0.5721 0.8202 -0.0030
vn -0.9969 -0.0781 0.0019
vn 0.8229 0.5681 -0.0058
vn 0.9977 0.0676 -0.0034
vn 0.9978 0.0666 -0.0009
vn 0.8287 0.5597 -0.0072
vn -0.5507 0.8346 -0.0107
vn 0.9976 0.0685 -0.0041
vn 0.9976 0.0685 -0.0036
vn 0.9977 0.0682 -0.0029
vn 0.9976 0.0688 -0.0037
vn 0.8458 0.5335 -0.0031
vn 0.9976 0.0690 -0.0038
vn 0.4944 -0.8692 -0.0125
vn 0.5249 -0.8510 -0.0162
vn 0.9976 0.0691 -0.0039
vn 0.9977 0.0682 -0.0038
vn 0.4924 -0.8703 0.0092
vn -0.8641 -0.5032 0.0074
vn -0.8576 -0.5143 -0.0095
vn 0.5311 -0.8467 0.0316
vn 0.9976 0.0695 -0.0050
vn -0.8438 -0.5358 0.0288
vn -0.9955 -0.0942 0.0113
vn -0.9951 -0.0985 0.0046
vn -0.8169 -0.5766 0.0124
vn 0.5744 -0.8185 0.0102
vn -0.9958 -0.0916 -0.0016
vn -0.9967 -0.0815 0.0019
vn -0.9966 -0.0823 0.0052
vn -0.9968 -0.0750 -0.0284
vn -0.5730 0.8084 -0.1349
vn -0.6072 0.7946 0.0061
vn -0.7556 0.0288 -0.6544
vn -0.3502 0.6486 -0.6758
vn 0.4475 0.0604 -0.8923
vn 0.6411 0.2429 -0.7280
vn 0.9809 0.1465 -0.1278
vn 0.9962 0.0799 -0.0350
vn 0.9977 0.0660 -0.0117
vn 0.9974 0.0717 -0.0100
vn 0.8178 0.5370 -0.2069
vn 0.7867 0.6148 -0.0562
vn 0.7969 0.6040 0.0004
vn 0.9977 0.0679 -0.0058
vn 0.8203 0.5718 0.0092
vn -0.5835 0.8118 0.0220
vn -0.5520 0.8337 0.0123
vn -0.9965 -0.0830 0.0043
vn -0.9968 -0.0802 0.0019
vn -0.9958 -0.0911 -0.0029
vn -0.9968 -0.0802 -0.0016
vn -0.8442 -0.5360 -0.0079
vn -0.8356 -0.5494 0.0036
vn 0.5439 -0.8392 -0.0019
vn 0.5570 -0.8304 -0.0165
vn 0.9976 0.0693 -0.0012
vn 0.9971 0.0752 0.0065
vn 0.9859 0.1101 0.1260
vn 0.1826 0.0901 0.9790
vn 0.9946 0.0721 0.0744
vn 0.9977 0.0362 0.0580
vn -0.9497 -0.0212 0.3124
vn -0.9976 -0.0647 0.0249
vn -0.8671 0.1699 0.4683
vn -0.9975 -0.0696 0.0134
vn 0.3405 0.3029 0.8901
vn -0.9981 -0.0618 0.0052
vn -0.9982 -0.0595 0.0058
vn -0.4162 0.9086 0.0347
vn -0.4360 0.8997 0.0216
vn -0.3950 0.8390 0.3742
vn 0.9063 0.4226 0.0057
vn 0.8946 0.4468 0.0077
vn 0.7563 0.4792 0.4454
vn 0.9984 0.0569 -0.0005
vn 0.9980 0.0627 0.0035
vn 0.9983 0.0584 0.0088
vn 0.9986 0.0525 -0.0005
vn 0.5676 -0.8230 0.0214
vn 0.5820 -0.8132 0.0044
vn 0.9988 0.0490 -0.0039
vn -0.8215 -0.5698 0.0221
vn -0.8101 -0.5862 0.0079
vn -0.9982 -0.0596 0.0038
vn -0.9982 -0.0593 0.0034
vn -0.8041 -0.5945 0.0057
vn -0.9982 -0.0603 0.0037
vn -0.9982 -0.0594 0.0030
vn -0.4667 0.8841 0.0242
vn -0.4882 0.8727 0.0042
vn 0.8880 0.4596 0.0124
vn 0.8742 0.4855 -0.0017
vn 0.9988 0.0488 0.0034
vn 0.9991 0.0416 -0.0039
vn 0.9989 0.0473 -0.0040
vn 0.9989 0.0473 -0.0043
vn 0.9991 0.0416 -0.0057
vn 0.5899 -0.8075 0.0015
vn 0.6079 -0.7940 0.0088
vn -0.7969 -0.6041 0.0091
vn -0.9983 -0.0589 0.0029
vn -0.9968 -0.0753 -0.0256
vn -0.9982 -0.0599 0.0038
vn -0.9979 -0.0646 -0.0047
vn -0.4893 0.8721 -0.0071
vn -0.4679 0.8819 -0.0573
vn 0.8777 0.4790 -0.0128
vn 0.8845 0.4653 -0.0332
vn 0.9989 0.0446 -0.0142
vn 0.9511 0.1561 -0.2665
vn 0.7445 0.5241 -0.4135
vn 0.9987 0.0509 -0.0094
vn 0.9763 0.1042 -0.1894
vn -0.0597 -0.2026 -0.9774
vn -0.4361 0.8311 -0.3451
vn 0.0132 0.4429 -0.8965
vn 0.2735 0.0869 -0.9579
vn 0.0838 -0.5646 -0.8211
vn 0.0879 0.7791 -0.6207
vn -0.0056 0.9998 0.0178
vn -0.8915 0.4290 0.1459
vn -0.8290 -0.5568 0.0523
vn -0.8100 -0.5825 0.0681
vn 0.0949 0.9798 0.1759
vn 0.1927 0.9765 -0.0963
vn -0.0850 0.9882 0.1275
vn 0.8355 -0.5489 -0.0260
vn 0.3425 -0.9246 0.1666
vn 0.0397 -0.9991 -0.0114
vn 0.4373 -0.8958 -0.0792
vn 0.9163 -0.3992 0.0319
vn 0.0935 -0.9938 0.0600
vn 0.9517 -0.2759 -0.1345
vn 0.9933 -0.1150 -0.0068
vn 0.0931 0.9952 -0.0298
vn 0.7765 0.6298 -0.0207
vn 0.8430 0.5280 -0.1033
vn 0.1279 0.9915 -0.0222
vn 0.8374 -0.0155 -0.5463
vn 0.5929 -0.5505 -0.5877
vn 0.0235 -0.7779 -0.6279
vn 0.1561 -0.0539 -0.9863
vn 0.6966 -0.7170 -0.0256
vn 1.0000 -0.0018 -0.0061
vn -0.0542 -0.9984 -0.0168
vn -0.0031 -0.4739 -0.8806
vn -0.0056 0.8995 -0.4368
vn 0.0014 -0.9967 -0.0811
vn -0.0259 -0.7174 -0.6961
vn -0.0010 -0.9998 -0.0180
vn -0.0008 -1.0000 0.0032
vn -0.0194 -0.7191 -0.6946
vn -0.0191 -0.9497 -0.3127
vn -0.0059 -0.5664 -0.8241
vn -0.0182 -0.0510 -0.9985
vn -0.0291 -0.5122 -0.8584
vn -0.0089 0.0945 -0.9955
vn 0.5983 -0.2434 -0.7635
vn -0.5332 -0.3517 -0.7694
vn -0.6609 0.4697 -0.5853
vn 0.5449 0.6665 -0.5088
vn -0.5473 -0.5136 -0.6609
vn -0.5935 -0.3569 -0.7214
vn -0.6438 0.4552 -0.6151
vn 0.9557 0.2293 -0.1845
vn -0.3339 0.9251 -0.1808
vn -0.4958 0.4981 -0.7114
vn 0.7061 0.1927 -0.6814
vn -0.9450 -0.2698 -0.1847
vn -0.4292 -0.8961 -0.1136
vn 0.5873 -0.1971 -0.7850
vn 0.9983 0.0125 -0.0569
vn 0.9913 -0.0177 -0.1301
vn 0.9944 0.0237 -0.1033
vn -0.0517 0.9952 -0.0829
vn -0.4269 0.8408 -0.3328
vn -0.0279 0.6298 -0.7762
vn 0.0234 0.7324 -0.6805
vn -0.1468 0.9885 0.0351
vn -0.3986 -0.8297 0.3908
vn -0.1827 -0.5353 -0.8247
vn 0.3309 0.8835 -0.3317
vn 0.0554 0.9953 -0.0794
vn 0.0307 0.8594 -0.5104
vn 0.2611 0.9202 0.2915
vn 0.2356 0.8510 0.4694
vn 0.2196 0.9599 0.1742
vn 0.1328 0.9900 0.0484
vn -0.0089 0.9999 0.0140
vn 0.3472 0.9346 0.0774
vn 0.2102 0.9776 -0.0091
vn 0.0509 0.9978 0.0424
vn 0.0533 0.9985 -0.0112
vn 0.5976 0.7924 0.1226
vn 0.9304 -0.1401 0.3386
vn 0.5664 -0.8228 0.0459
vn -0.0072 -0.9995 0.0297
vn 0.8086 -0.3684 -0.4588
vn 0.9884 0.1431 0.0508
vn -0.0279 -0.9995 0.0124
vn -0.0032 -0.9941 -0.1085
vn -0.0079 -0.9999 0.0106
vn 0.0770 0.9905 0.1141
vn 0.0640 -0.9106 -0.4083
vn 0.6942 0.6947 -0.1884
vn 0.9095 0.3931 -0.1353
vn 0.4392 0.5480 -0.7119
vn 0.2141 0.8429 -0.4936
vn -0.1736 0.6512 -0.7388
vn -0.2808 0.8709 -0.4032
vn -0.1885 0.8772 -0.4415
vn 0.0583 0.8796 -0.4722
vn 0.1413 -0.1677 -0.9757
vn 0.0032 0.9994 0.0350
vn 0.0060 0.9998 0.0181
vn 0.1888 0.9676 -0.1678
vn 0.2750 0.9614 0.0023
vn -0.0313 0.9995 -0.0014
vn -0.0727 0.9907 -0.1153
vn -0.4691 0.7733 0.4265
vn -0.7829 0.6091 -0.1270
vn -0.8349 -0.2949 -0.4648
vn -0.3073 0.1435 -0.9407
vn -0.3286 0.9444 -0.0056
vn -0.7937 0.5942 0.1299
vn -0.3719 0.9283 -0.0012
vn -0.9297 0.3678 -0.0164
vn -0.9472 -0.3195 -0.0276
vn -0.4068 0.9135 -0.0024
vn 0.6984 0.0064 0.7157
vn 0.6282 -0.3931 0.6715
vn 0.8967 -0.4409 -0.0398
vn 0.9984 0.0482 -0.0283
vn -0.0888 -0.2919 0.9523
vn 0.6221 -0.5350 0.5716
vn 0.8782 0.0006 0.4784
vn 0.1022 -0.2668 0.9583
vn 0.2093 -0.0146 0.9777
vn 0.0675 0.9563 0.2843
vn -0.7899 0.5994 0.1296
vn -0.5807 0.7499 0.3170
vn -0.0145 0.7394 0.6731
vn 0.4008 0.2823 0.8716
vn 0.8943 0.3753 0.2435
vn -0.1512 0.3284 0.9324
vn -0.3138 0.7247 0.6135
vn -0.0416 0.9956 0.0843
vn -0.0106 0.6282 0.7780
vn 0.0204 -0.6858 0.7275
vn -0.0016 -0.7013 0.7129
vn -0.0212 -0.0332 0.9992
vn 0.1246 -0.5128 0.8494
vn 0.5585 -0.0564 0.8276
vn 0.5126 -0.3577 0.7806
vn 0.8173 -0.4225 0.3919
vn 0.9798 -0.0482 0.1941
vn 0.0986 -0.9094 0.4041
vn -0.0437 -0.8076 -0.5881
vn -0.5390 -0.8423 0.0026
vn -0.0946 -0.9857 0.1393
vn -0.0059 -0.9999 0.0126
vn -0.0168 -0.9408 0.3385
vn -0.9229 0.0114 -0.3850
vn -0.0559 0.0810 -0.9951
vn -0.7994 -0.4006 0.4478
vn -0.6927 -0.3741 0.6166
vn -0.7031 -0.2048 0.6810
vn -0.6364 -0.4720 -0.6101
vn -0.9978 -0.0643 -0.0152
vn -0.9018 0.1931 0.3866
vn 0.0029 -0.7079 -0.7063
vn 0.0019 -0.7070 0.7072
vn -0.5565 0.0752 -0.8274
vn -0.8152 -0.0259 -0.5786
vn -0.1116 -0.5120 0.8517
vn -0.6621 -0.4906 0.5665
vn -0.7012 -0.7127 0.0201
vn 0.2548 -0.9663 0.0359
vn -0.2697 0.4873 0.8305
vn -0.1203 -0.3553 -0.9270
vn 0.7430 -0.4141 -0.5259
vn 0.8694 -0.4928 -0.0355
vn 0.0351 -0.9940 -0.1036
vn 0.8331 0.2172 -0.5087
vn 0.9991 0.0265 0.0317
vn 0.0550 0.2151 -0.9750
vn 0.7058 -0.4198 0.5707
vn 0.5906 0.3673 0.7186
vn 0.8642 -0.5012 0.0450
vn 0.8077 0.2954 0.5102
vn -0.3549 0.2089 0.9113
vn 0.5626 -0.0010 0.8267
vn -0.5509 0.0056 0.8345
vn 0.9863 -0.0041 0.1651
vn -0.3330 0.5616 0.7574
vn -0.0019 0.6876 0.7261
vn -0.7479 0.1708 0.6415
vn -0.9668 0.1715 0.1895
vn -0.2505 0.5169 -0.8185
vn 0.8762 -0.4386 -0.1996
vn 0.9763 0.0268 -0.2150
vn 0.9569 -0.2850 0.0562
vn 0.6702 -0.5387 0.5105
vn 0.6729 0.7276 0.1337
vn 0.6935 0.7190 -0.0453
vn 0.5585 -0.0294 0.8290
vn 0.9868 -0.0240 0.1602
vn 0.3350 -0.5404 0.7718
vn 0.6600 0.0381 0.7503
vn 0.9812 -0.0234 -0.1914
vn 0.9373 -0.2879 -0.1963
vn 0.8570 -0.1413 -0.4955
vn 0.7811 0.4505 -0.4323
vn 0.5529 -0.1449 -0.8206
vn -0.3824 -0.4270 0.8194
vn 0.1448 0.6639 0.7337
vn -0.6623 -0.3385 0.6684
vn -0.6004 -0.0099 0.7997
vn -0.8087 0.1610 0.5657
vn -0.6162 -0.3037 0.7267
vn 0.2607 -0.4571 -0.8504
vn 0.2057 -0.1529 -0.9666
vn -0.4289 -0.3106 -0.8483
vn -0.4329 -0.3446 -0.8330
vn -0.5009 -0.0130 -0.8654
vn 0.1627 0.7367 -0.6563
vn 0.1751 0.9843 0.0214
vn -0.9666 -0.2333 0.1064
vn -0.5655 -0.8243 0.0279
vn -0.9905 -0.0012 0.1375
vn -0.5429 0.7416 0.3940
vn -0.1266 0.9898 0.0654
vn -0.5706 0.7602 0.3107
vn -0.4111 -0.5499 -0.7271
vn -0.8872 -0.2549 -0.3845
vn -0.4873 0.6250 -0.6098
vn -0.3706 0.3663 -0.8535
vn -0.2787 0.9601 0.0233
vn 0.0502 -0.6555 -0.7535
vn 0.0186 -0.9963 -0.0843
vn 0.2344 0.1322 -0.9631
vn -0.2329 0.9610 -0.1490
vn -0.1911 0.6937 0.6944
vn 0.0501 -0.7210 0.6912
vn 0.2103 -0.0412 0.9768
vn 0.0310 -0.8067 -0.5901
vn 0.0317 -0.9272 0.3733
vn 0.9417 0.2688 -0.2024
vn -0.0145 0.3888 -0.9212
vn 0.1192 0.6086 0.7845
vn 0.3168 -0.1836 0.9305
vn 0.0131 -0.9707 0.2399
vn 0.0197 -0.7509 -0.6601
vn 0.9887 0.0513 0.1410
vn -0.0106 0.0003 0.9999
vn 0.1420 0.6411 -0.7542
vn 0.2843 0.0424 -0.9578
vn 0.0997 0.8150 -0.5708
vn 0.1093 0.5622 -0.8198
vn 0.9528 -0.1498 -0.2640
vn 0.3918 0.9190 0.0441
vn 0.0687 -0.3638 -0.9289
vn 0.0578 -0.5875 -0.8071
vn 0.2034 0.6115 0.7646
vn 0.0267 0.2122 0.9769
vn 0.5878 0.6484 0.4838
vn 0.0192 -0.9831 0.1822
vn 0.0315 -0.0824 0.9961
vn -0.0048 0.9730 0.2306
vn -0.0064 0.5210 0.8535
vn 0.5186 0.8284 0.2119
vn 0.5165 0.4403 -0.7344
vn 0.5375 0.8432 -0.0059
vn 0.3403 -0.4771 -0.8103
vn 0.7085 0.4722 0.5245
vn -0.0181 -0.4593 -0.8881
vn 0.0043 0.8330 -0.5533
vn 0.0210 -0.0508 -0.9985
vn 0.0025 0.0371 -0.9993
vn 0.0251 -0.6779 -0.7347
vn 0.0237 -0.1611 -0.9867
vn 0.4601 -0.8106 -0.3622
vn 0.0028 -0.9776 -0.2102
vn 0.7433 0.6561 -0.1302
vn 0.0254 -0.6822 0.7307
vn 0.0978 0.2202 0.9705
vn 0.0159 0.2047 0.9787
vn -0.0041 -0.6993 0.7148
vn 0.0507 0.4276 0.9026
vn 0.0218 0.4561 0.8897
vn -0.0587 0.1819 0.9816
vn -0.0204 -0.7048 0.7091
vn -0.0413 0.3604 0.9319
vn -0.0025 -0.8308 -0.5566
vn 0.0001 -0.0970 -0.9953
vn -0.0012 -0.1209 -0.9927
vn -0.0165 -0.8062 -0.5915
vn -0.1152 -0.8999 0.4206
vn -0.4267 -0.2965 -0.8544
vn 0.0597 0.7093 -0.7023
vn 0.2601 0.8482 -0.4614
vn -0.0370 0.1309 -0.9907
vn 0.1341 -0.8789 0.4577
vn -0.8117 -0.5075 0.2891
vn -0.4884 -0.1089 -0.8658
vn -0.0785 0.8828 0.4632
vn -0.3869 0.8724 0.2987
vn -0.1259 0.1262 -0.9840
vn 0.0880 0.0395 -0.9953
vn -0.0275 -0.6042 -0.7963
vn 0.0433 -0.7070 -0.7059
vn -0.0088 0.2372 -0.9714
vn 0.3257 0.8037 -0.4979
vn 0.0072 0.9730 -0.2307
vn 0.0753 0.9553 0.2857
vn 0.0273 0.9968 0.0755
vn 0.8302 0.5449 -0.1177
vn 0.2926 -0.9242 -0.2453
vn 0.6553 -0.3364 0.6763
vn -0.5000 0.7754 -0.3856
vn -0.3559 -0.0009 0.9345
vn 0.3431 -0.4011 0.8494
vn 0.9476 0.3057 -0.0930
vn 0.6048 0.5958 0.5284
vn 0.6253 0.6527 -0.4277
vn 0.4294 0.1039 0.8971
vn 0.3374 0.8376 -0.4296
vn 0.0050 0.5053 -0.8629
vn 0.0226 0.9775 -0.2097
vn 0.0121 0.4804 -0.8770
vn 0.1307 0.6413 0.7561
vn 0.1943 -0.7233 0.6627
vn 0.7561 -0.6530 0.0426
vn 0.5702 -0.4246 -0.7032
vn 0.4136 0.6379 -0.6496
vn 0.6654 0.6883 0.2890
vn -0.0255 -0.4217 -0.9064
vn 0.1461 -0.9686 -0.2010
vn -0.0156 0.7727 -0.6345
vn 0.5542 -0.4291 0.7133
vn 0.1547 -0.5451 0.8240
vn 0.3253 0.5950 0.7349
vn 0.0561 0.9587 0.2788
vn 0.0296 0.4956 0.8680
vn 0.5382 -0.8342 -0.1202
vn 0.1264 -0.1627 -0.9786
vn 0.8630 0.1437 -0.4842
vn -0.2934 -0.6121 0.7343
vn -0.0617 -0.2223 0.9730
vn 0.0129 -0.6138 0.7894
vn -0.1611 -0.8703 0.4654
vn 0.0932 -0.9789 0.1819
vn -0.8527 -0.5163 0.0798
vn -0.3746 0.3306 -0.8662
vn 0.0358 0.4386 -0.8980
vn -0.0425 0.7712 0.6351
vn -0.0241 0.6835 0.7296
vn -0.0743 -0.9781 0.1943
vn 0.0679 0.5460 -0.8350
vn 0.0289 0.5209 0.8531
vn -0.0207 0.5657 -0.8243
vn -0.0581 -0.9833 -0.1722
vn 0.7828 -0.6207 0.0452
vn 0.6012 0.5643 -0.5657
vn 0.2046 0.3538 0.9127
vn 0.2696 -0.9407 -0.2060
vn -0.9066 -0.3948 -0.1492
vn 0.7023 -0.1617 -0.6932
vn 0.4444 -0.8568 0.2614
vn 0.7927 0.2019 -0.5752
vn -0.6729 -0.4408 -0.5941
vn -0.6184 0.7070 -0.3431
vn 0.6659 -0.2714 0.6949
vn 0.3356 0.0708 0.9393
vn -0.2619 0.8470 0.4626
vn -0.1795 -0.7552 -0.6304
vn -0.2670 0.2299 0.9359
vn -0.0670 0.1414 0.9877
vn -0.2308 -0.6584 -0.7164
vn -0.8456 0.1222 -0.5197
vn 0.0548 0.0548 -0.9970
vn -0.0339 -0.7695 -0.6377
vn -0.0161 0.0099 0.9998
vn -0.0605 0.2383 0.9693
vn 0.0071 0.2026 -0.9792
vn 0.0322 -0.4590 0.8879
vn 0.0749 -0.9758 -0.2056
vn 0.0151 -0.9968 0.0786
vn -0.1546 0.2372 -0.9591
vn -0.0951 0.3253 -0.9408
vn -0.0951 0.0230 -0.9952
vn -0.4569 -0.8532 -0.2516
vn -0.0943 -0.9937 -0.0607
vn -0.1460 -0.7762 -0.6133
vn -0.0243 -0.9997 -0.0095
vn 0.0153 -0.7398 -0.6726
vn 0.0480 -0.9931 -0.1067
vn 0.0527 -0.9979 -0.0389
vn -0.0644 0.3072 -0.9495
vn -0.0022 -0.9995 0.0303
vn -0.0237 -0.9996 0.0137
vn 0.0163 -0.9998 0.0120
vn -0.2478 0.8984 -0.3625
vn -0.1039 0.9946 -0.0001
vn -0.0767 -0.9378 -0.3386
vn -0.0292 -0.7788 -0.6266
vn 0.1388 -0.5526 -0.8218
vn -0.1082 -0.3414 -0.9337
vn 0.0152 -0.1054 -0.9943
vn -0.0197 0.9973 0.0701
vn -0.0347 0.9893 0.1418
vn -0.0618 0.9863 -0.1527
vn -0.0304 0.9987 0.0398
vn 0.0199 0.9981 0.0587
vn 0.0503 -0.9613 0.2707
vn -0.0141 0.7744 0.6325
vn 0.0073 0.3479 -0.9375
vn -0.5826 -0.7769 0.2389
vn -0.0017 0.7994 0.6008
vn 0.0190 -0.4223 -0.9063
vn -0.3616 -0.1942 -0.9119
vn -0.6363 -0.7295 -0.2509
vn 0.0947 -0.0190 -0.9953
vn 0.2184 0.0576 -0.9742
vn 0.1580 -0.7919 -0.5898
vn 0.9162 0.0483 -0.3977
vn 0.5938 0.1427 0.7919
vn -0.5724 -0.5792 0.5804
vn -0.7852 -0.1702 -0.5955
vn -0.7980 0.4425 -0.4091
vn 0.9185 -0.0493 -0.3922
vn 0.9114 -0.1886 -0.3659
vn -0.0412 0.0010 -0.9992
vn 0.9110 0.0231 -0.4118
vn 0.0598 -0.0535 -0.9968
vn -0.5897 -0.0109 -0.8076
vn -0.0617 0.9949 0.0799
vn -0.0235 0.9983 0.0526
vn -0.2407 0.5548 -0.7964
vn -0.0905 0.7049 0.7035
vn -0.0439 0.3364 -0.9407
vn 0.3304 0.8034 -0.4953
vn -0.4131 -0.0481 -0.9094
vn -0.8983 -0.3809 0.2192
vn 0.1550 -0.1486 0.9767
vn -0.1533 -0.8744 0.4604
vn -0.0576 -0.9973 -0.0460
vn -0.0141 -0.9981 0.0594
vn -0.0256 -0.9995 0.0169
vn 0.4659 -0.7735 -0.4297
vn 0.0278 -0.9983 0.0506
vn 0.9969 0.0146 -0.0774
vn 0.2239 0.0777 -0.9715
vn 0.0358 0.9989 0.0310
vn 0.0212 0.9971 0.0737
vn 0.0208 0.8642 -0.5028
vn 0.0044 1.0000 0.0042
vn 0.0324 0.0971 -0.9947
vn 0.2436 0.0111 -0.9698
vn 0.0234 0.0140 -0.9996
vn 0.0465 -0.8089 -0.5862
vn 0.0196 -0.9998 0.0077
vn 0.0005 0.7124 0.7018
vn 0.6207 0.5793 0.5283
vn 0.6054 0.7922 -0.0769
vn -0.0014 1.0000 -0.0029
vn 0.6314 -0.4922 0.5992
vn -0.0082 -0.6480 0.7616
vn 0.8381 -0.5452 -0.0165
vn 0.2274 -0.9141 0.3357
vn 0.4550 0.7764 -0.4360
vn 0.0130 0.2259 -0.9741
vn -0.0043 0.2573 -0.9663
vn 0.0013 0.9348 -0.3551
vn 0.3223 -0.4732 -0.8199
vn 0.6992 -0.3062 -0.6461
vn -0.2938 -0.7019 -0.6488
vn 0.3604 0.0129 0.9327
vn 0.5788 -0.0262 -0.8150
vn -0.0472 -0.9989 0.0085
vn -0.0222 -0.6798 0.7331
vn -0.0060 -0.8060 -0.5919
vn -0.9892 0.0483 -0.1387
vn 0.0191 0.1473 -0.9889
vn 0.3650 -0.0571 -0.9292
vn 0.2382 -0.3919 -0.8886
vn -0.7679 -0.6366 0.0716
vn -0.9981 0.0154 0.0596
vn 0.3535 -0.7114 0.6074
vn 0.4942 -0.0227 0.8691
vn 0.0136 0.8334 0.5525
vn 0.0068 0.8736 0.4866
vn -0.0061 0.8112 0.5847
vn 0.0156 0.4010 -0.9160
vn 0.0024 0.4021 -0.9156
vn -0.0027 0.9120 -0.4102
vn 0.0038 0.9012 -0.4333
vn -0.0068 0.4304 -0.9026
vn -0.0022 -0.0928 -0.9957
vn 0.0050 -0.8027 -0.5964
vn 0.0013 0.7039 0.7103
vn -0.3366 0.4731 0.8142
vn 0.0448 0.8513 0.5227
vn 0.0021 0.8497 0.5272
vn 0.1839 0.6554 0.7325
vn 0.1717 -0.5094 0.8432
vn 0.2910 -0.8717 0.3943
vn 0.7474 0.3909 0.5371
vn 0.9767 0.0771 0.2004
vn 0.9776 -0.2095 -0.0185
vn 0.3083 0.9487 -0.0703
vn 0.2606 -0.9651 0.0252
vn 0.0177 -0.4496 0.8931
vn 0.7929 -0.5762 0.1982
vn -0.5726 -0.7746 0.2687
vn -0.5789 -0.5724 0.5806
vn -0.1780 -0.9823 -0.0580
vn 0.4895 0.8536 -0.1779
vn 0.8712 0.4157 0.2612
vn 0.0189 -0.4612 -0.8871
vn -0.2954 -0.6958 -0.6547
vn 0.0013 -0.9931 0.1172
vn 0.0079 -0.9978 0.0662
vn -0.6705 0.6508 -0.3562
vn -0.1541 0.9295 -0.3351
vn -0.1515 0.9852 -0.0801
vn 0.6147 0.2618 0.7440
vn -0.0243 -0.0632 0.9977
vn 0.7245 0.6868 -0.0577
vn 0.8321 0.4846 -0.2699
vn -0.0030 -1.0000 -0.0078
vn -0.0047 -0.7767 0.6298
vn -0.0135 -0.5110 -0.8595
vn -0.1132 0.9584 0.2622
vn -0.4651 0.1835 0.8660
vn -0.7861 0.4513 0.4224
vn -0.8647 0.4924 0.0988
vn 0.5772 0.2932 0.7621
vn 0.8547 0.4869 0.1800
vn 0.0298 0.1036 0.9942
vn 0.3265 0.0498 0.9439
vn -0.2952 0.6443 0.7055
vn -0.0880 -0.5956 0.7984
vn -0.1497 0.6052 -0.7819
vn -0.8051 0.1698 0.5683
vn -0.8646 0.2086 -0.4572
vn -0.1837 0.0751 0.9801
vn 0.1748 0.0333 0.9840
vn -0.0589 -0.6761 -0.7345
vn -0.8815 -0.3665 -0.2978
vn -0.9152 0.4023 -0.0257
vn -0.6860 -0.0051 -0.7276
vn -0.6796 -0.0020 -0.7335
vn -0.5590 0.0800 -0.8253
vn -0.0383 0.8316 -0.5540
vn -0.7846 0.5581 -0.2702
vn -0.6649 0.2589 0.7006
vn 0.8856 0.0227 0.4640
vn 0.8504 0.0225 0.5256
vn 0.8907 0.0099 0.4545
vn 0.9998 -0.0193 0.0086
vn 0.8777 0.0105 0.4791
vn -0.1366 0.7795 0.6114
vn -0.0398 0.3168 0.9477
vn -0.1603 0.8937 -0.4191
vn -0.9643 -0.2608 -0.0460
vn -0.4619 -0.8869 0.0097
vn 0.6790 0.7330 -0.0412
vn 0.5843 0.5747 0.5730
vn -0.0181 0.7288 0.6844
vn 0.0069 1.0000 -0.0025
vn -0.9031 -0.3474 -0.2525
vn -0.5157 -0.8503 -0.1052
vn 0.0053 -0.7944 -0.6073
vn -0.7796 -0.4475 -0.4381
vn 0.9473 -0.1811 0.2642
vn 0.3872 -0.9144 0.1179
vn -0.7343 -0.5659 -0.3749
vn -0.9142 0.3846 0.1275
vn -0.2584 0.1633 0.9521
vn -0.1142 0.0340 0.9929
vn 0.9669 -0.1519 -0.2052
vn 0.5825 -0.7931 -0.1780
vn 0.1359 -0.9905 -0.0207
vn 0.0651 -0.9285 -0.3655
vn 0.9878 -0.1560 -0.0024
vn 0.7389 0.6704 0.0676
vn 0.4585 0.5281 0.7148
vn -0.7404 -0.2064 -0.6396
vn -0.9743 -0.0928 -0.2053
vn -0.4569 -0.0734 -0.8865
vn 0.0910 -0.1772 -0.9800
vn -0.0571 0.7292 0.6819
vn -0.0807 0.6983 0.7112
vn -0.1624 0.9718 -0.1711
vn -0.0897 0.9958 -0.0172
vn -0.4586 0.8885 -0.0142
vn -0.5953 0.6485 -0.4743
vn 0.4855 0.8735 -0.0366
vn -0.0844 -0.0277 0.9961
vn -0.0420 0.7759 0.6294
vn -0.0710 0.3637 0.9288
vn -0.3173 -0.2520 0.9142
vn -0.0122 0.9586 0.2846
vn -0.0037 0.9985 0.0545
vn 0.0041 0.9995 0.0304
vn -0.1297 0.4724 0.8718
vn -0.7656 -0.5056 0.3979
vn -0.8570 -0.4817 -0.1833
vn -0.3633 -0.6600 -0.6576
vn -0.2572 -0.9622 0.0890
vn -0.9832 0.0748 -0.1663
vn -0.8753 0.0880 0.4755
vn -0.4147 -0.0177 -0.9098
vn -0.1448 -0.9712 0.1892
vn 0.5551 -0.7741 0.3043
vn 0.7960 -0.4809 0.3675
vn -0.0308 -0.6638 0.7472
vn 0.0378 -0.9989 0.0284
vn 0.1598 -0.7650 0.6239
vn 0.0095 -0.9931 0.1165
vn 0.9469 0.0042 0.3214
vn 0.3047 -0.1315 0.9433
vn -0.7984 -0.3709 0.4744
vn -0.8013 -0.4898 0.3435
vn -0.8733 -0.0585 0.4837
vn -0.9435 0.0022 0.3315
vn -0.0573 -0.0192 0.9982
vn -0.6409 0.7357 -0.2191
vn -0.3660 0.3864 -0.8466
vn -0.0082 0.3670 -0.9302
vn -0.0220 -0.0331 -0.9992
vn -0.0257 0.9206 -0.3897
vn 0.8611 0.0430 0.5067
vn 0.1218 0.9658 -0.2289
vn 0.6111 0.6868 0.3936
vn -0.1336 -0.3069 0.9423
vn 0.9715 0.1201 0.2045
vn 0.0232 -0.1951 -0.9805
vn 0.1624 0.1316 -0.9779
vn -0.2669 0.5812 -0.7688
vn -0.4074 -0.1991 -0.8913
vn -0.9718 0.2290 -0.0571
vn -0.6875 0.6834 0.2457
vn -0.0729 0.9866 -0.1461
vn -0.9417 -0.0191 0.3360
vn -0.9230 -0.1583 -0.3508
vn -0.9758 -0.0680 0.2078
vn 0.7474 -0.2450 -0.6176
vn -0.8480 -0.3566 -0.3922
vn -0.2706 -0.4669 -0.8419
vn -0.8219 -0.4216 0.3830
vn -0.1685 -0.9103 -0.3781
vn -0.1406 -0.3728 -0.9172
vn 0.8643 0.0949 -0.4940
vn 0.9312 -0.3602 0.0555
vn 0.4006 -0.6137 -0.6804
vn 0.2929 -0.1098 -0.9498
vn 0.9399 -0.1759 0.2927
vn 0.9349 0.1805 0.3056
vn 0.8032 0.0791 0.5905
vn 0.6545 0.0720 0.7527
vn 0.8077 0.1258 0.5760
vn 0.5026 0.1364 0.8537
vn 0.0554 0.0656 -0.9963
vn 0.0374 -0.3172 -0.9476
vn -0.4536 0.0374 0.8904
vn -0.4358 0.0714 0.8972
vn -0.0408 -0.3859 0.9217
vn 0.0245 -0.9924 -0.1208
vn 0.8728 0.4862 -0.0422
vn 0.7829 0.2974 0.5465
vn -0.5962 -0.3768 0.7089
vn -0.4632 0.5869 0.6641
vn -0.5136 0.8460 0.1434
vn -0.9944 0.0484 0.0937
vn 0.5412 0.0248 0.8405
vn -0.0918 -0.2842 0.9544
vn 0.6503 0.6634 0.3703
vn -0.9508 -0.2566 0.1737
vn -0.8967 0.0204 0.4422
vn -0.3198 -0.5201 0.7919
vn -0.9111 -0.3049 0.2773
vn 0.0115 0.8966 0.4428
vn 0.0004 -0.4653 0.8852
vn 0.0060 0.4328 -0.9015
vn 0.9819 0.1220 -0.1450
vn 0.9704 0.1456 -0.1927
vn 0.9640 0.2322 -0.1293
vn 0.9480 0.3064 0.0859
vn -0.8890 -0.3736 0.2650
vn -0.9382 -0.2662 -0.2212
vn -0.9972 0.0485 0.0562
vn -0.9504 -0.1949 0.2425
vn -0.7060 -0.5029 0.4986
vn -0.8396 0.0174 0.5429
vn -0.1132 -0.5495 0.8278
vn 0.2854 -0.7106 0.6431
vn -0.1912 -0.0024 0.9816
vn -0.2105 0.0395 0.9768
vn 0.5596 -0.0772 0.8251
vn 0.9659 -0.0926 0.2417
vn -0.5105 -0.8480 0.1423
vn -0.9400 -0.3394 -0.0343
vn -0.9376 -0.3112 0.1551
vn -0.4855 -0.7250 0.4885
vn -0.4625 -0.8846 -0.0598
vn -0.6245 -0.7288 0.2807
vn -0.9617 -0.2124 -0.1734
vn -0.5281 -0.6478 -0.5490
vn -0.5689 -0.7822 -0.2540
vn -0.6982 -0.4733 -0.5372
vn 0.9975 -0.0463 -0.0526
vn 0.9959 0.0024 0.0908
vn 0.9504 -0.2840 0.1270
vn 0.9404 -0.2543 -0.2257
vn 0.9995 -0.0100 -0.0302
vn 0.9997 0.0208 -0.0083
vn 0.9916 -0.0468 -0.1206
vn 0.4558 0.0034 -0.8901
vn 0.6218 -0.5508 -0.5568
vn 0.9772 0.1574 -0.1428
vn 0.5052 0.5744 -0.6441
vn 0.7218 -0.1275 0.6803
vn 0.8959 -0.1854 0.4036
vn 0.9809 -0.1300 -0.1450
vn 0.6760 0.7244 -0.1356
vn 0.3760 -0.9229 0.0825
vn 0.9553 -0.2903 -0.0559
vn 0.9336 0.2344 0.2709
vn 0.4056 -0.6576 0.6348
vn 0.6969 0.7132 -0.0749
vn 0.6282 0.7755 0.0623
vn 0.8200 0.3239 -0.4719
vn 0.5703 0.8214 -0.0071
vn 0.8265 0.5628 -0.0115
vn 0.3718 0.7074 0.6012
vn 0.9067 0.1486 0.3948
vn 0.6865 -0.7165 0.1244
vn 0.6562 -0.6414 -0.3976
vn 0.7154 -0.6111 0.3386
vn -0.7752 0.3407 0.5320
vn 0.5839 0.1791 0.7919
vn 0.3980 0.5070 0.7646
vn -0.4885 0.1172 0.8646
vn -0.4762 -0.4229 0.7709
vn -0.9430 0.2436 0.2268
vn -0.4501 0.5983 0.6630
vn -0.8858 0.3294 0.3268
vn 0.9947 -0.0955 0.0375
vn 0.9913 -0.0986 0.0874
vn 0.9902 0.1393 0.0111
vn 0.9714 0.2032 0.1228
vn 0.9259 0.3751 0.0448
vn 0.2574 0.6949 0.6715
vn -0.0231 0.8521 0.5228
vn -0.9427 0.2027 0.2651
vn 0.9722 0.1915 0.1350
vn 0.9014 0.4022 0.1604
vn -0.9059 0.2451 -0.3453
vn -0.1159 0.8510 -0.5123
vn 0.5720 0.7280 -0.3779
vn -0.7565 0.5610 -0.3361
vn 0.9957 0.0911 -0.0173
vn 0.6920 0.7202 0.0488
vn 0.9789 0.2024 0.0294
vn -0.0834 0.8977 -0.4327
vn 0.1919 0.8717 -0.4509
vn 0.9996 0.0261 -0.0100
vn -0.9516 0.3066 0.0225
vn -0.9584 0.2580 -0.1218
vn 0.8371 0.1260 -0.5323
vn -0.2238 0.4942 -0.8400
vn 0.0907 -0.5250 0.8462
vn 0.0515 -0.9875 -0.1487
vn 0.0263 0.8648 0.5014
vn -0.0366 0.8204 0.5706
vn 0.0782 0.4258 0.9014
vn 0.0554 0.9065 0.4184
vn 0.0355 -0.7472 0.6637
vn 0.0093 -0.5725 0.8199
vn -0.0200 -0.9991 0.0364
vn -0.4446 0.0905 0.8911
vn -0.9593 -0.0385 0.2796
vn 0.5069 0.2623 0.8211
vn -0.7306 0.5239 0.4380
vn -0.3048 -0.4906 -0.8163
vn -0.2172 0.9410 -0.2596
vn 0.1037 0.6033 -0.7907
vn -0.0478 0.7330 -0.6786
vn 0.2897 -0.9433 -0.1621
vn 0.4653 -0.5496 -0.6939
vn 0.3745 0.8618 0.3422
vn 0.6403 0.5844 0.4985
vn 0.7067 0.7074 0.0063
vn 0.0013 1.0000 0.0075
vn 0.9161 -0.3234 0.2372
vn 0.7359 -0.6767 -0.0210
vn -0.4973 0.8673 -0.0208
vn -0.5593 0.8285 -0.0291
vn -0.9662 0.2557 -0.0327
vn -0.9640 0.2655 -0.0148
vn 0.2893 0.9328 -0.2148
vn -0.0158 0.9998 -0.0158
vn -0.4725 0.7291 -0.4951
vn -0.8584 0.2157 -0.4654
vn 0.5581 0.5675 -0.6054
vn -0.8545 -0.5187 -0.0277
vn -0.9179 -0.3960 0.0247
vn -0.4764 -0.7418 0.4720
vn -0.3438 -0.9363 0.0711
vn -0.8329 -0.2909 -0.4708
vn -0.8253 -0.1328 -0.5489
vn 0.7790 -0.5881 0.2174
vn 0.5862 0.5942 -0.5508
vn 0.6209 -0.4504 -0.6416
vn 0.7054 0.7087 -0.0071
vn 0.7455 -0.6663 0.0147
vn 0.9924 -0.0041 -0.1228
vn 0.4889 0.0715 -0.8694
vn 0.2737 0.0477 -0.9606
vn 0.0822 -0.9953 0.0513
vn -0.1790 0.0070 0.9838
vn 0.8603 0.0040 0.5098
vn -0.9593 0.0027 0.2825
vn -0.5670 0.0482 -0.8223
vn -0.8102 -0.0291 -0.5854
vn 0.9051 -0.0133 -0.4251
vn -0.8004 0.0972 0.5916
vn -0.3054 0.8178 0.4878
vn 0.1891 0.7728 0.6058
vn 0.2512 0.0903 0.9637
vn 0.0068 0.5710 0.8209
vn 0.0017 0.5217 0.8531
vn -0.0032 0.9846 0.1749
vn -0.5271 0.8498 -0.0015
vn -0.0184 0.9994 0.0296
vn -0.0072 0.5944 0.8041
vn -0.9485 0.0667 -0.3098
vn -0.3507 -0.9268 0.1343
vn -0.0463 -0.7867 0.6156
vn -0.0192 -0.9795 0.2004
vn -0.0597 -0.9979 0.0240
vn 0.0447 -0.3125 0.9489
vn 0.0132 -0.2296 0.9732
vn 0.2685 -0.5147 0.8142
vn 0.7337 0.6526 0.1890
vn 0.9523 0.0331 0.3033
vn 0.0212 0.9416 0.3360
vn -0.0063 0.4784 0.8781
vn 0.0844 0.9956 0.0411
vn -0.6358 -0.6277 0.4492
vn -0.2165 -0.0230 -0.9760
vn -0.3245 0.6468 -0.6902
vn 0.3964 0.6753 -0.6220
vn 0.8084 -0.0281 -0.5880
vn -0.0337 0.9896 -0.1398
vn -0.0323 0.4975 -0.8669
vn 0.0184 0.4500 -0.8928
vn -0.0217 0.5865 -0.8097
vn 0.2583 -0.7165 0.6480
vn 0.0131 -0.5699 0.8216
vn 0.8814 0.0140 0.4721
vn -0.4665 -0.6646 0.5837
vn 0.0242 0.0098 0.9997
vn -0.0813 -0.7566 -0.6488
vn -0.6927 -0.6482 -0.3163
vn -0.2764 0.0169 -0.9609
vn -0.9521 0.0009 -0.3059
vn -0.0136 -0.8088 -0.5879
vn 0.0896 -0.9854 0.1451
vn 0.0360 -0.6409 0.7668
vn 0.5712 -0.7852 -0.2391
vn 0.0861 -0.9961 -0.0200
vn 0.8022 0.0143 -0.5969
vn 0.0598 -0.9925 -0.1064
vn 0.0120 -0.8219 -0.5694
vn -0.5450 0.1265 -0.8288
vn 0.7002 0.2780 -0.6576
vn 0.2563 0.6862 -0.6808
vn -0.6993 0.5037 -0.5073
vn 0.6583 0.3099 0.6860
vn 0.1483 0.7255 0.6720
vn 0.4548 -0.1368 0.8800
vn 0.0467 -0.1119 0.9926
vn 0.3589 0.0161 0.9332
vn 0.2591 0.0246 0.9655
vn -0.9819 -0.0600 -0.1798
vn -0.9969 0.0291 -0.0727
vn 0.2272 -0.9732 -0.0361
vn -0.0429 -0.9750 -0.2178
vn 0.0081 -0.9999 0.0095
vn 0.0043 -0.9998 0.0207
vn -0.0006 -1.0000 -0.0095
vn 0.0036 -1.0000 -0.0013
vn -0.4302 -0.2383 -0.8707
vn 0.6847 -0.5053 -0.5252
vn 0.8851 -0.4511 0.1144
vn 0.1778 -0.8944 0.4105
vn 0.8287 -0.0040 0.5597
vn 0.0942 -0.0034 0.9955
vn 0.9896 -0.0158 -0.1427
vn 0.2422 0.0401 0.9694
vn 0.7136 0.4424 0.5433
vn 0.8818 0.0031 0.4715
vn 0.2858 0.0021 0.9583
vn 0.5238 0.4898 -0.6970
vn 0.8926 0.0059 -0.4509
vn 0.1660 0.9668 0.1943
vn 0.0860 0.8176 -0.5694
vn 0.1931 0.2743 0.9420
vn 0.0807 0.0669 0.9945
vn 0.1145 0.4133 0.9034
vn -0.0954 -0.5394 0.8366
vn 0.5248 -0.6647 0.5317
vn 0.8845 -0.0135 0.4664
vn 0.1561 -0.0301 0.9873
vn 0.6759 -0.7299 -0.1025
vn -0.7124 -0.6708 0.2060
vn 0.9514 -0.0196 -0.3074
vn -0.5090 -0.6164 -0.6008
vn 0.4138 -0.6360 -0.6514
vn -0.9978 -0.0466 -0.0472
vn -0.7493 -0.1744 0.6388
vn -0.5633 0.0111 0.8262
vn -0.6422 -0.0538 -0.7646
vn 0.3314 -0.0247 -0.9432
vn -0.7555 -0.0731 -0.6510
vn -0.4895 -0.6169 -0.6162
vn -0.0412 -0.0563 -0.9976
vn 0.0874 -0.0156 -0.9961
vn -0.0639 -0.0901 -0.9939
vn -0.1384 0.0374 -0.9897
vn -0.4134 -0.2039 0.8874
vn -0.8302 -0.0947 0.5494
vn 0.0925 -0.9505 -0.2965
vn -0.0135 -0.2151 -0.9765
vn -0.2231 0.5387 -0.8124
vn -0.4985 0.2298 -0.8359
vn -0.4698 0.8755 -0.1135
vn -0.9090 0.1185 -0.3996
vn -0.4067 0.0043 -0.9135
vn -0.4988 0.0665 0.8642
vn -0.1272 -0.0130 0.9918
vn 0.1515 -0.7364 0.6593
vn -0.3528 0.3535 0.8663
vn 0.0979 0.4662 0.8793
vn -0.9479 0.1678 0.2708
vn -0.1174 0.0199 0.9929
vn 0.3234 -0.0009 0.9462
vn 0.0569 -0.2889 -0.9557
vn -0.0174 -0.1900 -0.9816
vn 0.1276 0.0870 -0.9880
vn 0.0132 -0.3996 -0.9166
vn -0.1598 0.5204 0.8388
vn 0.6223 0.6699 0.4049
vn 0.6974 0.7144 0.0564
vn -0.1916 0.9778 0.0846
vn 0.7781 -0.4165 0.4702
vn 0.0689 -0.6542 0.7532
vn 0.8875 -0.4608 0.0036
vn -0.8517 0.2888 0.4372
vn -0.5665 -0.7475 0.3468
vn -0.9160 0.3954 0.0682
vn -0.6642 -0.7468 0.0328
vn 0.1591 -0.9872 0.0051
vn 0.5115 -0.7853 -0.3488
vn 0.2311 -0.9692 -0.0851
vn 0.7885 0.0320 -0.6142
vn 0.9563 -0.2574 -0.1388
vn 0.6812 0.6276 -0.3769
vn 0.8878 0.4560 -0.0624
vn 0.0634 -0.4926 0.8679
vn 0.1597 -0.9871 -0.0068
vn -0.0183 -0.9928 -0.1184
vn 0.0052 -0.5668 0.8239
vn 0.2572 -0.0141 -0.9663
vn -0.8249 0.5630 0.0505
vn -0.3843 0.2928 0.8756
vn -0.6534 0.0082 0.7570
vn -0.9997 0.0213 0.0092
vn -0.4909 0.3790 -0.7844
vn -0.0263 -0.3669 -0.9299
vn -0.8187 0.5052 0.2730
vn -0.1345 0.9774 -0.1632
vn -0.5665 0.0156 -0.8239
vn -0.1812 -0.0026 -0.9834
vn -0.8668 0.2589 -0.4261
vn -0.9696 0.0131 -0.2444
vn -0.0177 0.2294 -0.9732
vn -0.2347 0.7401 -0.6302
vn 0.2294 0.0026 -0.9733
vn 0.1605 -0.0119 -0.9870
vn -0.0049 0.0232 0.9997
vn -0.2299 0.1136 0.9666
vn -0.0844 0.3543 0.9313
vn -0.1566 -0.4269 0.8907
vn -0.5317 0.8393 0.1136
vn -0.0523 0.8916 0.4498
vn -0.1518 -0.0126 0.9883
vn -0.8356 0.0453 0.5474
vn -0.8846 -0.2365 -0.4019
vn -0.2257 -0.5605 -0.7968
vn -0.3886 -0.1882 0.9020
vn 0.0060 0.0507 0.9987
vn -0.1136 -0.9932 -0.0262
vn -0.7754 -0.4570 0.4358
vn -0.5558 -0.5799 -0.5957
vn -0.6143 -0.0424 -0.7879
vn -0.7441 -0.6666 -0.0447
vn -0.9940 0.0012 -0.1097
vn 0.5747 -0.5990 0.5576
vn -0.1077 -0.8278 0.5506
vn 0.5764 -0.2888 0.7644
vn -0.0691 -0.7695 0.6348
vn -0.6379 -0.6036 0.4783
vn -0.9111 -0.3165 0.2640
vn 0.8534 -0.5131 0.0922
vn 0.9291 0.0551 0.3656
vn 0.8968 0.2588 0.3588
vn -0.1013 -0.9937 0.0478
vn -0.9952 0.0794 0.0568
vn -0.8768 -0.4806 0.0157
vn -0.9458 0.3232 0.0313
vn 0.9928 0.1174 -0.0239
vn -0.4860 0.3512 0.8003
vn 0.5879 0.8066 0.0615
vn -0.8050 0.4875 0.3382
vn -0.2424 0.9666 0.0830
vn -0.9894 -0.0933 0.1112
vn 0.5144 -0.4447 0.7333
vn 0.1124 -0.7399 0.6633
vn 0.0243 -0.9584 0.2844
vn 0.6970 -0.6859 0.2092
vn 0.0039 -0.5998 0.8001
vn -0.0537 -0.3178 0.9466
vn -0.0876 -0.8467 0.5249
vn -0.7835 -0.5684 0.2511
vn 0.5142 -0.6779 -0.5254
vn 0.7084 -0.0053 -0.7058
vn 0.9862 -0.0394 0.1607
vn -0.5658 -0.8060 -0.1738
vn 0.4221 -0.6061 -0.6742
vn -0.5544 -0.6934 -0.4602
vn -0.8687 -0.1048 0.4842
vn -0.8400 -0.0813 0.5364
vn -0.0376 -0.0834 0.9958
vn -0.0404 0.0334 0.9986
vn 0.3801 -0.9044 -0.1937
vn -0.6925 -0.6869 -0.2205
vn -0.6130 -0.7900 0.0105
vn 0.3715 -0.9284 -0.0006
vn -0.9496 0.0035 -0.3136
vn -0.9464 -0.2891 -0.1440
vn 0.8549 0.5187 -0.0044
vn 0.9677 0.0981 -0.2320
vn 0.8910 -0.4539 0.0116
vn 0.9195 -0.3928 -0.0182
vn 0.3938 0.7285 -0.5606
vn 0.1582 0.9874 -0.0060
vn 0.8073 0.0528 -0.5878
vn 0.1882 0.1424 -0.9718
vn -0.9929 -0.1144 0.0329
vn -0.9840 -0.0006 -0.1781
vn -0.9117 0.0558 -0.4071
vn -0.3649 0.0950 -0.9262
vn -0.7903 0.5207 -0.3230
vn -0.9365 -0.0012 -0.3507
vn -0.7266 -0.1131 0.6777
vn -0.9974 0.0086 0.0722
vn 0.0185 -0.0404 0.9990
vn -0.2531 0.3497 -0.9020
vn -0.0498 -0.0058 -0.9987
vn -0.0596 0.3739 -0.9255
vn -0.0401 0.4587 -0.8877
vn 0.7858 -0.5795 0.2162
vn 0.2546 -0.3331 0.9078
vn 0.8101 -0.0163 0.5860
vn 0.0040 -0.0390 0.9992
vn 0.7158 -0.0358 0.6973
vn -0.7383 -0.2454 -0.6282
vn -0.4838 -0.8337 -0.2662
vn 0.2265 -0.9148 -0.3345
vn -0.0668 -0.3874 -0.9195
vn -0.8766 -0.4108 0.2505
vn -0.9483 -0.1973 -0.2485
vn -0.9903 0.1387 0.0018
vn 0.9704 0.0239 -0.2404
vn 0.6824 0.3623 -0.6348
vn 0.4906 -0.0074 -0.8714
vn 0.9587 -0.0064 -0.2844
vn 0.2589 0.9513 -0.1672
vn -0.4691 0.6295 -0.6194
vn 0.9751 0.0924 -0.2017
vn 0.9787 0.0036 -0.2054
vn 0.8296 0.5579 0.0235
vn 0.9636 -0.0072 -0.2673
vn 0.7090 -0.2881 -0.6437
vn 0.9401 -0.3386 -0.0396
vn -0.6075 0.7943 0.0036
vn -0.3582 0.8999 0.2488
vn -0.9272 0.1027 0.3603
vn -0.0044 1.0000 -0.0017
vn -0.0014 1.0000 -0.0024
vn -0.1598 0.6757 0.7197
vn -0.3768 -0.0797 0.9229
vn -0.1051 0.9922 -0.0670
vn -0.0414 0.9988 -0.0256
vn -0.0563 0.9973 -0.0466
vn -0.3118 -0.9011 0.3012
vn -0.6690 -0.7388 0.0813
vn -0.0251 -0.9996 -0.0117
vn -0.0053 -1.0000 0.0021
vn -0.3040 -0.9244 -0.2305
vn -0.0263 -0.9996 -0.0066
vn -0.0222 -0.2394 0.9707
vn -0.5508 -0.3281 0.7675
vn -0.0886 -0.1784 0.9800
vn 0.3565 -0.5951 0.7202
vn -0.5723 0.4516 0.6845
vn 0.2839 0.5203 0.8054
vn 0.0594 0.5345 0.8430
vn 0.0714 -0.0068 0.9974
vn -0.3382 0.0180 0.9409
vn -0.4251 0.0056 0.9051
vn -0.2138 0.0265 0.9765
vn 0.6661 -0.0756 0.7421
vn 0.5063 -0.7563 -0.4143
vn 0.9929 -0.1167 -0.0219
vn 0.2526 0.9587 0.1306
vn 0.7505 -0.0320 -0.6601
vn 0.3594 -0.1356 -0.9233
vn 0.2783 0.4505 -0.8483
vn 0.1153 0.0013 -0.9933
vn 0.1162 0.0212 -0.9930
vn 0.7221 0.0190 0.6915
vn -0.0859 0.0174 0.9962
vn 0.8291 0.2332 -0.5081
vn 0.9319 0.0114 -0.3626
vn 0.2435 0.0415 -0.9690
vn -0.7528 -0.3353 0.5664
vn -0.7772 0.6253 0.0696
vn -0.0896 0.5128 0.8538
vn -0.8700 -0.4787 -0.1178
vn 0.7540 0.5375 0.3777
vn 0.3646 0.2560 -0.8953
vn 0.4410 0.2894 -0.8496
vn -0.5009 -0.3878 0.7738
vn 0.6656 0.4486 0.5964
vn -0.5781 -0.3359 -0.7436
vn -0.6119 -0.4297 -0.6640
vn 0.4893 0.3586 -0.7950
vn 0.6527 0.1900 -0.7334
vn -0.5572 -0.4247 -0.7136
vn 0.2551 -0.9449 -0.2052
vn 0.2525 -0.8941 0.3699
vn -0.2884 -0.8827 -0.3710
vn 0.0886 0.9765 -0.1963
vn 0.0400 0.5466 -0.8365
vn -0.0493 -0.9982 -0.0354
vn 0.0149 -0.8563 -0.5163
vn 0.0190 -0.8694 -0.4937
vn 0.0394 -0.5325 0.8455
vn 0.9687 0.2453 -0.0374
vn -0.1129 0.8638 0.4911
vn -0.2970 0.9219 0.2488
vn -0.0057 0.9999 0.0109
vn 0.0007 0.9999 0.0131
vn -0.8522 0.2870 0.4375
vn -0.2989 0.2418 0.9232
vn 0.3704 0.9288 -0.0094
vn 0.2999 0.9528 0.0474
vn -0.5408 -0.8296 0.1388
vn -0.5167 -0.6863 0.5119
vn -0.0894 -0.8919 0.4433
vn -0.0753 -0.9910 0.1104
vn -0.6996 -0.7144 0.0160
vn -0.9537 -0.1012 0.2832
vn -0.2716 -0.3017 0.9139
vn 0.0115 0.9999 0.0007
vn -0.4031 0.7511 -0.5229
vn -0.0444 0.9791 -0.1984
vn 0.0731 0.9968 -0.0315
vn -0.0144 0.1362 -0.9906
vn -0.0108 0.7801 -0.6256
vn -0.6116 0.7911 0.0060
vn 0.0363 0.9991 0.0206
vn -0.0125 -0.7751 -0.6318
vn -0.3280 -0.8723 -0.3627
vn -0.0086 -0.9998 -0.0189
vn 0.0060 -0.9998 -0.0188
vn -0.0464 -0.9986 -0.0245
vn -0.0138 -0.9999 -0.0036
vn -0.8138 -0.5748 -0.0855
vn -0.6128 -0.0352 -0.7895
vn -0.9922 0.0899 -0.0865
vn -0.0247 -0.1100 -0.9936
vn -0.1649 -0.9859 -0.0278
vn 0.1781 -0.9815 0.0698
vn 0.2951 -0.9554 0.0134
vn 0.9978 -0.0559 -0.0360
vn 0.9414 -0.3288 -0.0759
vn 0.5762 -0.8171 -0.0213
vn 0.9879 -0.1547 0.0031
vn 0.8137 0.5796 0.0448
vn 0.9173 0.3951 0.0502
vn 0.9994 -0.0201 0.0269
vn 0.9998 -0.0206 0.0025
vn 0.6898 0.7232 -0.0344
vn 0.6045 0.7966 0.0075
vn 0.9005 -0.4305 0.0618
vn 0.9830 0.1829 0.0152
vn 0.9985 0.0480 -0.0272
vn 0.9999 0.0138 0.0052
vn 0.1266 -0.9899 -0.0641
vn 0.7183 -0.6947 -0.0390
vn 0.0302 -0.9995 -0.0131
vn 0.9913 -0.1245 0.0424
vn -0.9974 0.0698 0.0200
vn -0.7059 0.7082 -0.0143
vn -0.9868 0.1568 -0.0401
vn -0.9927 -0.0916 -0.0785
vn -0.9508 0.0632 -0.3033
vn -0.9666 -0.1759 -0.1865
vn 0.0254 0.8714 0.4898
vn 0.5290 0.5421 0.6529
vn 0.7926 0.0204 0.6094
vn 0.6300 0.5949 0.4991
vn 0.7126 0.7016 0.0030
vn 1.0000 -0.0032 0.0016
vn 0.0096 0.9999 0.0029
vn -0.5409 -0.8301 -0.1355
vn -0.9569 -0.2800 -0.0775
vn 0.1371 -0.8869 0.4412
vn 0.5994 -0.4587 0.6560
vn -0.0823 -0.6165 0.7830
vn -0.5791 -0.7271 0.3687
vn -0.0417 -0.5286 0.8478
vn 0.0134 -0.7235 0.6902
vn -0.0182 -0.9998 -0.0004
vn -0.0171 -0.6684 0.7436
vn -0.5246 -0.6692 -0.5263
vn 0.0075 -0.8794 -0.4760
vn 0.7966 -0.0083 0.6045
vn 0.2377 -0.6405 0.7302
vn 0.7533 -0.4054 0.5179
vn 0.7200 0.6926 -0.0446
vn 0.5681 0.5928 -0.5709
vn 0.0915 0.7101 -0.6981
vn 0.0090 0.9999 -0.0103
vn 0.8122 0.0045 -0.5834
vn 0.9995 0.0106 -0.0297
vn 0.1901 0.0007 -0.9818
vn -0.0524 -0.3478 -0.9361
vn 0.0126 -0.3266 -0.9451
vn 0.0967 -0.1009 -0.9902
vn -0.0033 -0.3301 -0.9439
vn 0.9072 -0.4167 0.0583
vn 1.0000 -0.0000 0.0036
vn 0.7549 -0.4955 0.4297
vn 0.8456 -0.0023 0.5338
vn -0.1208 -0.0030 0.9927
vn 0.7867 -0.3718 -0.4929
vn 0.9121 -0.0123 -0.4097
vn 0.9236 -0.2874 -0.2536
vn 0.9948 -0.0315 -0.0970
vn 0.7499 -0.2120 -0.6267
vn -0.9938 0.0009 0.1110
vn -0.6172 0.0480 0.7854
vn -0.9836 0.0076 0.1805
vn -0.9783 0.0099 -0.2071
vn -0.8038 0.5325 0.2653
vn -0.2611 0.1466 0.9541
vn -0.4700 0.0195 0.8824
vn 0.0090 0.2804 -0.9598
vn 0.0076 -0.6517 -0.7584
vn -0.3580 0.8699 -0.3392
vn -0.8814 0.4044 -0.2441
vn -0.5166 0.0175 -0.8561
vn -0.9653 0.0156 -0.2606
vn 0.5435 0.0004 -0.8394
vn -0.9021 -0.3462 0.2578
vn -0.4119 -0.6654 0.6226
vn -0.5188 -0.6646 0.5378
vn -0.3778 -0.8735 0.3069
vn 0.1384 -0.9872 0.0793
vn -0.7237 -0.6782 0.1274
vn -0.5628 0.0327 0.8259
vn -0.9806 -0.0703 0.1829
vn -0.5210 0.7438 0.4186
vn 0.1074 0.8150 0.5694
vn -0.0180 0.2028 0.9790
vn -0.8669 0.4856 0.1124
vn -0.5376 0.8377 0.0966
vn -0.3440 0.9389 -0.0099
vn -0.9036 0.4142 0.1096
vn 0.7334 -0.0620 0.6770
vn 0.4243 0.2400 0.8732
vn 0.9475 0.3012 0.1073
vn 0.8813 -0.4706 0.0436
vn 0.2600 0.9169 0.3029
vn -0.6375 -0.7685 -0.0542
vn -0.4429 -0.2494 -0.8612
vn -0.9702 -0.1011 -0.2202
vn 0.0696 -0.9975 -0.0128
vn -0.3040 0.6851 -0.6620
vn -0.6437 0.7164 -0.2693
vn -0.1465 0.9892 -0.0028
vn 0.7645 -0.6441 -0.0249
vn 0.5939 -0.8045 -0.0013
vn 0.6108 -0.7916 0.0133
vn 0.7138 0.7003 0.0108
vn 0.5860 0.7943 0.1605
vn 0.5889 0.7750 -0.2293
vn 0.6126 0.7881 -0.0609
vn 0.9661 -0.1927 0.1717
vn 0.9903 -0.1383 0.0142
vn 0.8713 0.4906 -0.0154
vn 0.9901 -0.1240 0.0659
vn 0.9784 -0.1523 -0.1394
vn 0.9965 0.0586 -0.0589
vn 0.9748 0.2224 -0.0163
vn 0.8237 -0.5662 -0.0321
vn 0.5142 0.8576 -0.0081
vn -0.2515 0.9679 0.0013
vn -0.8582 0.5132 -0.0006
vn -0.9999 -0.0136 -0.0034
vn -0.7057 -0.7085 -0.0032
vn 0.1732 -0.9847 -0.0204
vn 0.9738 -0.2266 0.0202
vn 0.5279 -0.8492 0.0121
vn 0.7151 0.6989 0.0125
vn 0.9701 -0.0092 -0.2425
vn 0.9713 -0.1454 0.1881
vn 0.7388 -0.0205 0.6736
vn 0.9821 0.0052 -0.1880
vn 0.5599 0.0079 -0.8285
vn 0.5310 0.0145 -0.8472
vn 0.9826 0.0091 -0.1854
vn -0.5105 0.0164 -0.8597
vn -0.6170 0.0074 -0.7869
vn -0.7411 -0.0093 -0.6713
vn 0.4570 0.0132 -0.8894
vn -0.9738 -0.0068 0.2275
vn -0.9609 0.0012 0.2769
vn -0.7807 0.0049 -0.6249
vn -0.4413 0.0167 0.8972
vn -0.3511 0.0111 0.9363
vn 0.7663 0.0124 0.6423
vn 0.7980 0.0093 0.6026
vn 0.7078 0.0168 0.7062
vn 0.9760 0.0045 -0.2178
vn 0.9636 -0.0014 -0.2675
vn 0.3776 0.0034 -0.9260
vn 0.3009 0.0045 -0.9537
vn 0.9492 -0.0016 -0.3146
vn -0.8035 0.0067 -0.5952
vn -0.8278 0.0068 -0.5610
vn 0.2305 0.0072 -0.9730
vn -0.9496 -0.0008 0.3135
vn -0.9321 -0.0042 0.3622
vn -0.2733 0.0039 0.9619
vn -0.1890 -0.0014 0.9820
vn 0.8228 0.0026 0.5683
vn 0.8386 0.0051 0.5447
vn 0.9352 -0.0015 -0.3540
vn 0.9244 0.0009 -0.3815
vn 0.1541 0.0067 -0.9880
vn -0.8528 0.0078 -0.5221
vn -0.9059 -0.0063 0.4234
vn 0.7045 -0.0054 0.7097
vn -0.0537 -0.0310 0.9981
vn 0.4270 -0.4660 0.7749
vn -0.7521 0.0083 0.6590
vn -0.9997 0.0040 0.0260
vn -0.9823 0.1743 -0.0684
vn -0.4706 0.8726 -0.1307
vn -0.0055 0.9994 0.0345
vn 0.0113 0.9437 -0.3306
vn 0.0018 0.9644 -0.2644
vn -0.0056 0.9937 0.1119
vn 0.0311 0.4142 -0.9096
vn 0.0036 0.4962 -0.8682
vn 0.0153 -0.4891 -0.8721
vn 0.0041 -0.3365 -0.9417
vn -0.0291 -0.9522 -0.3042
vn 0.0025 -0.9051 -0.4252
vn -0.4528 -0.8232 -0.3424
vn 0.0045 -0.9995 0.0317
vn -0.0001 -1.0000 0.0011
vn 0.0027 -0.8636 -0.5042
vn 0.0031 -0.7458 0.6662
vn -0.0022 -0.8075 0.5898
vn 0.0001 -0.0468 0.9989
vn -0.0019 -0.1549 0.9879
vn -0.0021 0.6544 0.7562
vn -0.0028 0.5686 0.8226
vn -0.0023 0.9839 0.1789
vn -0.0025 0.9769 0.2139
vn -0.0028 0.5413 0.8408
vn -0.0002 0.9709 -0.2393
vn -0.0030 0.9728 -0.2316
vn 0.0013 0.5175 -0.8557
vn -0.0021 0.5257 -0.8506
vn 0.0037 -0.2563 -0.9666
vn 0.0003 -0.2259 -0.9741
vn -0.0002 -0.8466 -0.5322
vn -0.0018 -0.9999 0.0100
vn -0.0064 -0.8198 0.5726
vn -0.0035 -0.1833 0.9830
vn 0.6871 -0.0089 0.7265
vn 0.6836 0.0157 0.7297
vn 1.0000 0.0037 -0.0088
vn 1.0000 -0.0009 0.0009
vn 0.7810 0.0349 0.6236
vn 0.8167 0.0081 -0.5771
vn 0.8779 0.0021 -0.4788
vn 0.8828 0.0073 -0.4697
vn 1.0000 -0.0011 -0.0016
vn 0.2564 0.0161 -0.9664
vn -0.6095 -0.0037 -0.7928
vn -0.9853 -0.0046 -0.1708
vn 0.1015 -0.0298 -0.9944
vn -0.9884 -0.0181 0.1510
vn 0.0120 0.1431 0.9896
vn 0.0085 0.7654 0.6435
vn 0.0110 -0.6244 0.7810
vn 0.0084 -0.7153 0.6987
vn -0.0075 -0.7686 0.6397
vn -0.0046 -0.1041 0.9946
vn 0.0098 -0.9987 0.0490
vn 0.0109 -0.9903 0.1382
vn -0.0001 -0.9896 -0.1436
vn 0.0078 -0.9952 -0.0974
vn 0.0237 -0.6921 -0.7215
vn 0.0259 0.0705 -0.9972
vn -0.0003 0.1138 -0.9935
vn 0.0148 0.4307 -0.9024
vn -0.0047 0.8603 -0.5097
vn 0.0140 0.9880 -0.1539
vn -0.0024 0.6861 -0.7275
vn 0.0023 0.9996 -0.0275
vn -0.0003 1.0000 -0.0027
vn 0.0001 1.0000 -0.0007
vn 0.0010 0.9999 -0.0130
vn -0.0045 0.9851 0.1717
vn -0.0066 0.9977 0.0670
vn -0.0033 0.9628 0.2703
vn -0.0038 0.4984 0.8669
vn -0.0053 0.6124 0.7905
vn 0.0055 -0.1567 0.9876
vn 0.0005 -0.8124 0.5831
vn -0.0037 -0.3108 -0.9505
vn -0.0086 0.0570 -0.9983
vn -0.0039 -0.8898 -0.4564
vn 0.0008 -0.8787 -0.4774
vn 0.0005 -0.2893 -0.9573
vn -0.0003 -0.7013 0.7128
vn 0.0001 -0.7013 0.7129
vn -0.0001 0.7036 0.7106
vn -0.0001 0.5432 0.8396
vn 0.0005 0.7032 0.7110
vn -0.0002 0.9845 0.1754
vn 0.0002 1.0000 0.0045
vn -0.0002 1.0000 0.0035
vn 0.0001 1.0000 -0.0089
vn -0.0001 1.0000 -0.0073
vn 0.0001 1.0000 -0.0096
vn 0.0015 0.9999 -0.0101
vn 0.0022 1.0000 0.0027
vn -0.0072 0.7135 -0.7006
vn -0.0002 0.7043 -0.7099
vn 0.0051 0.7232 -0.6906
vn 0.0086 0.0193 -0.9998
vn -0.0115 0.0115 -0.9999
vn 0.2902 -0.2223 -0.9308
vn -0.0010 0.0047 -1.0000
vn -0.0015 0.0087 -1.0000
vn -0.0019 0.7073 -0.7069
vn -0.0114 0.7385 -0.6742
vn -0.0209 -0.9093 0.4156
vn -0.9330 -0.3599 -0.0057
vn -0.4099 -0.9121 -0.0030
vn -0.3076 -0.9515 -0.0013
vn -0.8979 -0.4402 -0.0003
vn -0.9944 0.1049 0.0101
vn -0.6243 0.7810 0.0165
vn 0.9999 0.0130 0.0009
vn 0.9862 0.1653 0.0062
vn 0.6793 0.7338 -0.0121
vn 0.8475 0.3190 -0.4243
vn 0.4871 -0.8638 0.1287
vn 0.9222 0.3867 -0.0072
vn 0.1738 0.9841 0.0371
vn 0.9999 -0.0070 0.0153
vn 0.9986 -0.0493 0.0188
vn 0.7875 -0.6161 0.0154
vn 0.8678 -0.4965 0.0173
vn 0.2093 -0.9778 -0.0025
vn 0.2725 -0.9621 0.0110
vn -0.0027 -1.0000 0.0008
vn -0.0053 -1.0000 0.0043
vn -0.0033 -1.0000 0.0004
vn -0.0430 -0.9968 -0.0669
vn -0.1854 -0.7656 -0.6161
vn 0.6394 -0.2378 -0.7312
vn -0.8532 -0.4734 -0.2190
vn 0.1300 -0.0823 -0.9881
vn -1.0000 -0.0036 -0.0030
vn -0.9700 0.2428 -0.0129
vn -0.9768 -0.0471 -0.2090
vn -0.8988 0.1494 -0.4121
vn -0.3173 0.0256 -0.9480
vn -0.2196 0.4039 -0.8880
vn 0.0921 0.0049 -0.9957
vn 0.0604 0.4019 -0.9137
vn 0.0566 0.0010 -0.9984
vn 0.0448 0.4131 -0.9096
vn 0.0513 -0.5632 -0.8247
vn 0.0102 -0.7089 -0.7052
vn 0.0156 -0.0029 -0.9999
vn 0.0021 -0.9902 -0.1397
vn -0.0196 -0.9973 0.0710
vn -0.1422 -0.9390 0.3130
vn -0.0997 -0.8114 0.5760
vn -0.9224 -0.2185 0.3184
vn -0.4452 -0.0376 0.8946
vn -0.5579 0.0067 0.8299
vn -0.9813 0.0054 0.1923
vn 0.0164 -0.0000 0.9999
vn 0.1702 -0.0197 0.9852
vn -0.0100 0.0045 0.9999
vn -0.0079 0.0029 1.0000
vn -0.5126 -0.0005 0.8586
vn 0.4908 0.0103 0.8712
vn 0.4258 0.0148 0.9047
vn 0.5420 0.0122 0.8403
vn 0.6259 0.0142 0.7797
vn 0.0226 -0.0026 0.9997
vn 0.9799 0.0141 0.1990
vn 0.9643 0.0122 0.2646
vn 0.9925 0.0230 0.1197
vn 0.9989 0.0206 0.0429
vn 0.7622 0.0136 0.6472
vn 0.9361 0.0151 -0.3513
vn 0.9387 0.0058 -0.3447
vn 0.9498 0.0212 -0.3122
vn 0.9586 0.0104 -0.2846
vn 0.9998 0.0088 0.0159
vn 0.4623 0.0169 -0.8865
vn 0.4278 0.0081 -0.9038
vn 0.4869 0.0052 -0.8734
vn 0.0002 -0.0013 -1.0000
vn 0.0088 0.0033 -1.0000
vn 0.0152 0.0007 -0.9999
vn -0.6850 -0.0023 -0.7285
vn -0.6825 -0.0016 -0.7309
vn 0.0085 -0.0033 -1.0000
vn -0.9998 -0.0032 -0.0214
vn -0.9995 -0.0012 -0.0321
vn -0.9198 -0.0019 0.3923
vn -0.9679 -0.0025 0.2512
vn -0.3817 0.0001 0.9243
vn -0.9948 0.0005 -0.1017
vn -0.6420 -0.0003 -0.7667
vn 0.0008 -0.0020 -1.0000
vn 0.4754 -0.0006 -0.8798
vn 0.4290 -0.0021 -0.9033
vn 0.5466 -0.0135 -0.8373
vn 0.9691 0.0042 -0.2467
vn 0.9585 0.0058 -0.2850
vn 0.9724 -0.0175 -0.2328
vn 0.8961 0.0370 0.4422
vn 0.9406 0.0157 0.3391
vn 0.3318 0.0374 0.9426
vn 0.8193 0.1507 0.5532
vn 0.9361 -0.2231 0.2719
vn 0.9998 0.0054 0.0194
vn 0.9986 0.0025 0.0537
vn 0.9942 -0.0062 0.1070
vn 0.9911 -0.0040 0.1329
vn 0.9929 0.0007 0.1193
vn 0.6303 0.0003 0.7763
vn 0.9168 0.0076 -0.3994
vn 0.8176 0.0178 -0.5755
vn 0.9953 -0.0022 0.0969
vn 0.4271 0.0056 -0.9042
vn 0.2524 0.0112 -0.9676
vn 0.0818 0.0124 -0.9966
vn 0.7200 0.0061 -0.6939
vn -0.3222 0.0006 -0.9467
vn -0.1831 -0.0108 -0.9830
vn -0.4082 -0.0038 -0.9129
vn -0.9229 -0.0007 -0.3851
vn -0.8762 -0.0015 -0.4819
vn -0.9773 -0.0007 0.2119
vn -0.9857 0.0011 0.1683
vn -0.9766 -0.0028 0.2150
vn -0.9858 -0.0015 0.1682
vn -0.5428 0.0002 0.8399
vn -0.5599 -0.0002 0.8285
vn -0.5631 -0.0016 0.8264
vn -0.6620 0.0010 0.7495
vn 0.0026 0.0009 1.0000
vn 0.0019 0.0010 1.0000
vn -0.0007 0.0325 0.9995
vn 0.6386 0.0124 0.7694
vn 0.6323 -0.0001 0.7747
vn 0.6699 0.0115 0.7424
vn 0.6816 -0.0838 0.7269
vn 0.9912 -0.0111 0.1322
vn 0.9934 -0.0016 0.1144
vn 0.9956 -0.0024 0.0940
vn 0.6395 -0.0035 0.7688
vn 0.0017 0.0001 1.0000
vn -0.6164 -0.0128 0.7873
vn -0.7991 -0.0100 -0.6011
vn -0.0080 -0.7079 -0.7062
vn 0.0020 -0.0093 -1.0000
vn -0.0792 -0.7055 -0.7043
vn 0.0133 0.3046 -0.9524
vn 0.0174 0.3470 -0.9377
vn 0.0096 0.9116 -0.4110
vn 0.0111 0.8894 -0.4571
vn 0.0118 0.9380 -0.3464
vn 0.0072 0.9303 -0.3666
vn -0.0138 0.9995 0.0291
vn 0.0043 1.0000 -0.0063
vn -0.0897 0.9244 -0.3707
vn 0.0314 0.9968 -0.0741
vn -0.0042 -1.0000 0.0027
vn 0.0002 -1.0000 0.0040
vn -0.0063 -0.9996 0.0293
vn 0.0017 -1.0000 -0.0075
vn 0.0045 -0.7773 0.6291
vn 0.0116 -0.1156 0.9932
vn 0.0009 -0.6553 0.7553
vn -0.0075 -0.9961 0.0884
vn 0.0057 -0.0279 0.9996
vn -0.0095 0.3725 0.9280
vn -0.0027 0.2625 0.9649
vn -0.0001 0.0095 1.0000
vn 0.0035 0.0072 1.0000
vn 0.0004 0.0015 1.0000
vn -0.0076 0.0214 0.9997
vn -0.0007 -0.0018 1.0000
vn 0.0025 0.0417 0.9991
vn 0.0012 -0.0010 1.0000
vn 0.0016 0.5990 0.8007
vn 0.0010 0.9801 0.1986
vn 0.0012 1.0000 0.0096
vn -0.0064 0.9924 -0.1227
vn -0.0085 0.6205 -0.7841
vn 0.0005 0.0050 -1.0000
vn 0.0001 0.0051 -1.0000
vn -0.0063 -0.2414 -0.9704
vn -0.0027 -0.2311 -0.9729
vn 0.0066 -0.2670 -0.9637
vn -0.0109 -0.8430 -0.5378
vn 0.0004 0.0049 -1.0000
vn 0.0065 -0.3040 -0.9526
vn -0.0005 0.0035 -1.0000
vn -0.0037 -0.2815 -0.9596
vn -0.0005 0.0037 -1.0000
vn -0.0046 -0.2171 -0.9761
vn 0.0054 0.6214 -0.7835
vn 0.0022 0.6363 -0.7714
vn -0.0008 0.0059 -1.0000
vn 0.0048 0.9931 -0.1172
vn 0.0026 0.9948 -0.1021
vn -0.0002 1.0000 0.0022
vn 0.0023 1.0000 0.0061
vn -0.0078 0.9147 0.4041
vn -0.0010 0.8682 0.4963
vn -0.0067 0.9975 -0.0703
vn -0.0058 0.9997 -0.0240
vn -0.0017 -0.1560 -0.9878
vn -0.0045 -0.8409 -0.5412
vn 0.0019 -1.0000 -0.0039
vn 0.0184 -0.5731 0.8193
vn 0.8853 -0.4645 0.0225
vn -0.4861 -0.2455 -0.8387
vn -0.3499 -0.2071 -0.9136
vn -0.8325 -0.4991 -0.2405
vn 0.3345 0.2207 -0.9162
vn 0.3553 0.0956 -0.9298
vn -0.3787 -0.1007 -0.9200
vn 0.9317 0.2355 -0.2765
vn 0.9430 0.0237 -0.3320
vn 0.3861 0.0096 -0.9224
vn 0.6838 0.1920 0.7040
vn 0.7490 0.0328 0.6618
vn 0.0316 0.0243 0.9992
vn 0.0163 0.0142 0.9998
vn -0.6884 -0.1974 0.6979
vn -0.7681 -0.0059 0.6403
vn -0.5693 -0.3384 0.7492
vn -0.9053 -0.2804 -0.3191
vn -0.9470 -0.0167 -0.3209
vn -0.4230 -0.0060 -0.9061
vn -0.4439 0.0090 -0.8960
vn -0.9504 0.0077 -0.3110
vn 0.4199 0.0050 -0.9076
vn 0.4183 0.0095 -0.9083
vn -0.4616 0.0099 -0.8871
vn 0.9442 0.0042 -0.3293
vn 0.9490 0.0093 -0.3150
vn 0.7562 0.0152 0.6541
vn 0.7196 0.0113 0.6943
vn 0.0079 0.0179 0.9998
vn -0.0016 0.0091 1.0000
vn -0.7534 0.0141 0.6574
vn -0.7337 0.0116 0.6794
vn -0.9592 0.0087 -0.2828
vn -0.9591 0.0096 -0.2828
vn -0.7668 0.0050 0.6419
vn -0.4636 0.0113 -0.8860
vn -0.4631 0.0121 -0.8862
vn -0.9577 0.0085 -0.2877
vn 0.3991 0.0113 -0.9168
vn 0.3553 0.0150 -0.9346
vn 0.9428 0.0108 -0.3333
vn 0.7443 0.0070 0.6678
vn -0.0146 0.0008 0.9999
vn -0.8010 0.0077 0.5986
vn -0.8343 0.0097 0.5512
vn -0.9596 0.0090 -0.2811
vn -0.9674 0.0088 -0.2533
vn -0.8740 0.0109 0.4858
vn -0.4697 0.0141 -0.8827
vn -0.4969 0.0140 -0.8677
vn -0.5216 0.0091 -0.8531
vn -0.9698 0.0030 -0.2438
vn -0.5018 0.0010 -0.8650
vn -0.9585 -0.0019 -0.2852
vn 0.1688 0.0031 -0.9856
vn 0.2472 -0.0004 -0.9690
vn -0.4584 -0.0026 -0.8888
vn 0.8337 -0.0003 -0.5522
vn 0.8889 -0.0022 -0.4580
vn 0.3540 -0.0023 -0.9352
vn 0.9958 -0.0040 0.0910
vn 0.9790 -0.0045 0.2040
vn 0.6588 0.0031 0.7523
vn 0.5634 0.0004 0.8262
vn 0.0371 0.0118 0.9992
vn -0.0080 0.0086 0.9999
vn -0.4890 0.0078 0.8723
vn -0.5572 0.0156 0.8303
vn -0.9518 0.0025 0.3068
vn -0.9752 0.0045 0.2214
vn -0.9169 0.0074 0.3989
vn -0.9427 -0.0052 -0.3336
vn 0.9102 -0.0011 0.4142
vn 0.9510 0.0024 -0.3093
vn 0.7516 -0.0074 0.6596
vn 0.9982 -0.0003 -0.0604
vn 0.4290 0.0086 0.9033
vn 0.9756 -0.0100 0.2195
vn 0.8321 -0.0099 -0.5546
vn 0.6337 -0.0068 -0.7736
vn 0.4851 0.0025 -0.8745
vn -0.0030 0.4430 -0.8965
vn -0.0029 -0.0670 -0.9977
vn -0.0023 0.9197 -0.3925
vn 0.0014 0.9204 -0.3909
vn 0.0015 0.4423 -0.8969
vn 0.0003 0.8005 0.5993
vn 0.0002 0.8009 0.5988
vn 0.0007 0.2833 0.9590
vn -0.0025 -0.6645 0.7473
vn -0.0006 0.1881 0.9821
vn -0.0006 -1.0000 0.0088
vn -0.0005 -1.0000 0.0052
vn 0.0006 -0.6648 0.7470
vn 0.0002 -1.0000 -0.0053
vn -0.0008 -1.0000 -0.0046
vn -0.0026 -0.7979 -0.6028
vn 0.0008 -0.7948 -0.6068
vn 0.0016 -0.0622 -0.9981
vn -0.0011 -1.0000 -0.0038
vn 0.0070 -0.9995 0.0312
vn 0.0004 -1.0000 -0.0038
vn -0.0013 -0.9984 0.0562
vn 0.0009 -1.0000 -0.0047
vn -0.0096 -0.9995 0.0295
vn 0.0045 -0.9999 0.0107
vn 0.0213 -0.9559 0.2929
vn -0.0102 -0.7930 -0.6092
vn -0.4319 -0.6142 -0.6604
vn -0.1545 0.0545 -0.9865
vn 0.0178 -0.5849 0.8109
vn -0.0006 0.2838 0.9589
vn 0.0001 0.9159 -0.4014
vn -0.7624 0.6469 -0.0173
vn -0.9910 -0.1339 0.0055
vn -0.7789 0.6271 -0.0017
vn -0.9781 -0.2080 -0.0021
vn 0.0893 0.9960 0.0024
vn 0.0077 0.9999 0.0127
vn -0.7878 0.6160 0.0034
vn 0.8306 0.5569 0.0039
vn 0.7754 0.6314 0.0026
vn 0.9603 -0.2791 0.0027
vn 0.9931 -0.1175 0.0034
vn 0.4739 -0.8805 0.0030
vn 0.5953 -0.8035 0.0027
vn -0.5477 -0.8367 -0.0023
vn -0.4511 -0.8924 -0.0138
vn -0.9575 -0.2884 -0.0066
vn -0.9261 -0.3773 -0.0016
vn -0.2851 -0.9584 -0.0135
vn -0.8527 0.5218 0.0257
vn 0.7734 -0.6336 -0.0211
vn -0.0052 0.9992 -0.0388
vn -0.2207 0.9437 -0.2464
vn -0.0441 0.9951 -0.0889
vn -0.0388 0.9962 -0.0785
vn 0.0007 0.9977 -0.0677
vn -0.0275 0.7360 -0.6764
vn -0.0330 -0.6464 -0.7623
vn 0.0034 0.5490 -0.8358
vn -0.0035 -0.8028 -0.5963
vn 0.0042 0.9890 -0.1479
vn -0.0015 -0.9999 -0.0100
vn -0.0016 -1.0000 -0.0020
vn -0.0002 -1.0000 -0.0029
vn -0.0009 -1.0000 0.0020
vn -0.0001 -1.0000 0.0014
vn -0.0001 -1.0000 0.0034
vn 0.0010 -1.0000 0.0039
vn 0.0306 -0.9995 0.0113
vn 0.0017 -1.0000 0.0040
vn 0.0002 -1.0000 0.0039
vn 0.0832 -0.9964 0.0177
vn 0.8521 -0.5222 0.0338
vn 0.6519 -0.7582 0.0133
vn 0.1392 -0.9902 0.0125
vn 0.0018 -1.0000 0.0048
vn 0.9456 -0.3232 0.0362
vn 0.4520 0.8919 0.0152
vn 0.6107 0.7919 -0.0045
vn 0.9717 -0.2265 0.0668
vn 0.1726 -0.9849 0.0100
vn 0.3835 0.9180 0.1006
vn 0.0027 0.9846 0.1750
vn 0.0159 0.9998 0.0093
vn 0.4363 0.5354 0.7232
vn 0.9202 -0.1574 0.3585
vn -0.0189 0.6235 0.7816
vn 0.0239 -0.6711 0.7410
vn 0.1939 -0.3955 0.8977
vn 0.0044 0.3885 0.9214
vn -0.0008 -0.7905 0.6124
vn 0.0063 0.9596 0.2814
vn 0.0108 0.9177 0.3971
vn 0.0201 0.1114 0.9936
vn 0.0072 -0.8821 0.4710
vn -0.0002 -0.9999 0.0113
vn 0.0217 -0.9983 0.0538
vn 0.0001 -1.0000 0.0073
vn 0.0012 -1.0000 0.0067
vn 0.0002 -1.0000 0.0049
vn 0.0004 -1.0000 0.0031
vn -0.0001 -1.0000 0.0022
vn 0.0004 -1.0000 0.0016
vn 0.0003 -1.0000 -0.0041
vn 0.2933 -0.9108 0.2906
vn 0.8898 0.4564 0.0013
vn -0.6744 -0.0039 -0.7384
vn -0.6291 0.0041 -0.7774
vn -0.9987 -0.0019 -0.0512
vn 0.3347 -0.0059 -0.9423
vn 0.3884 0.0002 -0.9215
vn -0.5826 0.0047 -0.8128
vn 0.9156 -0.0054 -0.4021
vn 0.9411 -0.0002 -0.3382
vn 0.9674 -0.0015 -0.2532
vn 0.4570 0.0017 -0.8895
vn 0.8698 -0.0033 0.4935
vn 0.8850 -0.0005 0.4656
vn 0.8430 -0.0033 0.5380
vn 0.0757 -0.0047 0.9971
vn 0.1374 -0.0015 0.9905
vn -0.7854 -0.0037 0.6190
vn -0.7811 0.0015 0.6244
vn -0.7535 -0.0058 0.6575
vn -0.6577 0.0045 0.7533
vn -0.9643 0.0043 -0.2648
vn -0.9691 0.0111 -0.2465
vn -0.9812 0.0035 -0.1931
vn -0.4714 0.0260 -0.8815
vn -0.5355 0.0067 -0.8445
vn 0.5768 0.0057 -0.8169
vn -0.9914 0.0004 -0.1312
vn -0.7557 0.0007 0.6549
vn -0.6774 0.0052 0.7356
vn 0.2217 0.0108 0.9751
vn -0.6703 0.0132 0.7420
vn -0.7678 0.0056 0.6406
vn 0.2805 0.0092 0.9598
vn -0.9629 -0.0055 -0.2697
vn -0.9353 0.0003 -0.3539
vn -0.8044 0.0053 0.5941
vn -0.4477 0.0041 -0.8942
vn -0.3982 0.0012 -0.9173
vn -0.3695 0.0021 -0.9292
vn -0.9229 0.0008 -0.3851
vn 0.6998 0.0018 -0.7144
vn 0.7028 0.0040 -0.7114
vn 0.6974 0.0027 -0.7167
vn 0.7260 0.0129 -0.6876
vn -0.2639 0.0116 -0.9645
vn 0.9040 0.0023 0.4275
vn 0.9141 0.0015 0.4054
vn 0.8837 -0.0024 0.4681
vn 0.8019 0.0009 0.5975
vn 0.8804 0.0198 -0.4739
vn 0.0938 0.0029 0.9956
vn 0.1530 0.0044 0.9882
vn -0.1002 -0.0011 0.9950
vn -0.4625 -0.0010 0.8866
vn 0.5229 0.0154 0.8523
vn -0.8902 0.0104 0.4554
vn -0.8217 0.0040 0.5700
vn -0.9939 0.0034 0.1104
vn -0.5865 0.0100 -0.8099
vn -0.8151 -0.0055 0.5793
vn -0.8164 -0.0004 -0.5775
vn -0.8966 0.0002 -0.4428
vn 0.0383 0.0070 -0.9992
vn 0.4469 -0.0039 -0.8946
vn 0.9982 0.0063 -0.0596
vn -0.8124 0.0033 0.5831
vn 0.1944 0.0059 0.9809
vn 0.9288 -0.0055 0.3704
vn -0.8232 -0.5268 0.2118
vn -0.0549 -0.9749 -0.2157
vn -0.0098 -0.6300 0.7765
vn -0.0353 -0.9477 -0.3173
vn -0.0108 -0.7711 0.6367
vn -0.0033 -0.9375 -0.3479
vn 0.0059 -0.7803 0.6253
vn -0.0167 -0.2098 -0.9776
vn -0.0050 -0.2374 -0.9714
vn -0.0004 -0.9358 -0.3524
vn -0.0145 0.8388 -0.5442
vn -0.0059 0.8235 -0.5673
vn 0.0013 0.9886 0.1503
vn -0.0017 0.9885 0.1513
vn 0.0106 0.4946 0.8691
vn 0.0023 0.4901 0.8717
vn 0.0028 -0.7856 0.6187
vn 0.0026 -0.7871 0.6168
vn 0.0005 0.4880 0.8728
vn 0.0007 -0.9350 -0.3546
vn -0.0033 -0.9326 -0.3608
vn 0.0051 -0.7884 0.6152
vn -0.0025 -0.2509 -0.9680
vn -0.0074 -0.2559 -0.9667
vn -0.0040 0.8146 -0.5799
vn -0.0057 0.8061 -0.5917
vn -0.0022 0.9884 0.1516
vn -0.0034 0.9891 0.1475
vn 0.0028 0.4893 0.8721
vn -0.0162 0.9937 0.1109
vn -0.0031 0.7992 -0.6011
vn 0.8371 0.5467 -0.0211
vn 0.9110 -0.3944 -0.1202
vn 0.7842 0.6204 0.0113
vn 0.9056 -0.4212 -0.0492
vn -0.1616 0.9832 0.0853
vn -0.9041 0.4174 0.0921
vn -0.7641 -0.6439 0.0397
vn 0.1845 -0.9824 -0.0299
vn 0.1821 -0.9808 -0.0704
vn 0.1077 -0.0434 -0.9932
vn 0.1043 -0.9924 -0.0647
vn -0.4108 -0.9063 -0.0992
vn 0.7127 -0.7015 -0.0044
vn 0.7098 0.7044 -0.0012
vn -0.0008 1.0000 -0.0014
vn -0.0011 0.5772 -0.8166
vn -0.0181 0.9925 -0.1211
vn 0.0359 -0.5265 -0.8494
vn 0.0126 -0.5768 -0.8168
vn -0.0050 0.5113 -0.8594
vn 0.0035 -0.5547 -0.8321
vn -0.0051 0.4939 -0.8695
vn 0.0079 -0.9687 -0.2481
vn -0.0044 0.9782 -0.2078
vn -0.0037 0.9835 -0.1810
vn -0.0039 -0.8984 -0.4391
vn -0.2608 -0.8801 -0.3968
vn -0.9694 0.1431 -0.1996
vn -0.7116 0.4783 -0.5147
vn -0.4638 0.8176 -0.3411
vn -0.4047 0.9139 0.0312
vn -0.5340 0.5034 -0.6793
vn -0.6196 -0.0116 -0.7849
vn -0.9765 -0.0369 -0.2124
vn -0.0039 0.6005 -0.7996
vn -0.0097 0.9100 -0.4144
vn 0.0001 -0.6327 -0.7744
vn -0.0056 -0.9537 -0.3007
vn -0.0131 -0.9858 0.1671
vn -0.0077 -0.8182 0.5749
vn 0.0034 -0.4113 0.9115
vn 0.0048 0.1308 0.9914
vn -0.0037 0.6148 0.7886
vn -0.0040 0.9078 0.4193
vn -0.3926 0.8411 0.3720
vn -0.9287 0.3348 0.1592
vn -0.0060 0.9999 0.0095
vn -0.6753 -0.0484 -0.7360
vn 0.9941 -0.0963 0.0500
vn 0.6897 -0.7158 0.1097
vn 0.9776 -0.1227 0.1709
vn 0.9994 -0.0237 0.0242
vn 0.9916 -0.1217 -0.0430
vn 0.6719 -0.6817 0.2896
vn 0.7339 -0.6749 -0.0772
vn 0.8403 -0.4662 -0.2765
vn 0.5266 0.2234 -0.8202
vn -0.2591 0.0767 0.9628
vn -0.6280 0.1409 -0.7653
vn -0.5097 0.8488 -0.1404
vn -0.0002 -0.7041 -0.7101
vn -0.0007 0.7106 -0.7036
vn 0.0126 -0.6120 0.7908
vn 0.0039 -0.6329 0.7742
vn 0.0094 0.7883 0.6152
vn 0.0032 0.7727 0.6347
vn -0.0002 0.7107 -0.7035
vn -0.0012 0.7672 0.6414
vn -0.0012 -0.6389 0.7693
vn -0.0090 0.8359 -0.5489
vn 0.0265 -0.5036 -0.8635
vn 0.0057 -1.0000 -0.0016
vn 0.0123 0.8637 -0.5039
vn -0.0057 0.6292 0.7772
vn -0.0074 0.6186 0.7857
vn 0.0047 0.8772 -0.4802
vn 0.0088 -0.4802 -0.8771
vn -0.0157 0.6552 0.7553
vn -0.0030 -0.7542 0.6567
vn -0.0011 -0.7717 0.6360
vn -0.0144 0.6923 0.7215
vn 0.0097 0.8827 -0.4698
vn -0.0033 -0.6581 0.7529
vn 0.0068 -0.9998 0.0189
vn 0.0025 -0.6188 0.7856
vn 0.0008 0.7102 0.7040
vn -0.0007 0.9082 -0.4186
vn -0.0014 1.0000 -0.0022
vn -0.0017 0.7145 0.6996
vn 0.0001 0.7132 0.7009
vn 0.0018 0.7114 0.7028
vn 0.0026 -0.6980 0.7161
vn 0.0020 -0.6963 0.7177
vn -0.0013 -0.6950 0.7190
vn 0.0025 0.7100 0.7042
vn 0.0016 0.7078 0.7064
vn -0.0168 0.9982 0.0573
vn -0.0050 -0.6973 0.7168
vn -0.0036 -0.7020 0.7122
vn -0.0017 0.7084 0.7058
vn -0.0061 -0.9999 -0.0133
vn 0.0068 -0.9999 -0.0121
vn 0.0021 -0.7025 0.7117
vn -0.0169 -0.9976 -0.0667
vn -0.0171 -0.9948 -0.0999
vn 0.0021 -0.6993 0.7149
vn 0.0020 0.7080 0.7062
vn 0.0013 0.7047 0.7095
vn 0.0058 -1.0000 -0.0049
vn 0.0026 -0.6963 0.7178
vn -0.0007 -0.6958 0.7182
vn -0.0048 0.7058 0.7084
vn -0.0038 0.7095 0.7047
vn -0.0020 0.7093 0.7049
vn -0.0043 -0.6993 0.7148
vn 0.0114 0.9996 0.0271
vn -0.0068 0.9998 0.0176
vn -0.4881 -0.0121 -0.8727
vn -0.0664 0.0015 -0.9978
vn -0.5956 -0.0019 -0.8033
vn 0.9298 0.0269 -0.3670
vn 0.2721 -0.0054 0.9623
vn 0.3153 0.0046 0.9490
vn -0.8158 -0.0048 0.5784
vn -0.7801 -0.0068 0.6256
vn -0.8643 -0.0440 0.5010
vn 0.3467 -0.0032 0.9380
vn -0.8925 -0.0388 0.4494
vn 0.5728 -0.2149 0.7911
vn -0.8972 0.0185 0.4413
vn 0.5575 0.0769 0.8266
vn -0.4815 0.0097 -0.8764
vn -0.8304 -0.0101 0.5571
vn 0.7258 0.0284 0.6874
vn -0.6044 0.0018 -0.7967
vn -0.6960 -0.0121 -0.7179
vn -0.7589 -0.0066 0.6512
vn 0.6278 0.0445 -0.7771
vn 0.4613 -0.0040 -0.8872
vn 0.7836 0.0841 -0.6156
vn 0.8646 0.0057 0.5025
vn 0.8939 -0.1270 0.4298
vn 0.4381 -0.0623 -0.8968
vn -0.6591 -0.0291 0.7515
vn -0.7767 -0.0420 -0.6285
vn -0.8506 -0.2854 -0.4417
vn -0.0851 -0.3238 0.9423
vn 0.4215 -0.8780 -0.2267
vn 0.0019 -0.5780 -0.8161
vn 0.0075 -0.6393 -0.7689
vn 0.0057 -0.7651 -0.6438
vn 0.0079 -0.9568 0.2908
vn 0.0140 0.3428 -0.9393
vn -0.0046 0.9549 -0.2969
vn -0.0040 0.9227 -0.3854
vn -0.0015 0.7737 0.6336
vn 0.0033 0.8398 0.5429
vn 0.0172 -0.2447 0.9694
vn 0.0174 0.8864 0.4626
vn 0.0005 0.8812 -0.4728
vn 0.0415 0.9361 0.3494
vn 0.0456 0.8304 -0.5553
vn -0.3599 0.6331 0.6853
vn 0.0314 -0.8883 -0.4581
vn 0.4727 -0.4457 -0.7601
vn 0.7732 0.4983 -0.3922
vn 0.2057 0.4671 -0.8600
vn 0.0645 0.3799 -0.9228
vn 0.0093 0.2792 -0.9602
vn 0.0044 -0.9315 -0.3637
vn -0.0011 0.9906 0.1367
vn 0.2125 0.9657 -0.1493
vn -0.0023 0.9940 0.1095
vn -0.0004 0.9862 0.1656
vn 0.0029 0.9867 0.1628
vn -0.0001 0.9952 0.0981
vn 0.0004 -0.9783 -0.2070
vn 0.0052 -0.7193 -0.6947
vn 0.0040 -0.2296 -0.9733
vn 0.0018 -0.7872 -0.6167
vn -0.0002 -1.0000 0.0029
vn -0.0001 -0.8001 -0.5999
vn -0.0003 -1.0000 0.0034
vn -0.0008 -0.7991 -0.6012
vn 0.0003 -1.0000 0.0036
vn -0.0013 -0.7013 0.7128
vn -0.0006 -0.6998 0.7143
vn 0.0004 -0.7013 0.7129
vn -0.0003 -0.7026 0.7116
vn 0.0104 -0.2576 0.9662
vn 0.0082 -0.9994 -0.0333
vn -0.0067 -0.3796 -0.9251
vn -0.0002 -0.3698 -0.9291
vn 0.0037 -0.3701 -0.9290
vn 0.0063 -0.5729 -0.8196
vn 0.0017 -0.5729 -0.8196
vn 0.1073 -0.3599 -0.9268
vn 0.9998 -0.0199 -0.0069
vn 0.0895 0.3548 0.9307
vn 0.0517 0.6487 0.7593
vn 0.0117 0.6911 0.7226
vn 0.0451 0.9720 0.2305
vn 0.0140 0.9811 0.1929
vn 0.0065 0.3671 0.9302
vn 0.0038 0.3705 0.9288
vn 0.0051 0.7285 0.6850
vn 0.0036 0.6338 0.7735
vn 0.0028 0.6398 0.7685
vn 0.0053 0.5296 0.8483
vn 0.0228 0.5293 0.8481
vn 0.0119 -0.2461 0.9692
vn 0.0056 -0.6125 -0.7905
vn 0.0062 0.2822 -0.9593
vn 0.0103 -0.5570 -0.8305
vn 0.0140 0.3586 -0.9334
vn -0.0006 0.7236 -0.6902
vn 0.0009 0.7443 -0.6679
vn -0.0069 0.0766 -0.9970
vn -0.0031 0.1145 -0.9934
vn -0.0030 -0.7509 -0.6604
vn -0.0055 -0.7455 -0.6664
vn 0.4102 -0.6708 -0.6179
vn 0.4672 -0.8425 0.2683
vn 0.0029 -0.9449 0.3274
vn 0.9736 0.2124 0.0833
vn 0.9673 0.2364 -0.0917
vn 0.0083 0.7375 0.6753
vn 0.0044 0.9476 -0.3194
vn 0.0037 0.7299 0.6836
vn -0.0023 0.9497 -0.3133
vn -0.0013 -0.0082 1.0000
vn 0.0053 -0.9554 0.2952
vn 0.0089 -0.7950 -0.6065
vn 0.0094 -0.9787 -0.2050
vn 0.0096 -0.9855 -0.1695
vn 0.0140 -0.9699 0.2430
vn 0.0070 -0.7536 -0.6572
vn -0.0107 0.4070 -0.9134
vn 0.0296 -0.2336 0.9719
vn 0.0017 -0.9439 0.3303
vn 0.0055 0.9893 0.1461
vn 0.0041 0.9959 0.0904
vn 0.0309 0.9955 0.0895
vn 0.0210 0.9862 0.1643
vn -0.9662 0.0027 -0.2578
vn -0.9692 0.0013 -0.2461
vn -0.5220 -0.0032 -0.8529
vn -0.9894 -0.0026 0.1455
vn -0.8799 0.2105 -0.4260
vn -0.5987 -0.0054 0.8009
vn 0.5193 -0.0051 0.8546
vn 0.9720 -0.0040 0.2351
vn 0.9651 0.0018 -0.2619
vn 0.9155 0.0119 -0.4022
vn 0.3390 0.0148 -0.9407
vn 0.5027 -0.0023 -0.8645
vn -0.5163 0.0105 -0.8564
vn -0.0012 0.7207 -0.6933
vn 0.0040 0.7159 -0.6982
vn 0.0003 -0.7089 -0.7053
vn 0.0035 0.6957 0.7183
vn -0.8057 -0.5599 -0.1935
vn 0.1055 0.3907 0.9145
vn 0.8801 0.2062 0.4277
vn -0.0616 0.9136 -0.4019
vn -0.1101 0.9725 -0.2054
vn 0.8207 -0.4646 -0.3325
vn -0.5690 0.5875 -0.5754
vn 0.2664 -0.9449 -0.1904
vn 0.9671 -0.1994 -0.1578
vn -0.9845 -0.1428 -0.1013
vn 0.8726 -0.0020 0.4884
vn 0.7162 0.0049 0.6979
vn -0.7054 0.1455 0.6938
vn -0.2346 0.4522 0.8605
vn 0.7267 0.0043 0.6870
vn -0.3474 0.8922 0.2888
vn 0.5920 0.7949 0.1327
vn 0.3458 -0.9383 0.0038
vn -0.9907 -0.0419 0.1296
vn 0.0319 -0.9987 0.0402
vn 0.1816 -0.9832 0.0202
vn 0.9907 0.0076 0.1360
vn 0.0702 -0.9954 0.0644
vn -0.0432 -0.9979 0.0490
vn -0.7697 0.5739 0.2798
vn -0.0906 -0.8443 0.5281
vn 0.9713 0.1521 0.1828
vn 0.8040 -0.1675 -0.5705
vn 0.2421 0.5686 -0.7862
vn -0.2606 0.4620 0.8477
vn -0.0134 -0.9851 -0.1717
vn 0.1992 0.0807 -0.9766
vn -0.0000 -0.0000 -0.0000
vn -0.9501 0.0762 -0.3026
vn 0.6127 0.5238 -0.5918
vn 0.9972 0.0571 0.0488
vn 0.9488 0.2462 -0.1978
vn 0.5873 0.0254 -0.8090
vn 0.0192 0.0546 -0.9983
vn -0.0011 0.0569 -0.9984
vn 0.1900 -0.7375 0.6480
vn -0.0399 0.9833 -0.1773
vn 0.1219 -0.8914 0.4366
vn -0.0268 -0.9935 0.1108
vn -0.0829 0.9420 0.3252
vn -0.0013 1.0000 0.0006
vn -0.0131 -0.9998 -0.0182
vn 0.0029 1.0000 -0.0087
vn 0.0010 0.9999 -0.0138
vn -0.0242 -0.9963 0.0819
vn 0.0426 -0.9812 -0.1883
vn 0.0055 1.0000 -0.0062
vn 0.7261 0.0374 -0.6866
vn 0.1630 0.5015 -0.8497
vn 0.0496 0.4024 -0.9141
vn -0.0142 -0.1082 0.9940
vn 0.0246 -0.1064 0.9940
vn -0.0532 -0.1071 0.9928
vn -0.4216 -0.6660 -0.6153
vn 0.8109 0.0453 -0.5834
vn -0.7078 0.3616 0.6068
vn -0.4627 0.4189 -0.7813
vn -0.8065 0.2630 -0.5295
vn -0.3974 -0.4618 0.7930
vn -0.0004 0.8827 -0.4700
vn -0.9129 0.3027 -0.2737
vn -0.8343 -0.4271 0.3485
vn -0.4353 -0.3246 0.8398
vn -0.8281 -0.5581 0.0536
vn -0.1843 -0.8744 -0.4489
vn -0.4599 0.8803 0.1165
vn -0.5647 0.1061 0.8184
vn -0.3504 0.9296 0.1143
vn -0.2255 0.9695 -0.0957
vn -0.0293 0.9971 0.0699
vn 0.3064 -0.6995 -0.6457
vn 0.4907 0.8612 0.1325
vn 0.5423 0.3072 0.7820
vn 0.5824 0.6140 0.5327
vn 0.4460 0.0198 0.8948
vn -0.6223 -0.7779 0.0876
vn 0.7186 -0.3903 0.5755
vn 0.3047 0.9390 0.1597
vn 0.9835 -0.1559 0.0915
vn 0.9265 -0.3206 -0.1972
vn 0.9621 0.2623 0.0740
vn -0.0348 -0.9933 0.1102
vn 0.3771 -0.9259 -0.0210
vn -0.3784 -0.9027 0.2048
vn 0.1807 -0.1787 0.9672
vn 0.0988 0.2359 -0.9667
vn 0.0155 0.2207 -0.9752
vn 0.0275 -0.0442 0.9986
vn 0.0019 0.0099 0.9999
vn 0.0498 -0.0181 0.9986
vn 0.4917 -0.5750 -0.6539
vn 0.9955 0.0553 -0.0771
vn -0.5631 -0.5859 -0.5827
vn -0.3552 -0.8246 0.4403
vn 0.7824 -0.5033 0.3669
vn -0.4306 -0.5154 -0.7409
vn 0.0006 -0.0521 0.9986
vn -0.9544 0.2939 -0.0529
vn -0.1388 -0.9846 -0.1062
vn 0.6314 0.7681 -0.1062
vn 0.6373 0.3001 -0.7098
vn 0.2294 0.8725 -0.4314
vn -0.0013 -0.5359 0.8443
vn -0.5525 0.6762 -0.4873
vn 0.4360 0.2588 -0.8619
vn 0.0032 -0.0098 0.9999
vn 0.0101 -0.0127 0.9999
vn -0.0128 -0.0109 0.9999
vn -0.0683 -0.0016 -0.9977
vn -0.7368 0.1466 -0.6600
vn -0.2255 0.0498 -0.9730
vn 0.2628 -0.9649 0.0002
vn 0.1678 0.6647 0.7280
vn -0.1426 -0.7127 -0.6869
vn -0.1972 -0.3164 0.9279
vn -0.2995 0.8416 -0.4495
vn 0.8046 -0.4191 -0.4207
vn 0.5697 -0.6207 0.5386
vn 0.0118 0.9993 -0.0358
vn 0.8737 -0.4207 -0.2442
vn 0.1403 -0.0095 0.9901
vn 0.1922 -0.2442 0.9505
vn -0.5259 -0.7564 0.3889
vn -0.9868 -0.0583 -0.1512
vn -0.9323 0.3196 -0.1695
vn -0.9374 0.3217 -0.1331
vn -0.9370 0.3183 -0.1441
vn 0.9653 0.2460 0.0873
vn 0.9594 0.2820 0.0013
vn 0.9608 0.2726 -0.0505
vn 0.9806 0.0109 -0.1957
vn -0.0108 0.9999 -0.0095
vn 0.1805 0.9824 -0.0474
vn -0.0442 -0.9990 0.0096
vn 0.1423 0.9354 -0.3237
vn 0.0223 0.9980 0.0584
vn 0.0133 -0.9851 -0.1717
vn 0.3666 0.5533 0.7480
vn -0.6213 0.0032 -0.7835
vn -0.0743 0.0587 -0.9955
vn 0.0599 0.9648 -0.2562
vn 0.0776 0.8635 -0.4983
vn -0.0113 -0.7886 -0.6148
vn -0.0013 0.1134 0.9935
vn 0.0174 0.1189 0.9928
vn 0.6998 0.0514 0.7125
vn 0.7861 -0.1585 0.5974
vn 0.6292 -0.6157 0.4743
vn -0.6019 0.0187 -0.7984
vn 0.0006 -0.5213 -0.8534
vn -0.0087 -0.4742 -0.8804
vn -0.0013 -0.9958 0.0913
vn -0.0029 1.0000 -0.0087
vn -0.0128 0.9998 0.0182
vn -0.0010 0.9999 -0.0138
vn -0.1091 -0.9940 0.0115
vn -0.1945 -0.7521 -0.6296
vn -0.5091 -0.8581 0.0674
vn 0.0210 -0.9991 -0.0362
vn 0.0029 -1.0000 0.0087
vn -0.0024 0.9999 -0.0098
vn 0.9769 -0.0662 0.2034
vn 0.9388 0.0272 0.3434
vn -0.9556 -0.0197 -0.2941
vn -0.7502 0.1655 -0.6402
vn -0.4151 -0.1233 -0.9014
vn -0.6519 -0.1573 -0.7418
vn -0.3969 -0.2795 -0.8743
vn -0.1827 -0.7189 -0.6707
vn -0.9262 0.1708 0.3360
vn 0.0004 0.8827 -0.4700
vn -0.8459 0.2332 0.4796
vn 0.3008 -0.1247 -0.9455
vn 0.2280 -0.9633 0.1419
vn 0.0933 -0.6004 -0.7942
vn 0.8931 0.2136 0.3958
vn 0.7199 -0.4557 -0.5235
vn -0.3504 -0.9296 -0.1143
vn 0.5647 0.1061 0.8185
vn -0.2255 -0.9695 0.0957
vn 0.2196 -0.7011 0.6784
vn 0.1536 -0.4838 0.8616
vn -0.2295 0.8602 -0.4554
vn 0.6156 -0.7320 0.2921
vn 0.6880 -0.6467 0.3292
vn 0.8484 0.3224 0.4199
vn -0.5824 0.6140 0.5327
vn -0.2862 -0.0996 0.9530
vn -0.2049 0.7137 -0.6698
vn 0.5944 0.3199 0.7378
vn -0.9300 0.3673 0.0154
vn 0.4397 -0.5873 -0.6795
vn 0.9074 0.4168 -0.0547
vn -0.1851 0.8799 -0.4376
vn 0.1149 -0.9600 -0.2555
vn 0.6133 0.7323 0.2959
vn -0.7872 -0.1773 0.5907
vn -0.0046 0.0512 0.9987
vn -0.4063 0.9129 -0.0402
vn 0.2611 -0.1809 0.9482
vn 0.0557 0.1041 0.9930
vn 0.5609 0.6331 -0.5335
vn -0.5847 0.0742 0.8078
vn 0.4367 -0.2077 -0.8753
vn 0.1630 -0.7295 0.6643
vn -0.2138 -0.8173 0.5351
vn -0.6360 -0.7318 0.2448
vn -0.6383 0.7690 0.0349
vn -0.4677 0.6419 -0.6077
vn 0.6094 -0.4817 -0.6298
vn -0.3039 0.9469 0.1055
vn -0.2583 -0.1501 -0.9543
vn 0.7028 0.0419 -0.7101
vn -0.0183 -0.0767 -0.9969
vn 0.8999 0.0234 0.4354
vn -0.2680 0.4438 -0.8551
vn 0.9728 0.0736 0.2196
vn 0.1030 0.9946 -0.0091
vn -0.6397 0.7673 -0.0450
vn 0.2628 0.9649 -0.0002
vn -0.7141 0.6748 0.1865
vn -0.4565 -0.7943 -0.4008
vn 0.9596 -0.0535 0.2761
vn -0.9381 0.2699 0.2170
vn -0.8735 -0.4747 0.1081
vn -0.0155 -0.9991 0.0390
vn 0.1168 -0.7968 -0.5928
vn -0.0329 0.0289 0.9990
vn 0.8266 0.5205 0.2139
vn 0.0242 0.9963 -0.0819
vn 0.0051 1.0000 0.0020
vn 0.0469 -0.9723 -0.2291
vn 0.0027 -1.0000 -0.0061
vn -0.2782 0.0128 -0.9604
vn 0.3639 -0.7381 -0.5681
vn -0.9469 -0.0001 0.3217
vn 0.9412 -0.0053 -0.3377
vn 0.0137 -0.9998 0.0133
vn 0.0277 0.9996 -0.0086
vn 0.9226 -0.1230 -0.3655
vn -0.0018 1.0000 0.0008
vn 0.6958 -0.0052 -0.7182
vn 0.0116 0.0277 -0.9995
vn -0.0112 0.0172 -0.9998
vn -0.0015 -0.9999 0.0123
vn 0.0025 0.9999 -0.0098
vn -0.0194 -0.9992 -0.0351
vn 0.7902 -0.0148 -0.6127
vn -0.0199 -0.0165 -0.9997
vn -0.0008 -0.0174 -0.9998
vn -0.9496 0.0163 0.3131
vn 0.9393 -0.0049 -0.3431
vn -0.9313 -0.0299 0.3631
vn -0.0280 -0.7180 -0.6954
vn -0.0289 -0.0645 -0.9975
vn 0.0348 -0.1813 -0.9828
vn -0.1808 -0.9763 -0.1192
vn 0.0249 0.3115 0.9499
vn 0.7878 0.4607 -0.4089
vn 0.1966 -0.2755 -0.9410
vn -0.1995 0.0002 0.9799
vn -0.1993 0.0001 0.9799
vn -0.0478 0.5774 0.8151
vn 0.0405 -0.9796 -0.1970
vn -0.9118 -0.0224 0.4100
vn 0.5189 -0.2595 0.8145
vn -0.2865 -0.2032 0.9363
vn 0.4934 0.2313 -0.8385
vn 0.8889 -0.3928 -0.2358
vn 0.5843 0.7872 -0.1973
vn 0.4345 -0.7790 -0.4521
vn 0.4788 -0.7453 0.4640
vn -0.9464 0.3227 -0.0115
vn 0.8897 -0.4513 -0.0687
vn 0.0683 0.0016 0.9977
vn -0.9769 0.1513 -0.1509
vn -0.6031 0.7704 -0.2067
vn -0.5950 -0.8033 -0.0244
vn -0.7861 -0.1046 0.6092
vn -0.3587 0.9022 -0.2394
vn -0.7466 0.5953 0.2970
vn 0.5666 -0.4516 -0.6892
vn 0.4149 -0.2944 -0.8609
vn 0.6455 -0.5861 0.4897
vn 0.0206 -0.0873 0.9960
vn -0.0206 0.0873 -0.9960
vn -0.2713 0.5050 0.8193
vn -0.4133 0.8430 -0.3442
vn 0.9610 0.2635 0.0845
vn 0.5720 0.0609 0.8180
vn 0.9276 0.2117 -0.3079
vn -0.6113 -0.0973 -0.7854
vn -0.2829 -0.7589 -0.5866
vn 0.1591 -0.1491 -0.9759
vn -0.9468 -0.1668 -0.2753
vn 0.0048 -0.7035 0.7107
vn 0.0209 -0.4814 0.8762
vn -0.0365 -0.3057 -0.9514
vn 0.0015 -0.1849 -0.9828
vn 0.8224 0.2535 0.5092
vn -0.0009 0.9997 0.0234
vn 0.0868 0.8841 0.4592
vn 0.1183 0.7335 0.6694
vn 0.3415 0.0387 0.9391
vn 0.4059 0.0365 0.9132
vn 0.0013 -0.2874 -0.9578
vn 0.0010 -0.9999 0.0138
vn 0.0025 -0.9999 0.0098
vn -0.0155 0.9996 0.0249
vn -0.9292 0.0195 -0.3691
vn -0.9355 -0.0183 -0.3529
vn 0.9380 0.0063 0.3466
vn -0.0007 -0.1844 -0.9828
vn 0.9911 -0.0598 -0.1193
vn -0.1213 -0.9392 0.3212
vn 0.9473 0.0406 0.3178
vn 0.9326 -0.0051 0.3610
vn -0.9410 -0.0083 -0.3383
vn -0.9600 0.2610 0.1011
vn -0.3721 0.5165 0.7712
vn 0.4567 -0.8874 -0.0633
vn 0.6170 0.5070 0.6019
vn 0.6097 0.5725 0.5482
vn 0.3420 0.3437 0.8746
vn -0.0948 0.0524 0.9941
vn -0.7644 -0.4036 0.5028
vn -0.9104 -0.2382 0.3382
vn -0.6789 -0.4688 0.5651
vn -0.0346 0.8345 0.5499
vn -0.0006 0.4345 0.9007
vn -0.0554 0.9880 0.1439
vn -0.7510 0.0100 0.6602
vn 0.3084 -0.6955 0.6490
vn 0.9118 0.3965 0.1069
vn -0.4490 0.8922 -0.0484
vn 0.4534 -0.5805 0.6763
vn 0.5314 -0.5551 -0.6399
vn -0.6574 -0.0125 0.7534
vn -0.2065 -0.9781 0.0261
vn 0.1070 0.2037 -0.9732
vn -0.9768 0.1533 -0.1497
vn 0.1095 -0.0227 0.9937
vn 0.7644 -0.4036 0.5028
vn 0.6789 -0.4687 0.5651
vn 0.9104 -0.2382 0.3383
vn 0.0347 0.8345 0.5499
vn 0.0554 0.9880 0.1439
vn 0.0006 0.4345 0.9007
vn -0.9595 -0.0875 0.2677
vn -0.9733 0.2236 0.0528
vn 0.9932 0.0066 -0.1164
vn -0.3850 -0.8768 0.2880
vn 0.9463 0.1235 -0.2988
vn 0.0338 0.6729 0.7390
vn 0.1943 -0.9177 -0.3466
vn -0.5720 0.4325 -0.6969
vn -0.0067 0.0099 0.9999
vn -0.8391 -0.5371 0.0869
vn 0.9074 0.0621 0.4156
vn -0.4712 -0.7402 0.4796
vn 0.3296 0.5680 -0.7541
vn 0.9727 0.0661 -0.2224
vn -0.9249 -0.2074 -0.3186
vn -0.6693 -0.7427 -0.0213
vn -0.6650 -0.7446 0.0573
vn -0.6599 -0.7456 0.0933
vt 0.856984 0.986640
vt 0.857208 0.987114
vt 0.857001 0.987188
vt 0.856806 0.986726
vt 0.829030 0.997248
vt 0.829104 0.997033
vt 0.829527 0.997114
vt 0.829681 0.997273
vt 0.828550 0.997072
vt 0.828548 0.997301
vt 0.827940 0.996556
vt 0.828511 0.996565
vt 0.828501 0.996679
vt 0.827935 0.996709
vt 0.829080 0.996843
vt 0.828526 0.996855
vt 0.828988 0.996599
vt 0.827962 0.996884
vt 0.827368 0.996739
vt 0.827395 0.996919
vt 0.827985 0.997107
vt 0.827421 0.997141
vt 0.826836 0.996964
vt 0.826858 0.997175
vt 0.827981 0.997353
vt 0.827413 0.997392
vt 0.826849 0.997416
vt 0.843825 0.987127
vt 0.844393 0.987120
vt 0.844377 0.987373
vt 0.843804 0.987379
vt 0.826810 0.996792
vt 0.826801 0.996566
vt 0.827368 0.996551
vt 0.848420 0.991505
vt 0.848183 0.991498
vt 0.848207 0.990942
vt 0.848417 0.990951
vt 0.848192 0.992059
vt 0.848427 0.992059
vt 0.848596 0.990943
vt 0.848580 0.991495
vt 0.848583 0.992049
vt 0.848413 0.992419
vt 0.848588 0.992411
vt 0.843275 0.987150
vt 0.843236 0.986943
vt 0.843806 0.986917
vt 0.842946 0.987134
vt 0.842858 0.986991
vt 0.843225 0.987366
vt 0.842843 0.987303
vt 0.844375 0.986900
vt 0.848222 0.992425
vt 0.857313 0.986587
vt 0.857316 0.987184
vt 0.842693 0.987077
vt 0.151480 0.991108
vt 0.151414 0.991729
vt 0.151288 0.991715
vt 0.151245 0.991082
vt 0.151117 0.991077
vt 0.151170 0.991730
vt 0.151235 0.990107
vt 0.151041 0.990107
vt 0.775936 0.997238
vt 0.775238 0.997429
vt 0.775164 0.997286
vt 0.775907 0.997176
vt 0.774126 0.997692
vt 0.774028 0.997440
vt 0.772931 0.997368
vt 0.773022 0.997721
vt 0.151506 0.990123
vt 0.151665 0.990146
vt 0.151612 0.991127
vt 0.772987 0.997863
vt 0.774064 0.997924
vt 0.771900 0.997633
vt 0.771854 0.997756
vt 0.773962 0.998333
vt 0.773037 0.998254
vt 0.808685 0.997189
vt 0.808951 0.997140
vt 0.808715 0.998320
vt 0.808549 0.998338
vt 0.808659 0.996007
vt 0.808531 0.996136
vt 0.771839 0.997357
vt 0.771795 0.997217
vt 0.772913 0.997196
vt 0.809115 0.996249
vt 0.809067 0.995978
vt 0.809733 0.996810
vt 0.809580 0.996909
vt 0.809210 0.997091
vt 0.808860 0.996026
vt 0.144038 0.995237
vt 0.143355 0.995175
vt 0.143364 0.995039
vt 0.144049 0.995123
vt 0.808492 0.995249
vt 0.808583 0.995237
vt 0.144044 0.995381
vt 0.143395 0.995394
vt 0.773954 0.997278
vt 0.151529 0.991745
vt 0.776038 0.997149
vt 0.776025 0.997237
vt 0.857112 0.998246
vt 0.857102 0.998648
vt 0.856878 0.998666
vt 0.856866 0.998262
vt 0.148323 0.990702
vt 0.148533 0.990739
vt 0.148619 0.991097
vt 0.148470 0.991185
vt 0.148590 0.990214
vt 0.148408 0.990172
vt 0.857256 0.998243
vt 0.857181 0.998753
vt 0.148306 0.990171
vt 0.148222 0.990670
vt 0.141018 0.997833
vt 0.140690 0.997879
vt 0.140699 0.997774
vt 0.141017 0.997794
vt 0.147966 0.990596
vt 0.148134 0.990162
vt 0.141103 0.997703
vt 0.140690 0.997603
vt 0.859464 0.998149
vt 0.859791 0.998166
vt 0.859768 0.998289
vt 0.859431 0.998343
vt 0.803656 0.987285
vt 0.802321 0.987247
vt 0.800195 0.987116
vt 0.803174 0.987125
vt 0.801337 0.990784
vt 0.799950 0.990811
vt 0.799905 0.990676
vt 0.800874 0.990681
vt 0.801404 0.990585
vt 0.800085 0.990536
vt 0.802256 0.986995
vt 0.803541 0.987005
vt 0.803747 0.987090
vt 0.803527 0.990682
vt 0.641763 0.991402
vt 0.641781 0.991597
vt 0.640555 0.991538
vt 0.640556 0.991392
vt 0.642963 0.991671
vt 0.642972 0.991430
vt 0.640564 0.991233
vt 0.641787 0.991174
vt 0.642967 0.991189
vt 0.644176 0.991426
vt 0.644171 0.991181
vt 0.642082 0.990967
vt 0.642959 0.990920
vt 0.644168 0.990909
vt 0.645366 0.991223
vt 0.645368 0.990980
vt 0.642959 0.990708
vt 0.644139 0.990667
vt 0.830849 0.988424
vt 0.830669 0.988397
vt 0.830490 0.987108
vt 0.830651 0.987070
vt 0.830410 0.989324
vt 0.830409 0.989657
vt 0.645381 0.991442
vt 0.645382 0.991690
vt 0.644172 0.991677
vt 0.830560 0.989728
vt 0.831164 0.988563
vt 0.830704 0.989733
vt 0.831418 0.988711
vt 0.831047 0.989579
vt 0.831684 0.988892
vt 0.641763 0.990787
vt 0.640549 0.991014
vt 0.854539 0.987055
vt 0.854318 0.987114
vt 0.854312 0.986445
vt 0.854708 0.986866
vt 0.442120 0.992191
vt 0.441616 0.991778
vt 0.441699 0.991434
vt 0.442471 0.991708
vt 0.442608 0.991116
vt 0.441453 0.991110
vt 0.441188 0.991834
vt 0.447865 0.994336
vt 0.446836 0.993868
vt 0.447124 0.992364
vt 0.448009 0.993118
vt 0.445868 0.993372
vt 0.446001 0.992172
vt 0.446321 0.991055
vt 0.447420 0.991134
vt 0.448359 0.991216
vt 0.448344 0.991777
vt 0.448459 0.992278
vt 0.527882 0.993306
vt 0.527653 0.993181
vt 0.527782 0.992962
vt 0.528090 0.992857
vt 0.441707 0.990814
vt 0.442196 0.990620
vt 0.526945 0.993333
vt 0.526962 0.993020
vt 0.441699 0.992508
vt 0.449723 0.992033
vt 0.449375 0.991692
vt 0.449856 0.991397
vt 0.450161 0.991397
vt 0.449234 0.991348
vt 0.449702 0.991128
vt 0.527161 0.993632
vt 0.448891 0.994649
vt 0.448013 0.996078
vt 0.447576 0.995435
vt 0.446421 0.995148
vt 0.446040 0.996281
vt 0.522006 0.994731
vt 0.522208 0.996089
vt 0.520798 0.996365
vt 0.520817 0.994972
vt 0.520783 0.992825
vt 0.521146 0.992345
vt 0.522038 0.993194
vt 0.521000 0.993528
vt 0.523077 0.994411
vt 0.523204 0.993209
vt 0.524187 0.993170
vt 0.524158 0.994115
vt 0.524445 0.995004
vt 0.523416 0.995576
vt 0.444499 0.993949
vt 0.445405 0.994516
vt 0.444782 0.995590
vt 0.443861 0.994765
vt 0.445021 0.992962
vt 0.443661 0.993306
vt 0.444122 0.992586
vt 0.444379 0.991716
vt 0.445222 0.991974
vt 0.444488 0.990945
vt 0.445379 0.991009
vt 0.443523 0.991348
vt 0.443674 0.990861
vt 0.526024 0.993447
vt 0.525150 0.993790
vt 0.525027 0.993029
vt 0.526087 0.992893
vt 0.526303 0.994078
vt 0.525429 0.994506
vt 0.442857 0.992749
vt 0.443090 0.993916
vt 0.442372 0.993247
vt 0.443287 0.992061
vt 0.527173 0.992771
vt 0.526439 0.992363
vt 0.448996 0.992425
vt 0.448752 0.993162
vt 0.520070 0.992008
vt 0.519813 0.992443
vt 0.449342 0.990825
vt 0.519346 0.991723
vt 0.519721 0.991545
vt 0.450026 0.990752
vt 0.289737 0.997849
vt 0.289698 0.996274
vt 0.290786 0.996916
vt 0.291119 0.997290
vt 0.783487 0.992474
vt 0.782992 0.991843
vt 0.783350 0.991674
vt 0.783888 0.992077
vt 0.279294 0.998551
vt 0.278574 0.998086
vt 0.278952 0.997622
vt 0.279760 0.997698
vt 0.279818 0.997107
vt 0.278860 0.997342
vt 0.278921 0.996718
vt 0.278650 0.997074
vt 0.784862 0.992421
vt 0.784183 0.993315
vt 0.819118 0.988208
vt 0.819176 0.986967
vt 0.820053 0.986957
vt 0.820180 0.988244
vt 0.821465 0.988261
vt 0.821130 0.986925
vt 0.290266 0.994825
vt 0.291929 0.995450
vt 0.288254 0.996185
vt 0.288358 0.994821
vt 0.820306 0.989879
vt 0.821597 0.989856
vt 0.286524 0.994921
vt 0.286487 0.993626
vt 0.288208 0.993479
vt 0.286529 0.997575
vt 0.288411 0.997587
vt 0.288185 0.998836
vt 0.286444 0.998964
vt 0.819071 0.989845
vt 0.286515 0.996261
vt 0.284692 0.997629
vt 0.284677 0.996305
vt 0.284656 0.994996
vt 0.282958 0.996413
vt 0.282853 0.995093
vt 0.282997 0.993753
vt 0.284681 0.993757
vt 0.283004 0.997702
vt 0.284624 0.998974
vt 0.282924 0.998964
vt 0.281486 0.998920
vt 0.281316 0.997798
vt 0.281407 0.996855
vt 0.785314 0.994202
vt 0.784503 0.995226
vt 0.783797 0.994326
vt 0.281347 0.995060
vt 0.786081 0.993050
vt 0.281556 0.993730
vt 0.785723 0.991760
vt 0.786775 0.991967
vt 0.291907 0.996715
vt 0.836550 0.777973
vt 0.848695 0.777724
vt 0.848807 0.789360
vt 0.836869 0.789805
vt 0.776393 0.458326
vt 0.775489 0.461334
vt 0.761879 0.457822
vt 0.764781 0.455535
vt 0.763812 0.444685
vt 0.761073 0.445118
vt 0.776531 0.445864
vt 0.824722 0.447556
vt 0.836946 0.448093
vt 0.835765 0.460006
vt 0.824007 0.460987
vt 0.824311 0.464773
vt 0.838301 0.461986
vt 0.839701 0.448178
vt 0.787868 0.779606
vt 0.788289 0.791471
vt 0.776135 0.791871
vt 0.775798 0.780037
vt 0.834284 0.681649
vt 0.833999 0.669617
vt 0.846468 0.669507
vt 0.846842 0.681378
vt 0.849440 0.681294
vt 0.848887 0.667021
vt 0.833944 0.666993
vt 0.778857 0.349838
vt 0.766299 0.349480
vt 0.766797 0.337327
vt 0.779327 0.337869
vt 0.828924 0.351883
vt 0.829453 0.339911
vt 0.841850 0.340557
vt 0.841410 0.352506
vt 0.784306 0.671295
vt 0.772821 0.673254
vt 0.770047 0.671060
vt 0.784006 0.668615
vt 0.772245 0.684146
vt 0.769651 0.683870
vt 0.784779 0.683527
vt 0.797378 0.694994
vt 0.785063 0.695398
vt 0.797068 0.682944
vt 0.772740 0.695691
vt 0.796519 0.670856
vt 0.809331 0.682501
vt 0.808900 0.670382
vt 0.796371 0.668133
vt 0.808882 0.667656
vt 0.816481 0.351326
vt 0.803949 0.350770
vt 0.804446 0.338817
vt 0.817047 0.339400
vt 0.791415 0.350265
vt 0.791904 0.338330
vt 0.821404 0.670020
vt 0.821362 0.667310
vt 0.821775 0.682086
vt 0.834605 0.693748
vt 0.822152 0.694169
vt 0.809713 0.694581
vt 0.822479 0.706245
vt 0.810043 0.706633
vt 0.797632 0.707000
vt 0.810343 0.718674
vt 0.797906 0.719032
vt 0.785488 0.719381
vt 0.785249 0.707331
vt 0.773614 0.719703
vt 0.773222 0.707712
vt 0.771161 0.719867
vt 0.770654 0.707838
vt 0.770192 0.695821
vt 0.827864 0.375732
vt 0.828381 0.363818
vt 0.840809 0.364402
vt 0.840261 0.376318
vt 0.815457 0.375125
vt 0.815945 0.363234
vt 0.802947 0.374599
vt 0.803422 0.362686
vt 0.790495 0.374166
vt 0.790915 0.362208
vt 0.778108 0.373827
vt 0.778441 0.361813
vt 0.765723 0.373560
vt 0.765984 0.361521
vt 0.847279 0.705526
vt 0.847064 0.693410
vt 0.849786 0.693389
vt 0.849891 0.705519
vt 0.834901 0.705853
vt 0.847449 0.717644
vt 0.835166 0.717968
vt 0.822771 0.718323
vt 0.835412 0.730044
vt 0.823045 0.730376
vt 0.810670 0.730711
vt 0.823344 0.742414
vt 0.811030 0.742753
vt 0.798746 0.743096
vt 0.798268 0.731061
vt 0.786576 0.743443
vt 0.785965 0.731420
vt 0.774621 0.743833
vt 0.774182 0.731816
vt 0.838416 0.412114
vt 0.839108 0.400145
vt 0.841298 0.401011
vt 0.841100 0.412182
vt 0.771847 0.731217
vt 0.826246 0.411510
vt 0.826762 0.399573
vt 0.827308 0.387679
vt 0.839636 0.388272
vt 0.814412 0.398957
vt 0.814930 0.387035
vt 0.802098 0.398434
vt 0.802510 0.386496
vt 0.789760 0.398071
vt 0.790106 0.386115
vt 0.777420 0.397786
vt 0.777734 0.385819
vt 0.765092 0.397507
vt 0.765377 0.385538
vt 0.847761 0.729783
vt 0.849982 0.717584
vt 0.850104 0.729161
vt 0.764865 0.409455
vt 0.762291 0.409391
vt 0.762839 0.398137
vt 0.835656 0.742079
vt 0.847986 0.741810
vt 0.848158 0.753792
vt 0.835920 0.754094
vt 0.823668 0.754446
vt 0.836226 0.766086
vt 0.824015 0.766441
vt 0.811798 0.766824
vt 0.811419 0.754806
vt 0.799613 0.767197
vt 0.799208 0.755150
vt 0.787525 0.767556
vt 0.787096 0.755493
vt 0.775509 0.767917
vt 0.775069 0.755869
vt 0.837428 0.435984
vt 0.837955 0.424032
vt 0.840597 0.424149
vt 0.840172 0.436086
vt 0.825262 0.435497
vt 0.825751 0.423481
vt 0.813040 0.434970
vt 0.813506 0.422947
vt 0.813954 0.410932
vt 0.801285 0.422449
vt 0.801696 0.410432
vt 0.789042 0.422010
vt 0.789425 0.410049
vt 0.776733 0.421652
vt 0.777105 0.409730
vt 0.764456 0.421298
vt 0.776384 0.433567
vt 0.764163 0.433293
vt 0.761459 0.433174
vt 0.761850 0.421267
vt 0.848405 0.765779
vt 0.788047 0.446001
vt 0.788623 0.433976
vt 0.799849 0.458723
vt 0.787451 0.459584
vt 0.800314 0.446544
vt 0.800839 0.434458
vt 0.812525 0.447050
vt 0.812091 0.459300
vt 0.811877 0.462024
vt 0.799736 0.461516
vt 0.800009 0.779168
vt 0.812179 0.778756
vt 0.812582 0.790669
vt 0.800427 0.791074
vt 0.824361 0.778360
vt 0.824750 0.790254
vt 0.786523 0.462855
vt 0.155159 0.966312
vt 0.156023 0.966583
vt 0.156143 0.968797
vt 0.155390 0.967943
vt 0.169501 0.964560
vt 0.161049 0.968690
vt 0.159244 0.965722
vt 0.166731 0.962076
vt 0.155346 0.971697
vt 0.155458 0.976172
vt 0.153737 0.972909
vt 0.153050 0.972915
vt 0.851308 0.775233
vt 0.852120 0.771927
vt 0.853771 0.778094
vt 0.851727 0.777480
vt 0.970802 0.563911
vt 0.975596 0.563268
vt 0.974466 0.569355
vt 0.971369 0.570772
vt 0.951565 0.255140
vt 0.952375 0.262134
vt 0.949659 0.262297
vt 0.948210 0.254024
vt 0.906296 0.711614
vt 0.907874 0.705538
vt 0.912345 0.706639
vt 0.909730 0.711822
vt 0.211803 0.048456
vt 0.216913 0.049041
vt 0.216703 0.053162
vt 0.213763 0.053473
vt 0.153843 0.969141
vt 0.153504 0.966950
vt 0.866780 0.787174
vt 0.860150 0.789395
vt 0.852791 0.784108
vt 0.861943 0.783285
vt 0.861068 0.779459
vt 0.853666 0.767035
vt 0.857118 0.768892
vt 0.863319 0.771041
vt 0.157988 0.973494
vt 0.812930 0.965221
vt 0.807697 0.958828
vt 0.811525 0.959198
vt 0.815201 0.961354
vt 0.874769 0.776582
vt 0.877332 0.778974
vt 0.873827 0.782192
vt 0.872700 0.780743
vt 0.868429 0.783970
vt 0.871044 0.781733
vt 0.870055 0.784862
vt 0.876655 0.784532
vt 0.810191 0.955966
vt 0.815347 0.959198
vt 0.696546 0.036268
vt 0.693080 0.040074
vt 0.683138 0.033977
vt 0.689914 0.031339
vt 0.782723 0.950410
vt 0.781321 0.943803
vt 0.785247 0.942048
vt 0.786921 0.950690
vt 0.770075 0.661320
vt 0.767155 0.660477
vt 0.768882 0.653294
vt 0.772406 0.655723
vt 0.678584 0.039542
vt 0.676232 0.036712
vt 0.683732 0.040061
vt 0.685717 0.028120
vt 0.681039 0.031337
vt 0.675774 0.034651
vt 0.831398 0.961685
vt 0.834079 0.961769
vt 0.836707 0.962914
vt 0.833935 0.963018
vt 0.701112 0.014339
vt 0.696328 0.018796
vt 0.698729 0.013201
vt 0.700661 0.012326
vt 0.692991 0.017818
vt 0.696475 0.012958
vt 0.834041 0.958000
vt 0.836680 0.959230
vt 0.836026 0.959973
vt 0.830447 0.957016
vt 0.833076 0.949508
vt 0.837224 0.950414
vt 0.972180 0.068499
vt 0.973251 0.071629
vt 0.971473 0.073606
vt 0.969166 0.070343
vt 0.733271 0.745074
vt 0.722676 0.746643
vt 0.730326 0.741486
vt 0.734688 0.741896
vt 0.729980 0.740620
vt 0.736930 0.738251
vt 0.749280 0.751983
vt 0.745637 0.742068
vt 0.748346 0.742081
vt 0.751792 0.751170
vt 0.743732 0.740523
vt 0.749052 0.736697
vt 0.737071 0.745704
vt 0.741125 0.735507
vt 0.659333 0.032448
vt 0.662077 0.036183
vt 0.657408 0.039003
vt 0.654887 0.035688
vt 0.662182 0.038315
vt 0.656913 0.039396
vt 0.650216 0.041893
vt 0.660042 0.039860
vt 0.657898 0.043608
vt 0.647843 0.045206
vt 0.959643 0.349395
vt 0.965836 0.347254
vt 0.967651 0.354227
vt 0.962742 0.353984
vt 0.973930 0.139151
vt 0.968731 0.134370
vt 0.977594 0.128195
vt 0.979733 0.135466
vt 0.970297 0.128816
vt 0.974125 0.126592
vt 0.964360 0.130795
vt 0.969035 0.125386
vt 0.967779 0.130819
vt 0.975559 0.123199
vt 0.960868 0.125077
vt 0.965949 0.119287
vt 0.972776 0.115730
vt 0.947349 0.346088
vt 0.953919 0.343605
vt 0.956577 0.350961
vt 0.949258 0.354132
vt 0.956805 0.341467
vt 0.961667 0.355979
vt 0.950359 0.332715
vt 0.954464 0.330957
vt 0.960889 0.327929
vt 0.963598 0.338796
vt 0.967069 0.324683
vt 0.970213 0.335759
vt 0.972509 0.344234
vt 0.931847 0.340234
vt 0.934942 0.350531
vt 0.930046 0.352002
vt 0.928469 0.341118
vt 0.938036 0.357999
vt 0.932049 0.360943
vt 0.940298 0.348835
vt 0.942374 0.357060
vt 0.941809 0.364280
vt 0.939297 0.363195
vt 0.938434 0.366442
vt 0.937753 0.337919
vt 0.944544 0.335311
vt 0.934408 0.325129
vt 0.940940 0.322404
vt 0.945252 0.320683
vt 0.938601 0.311580
vt 0.942316 0.311333
vt 0.948073 0.307654
vt 0.950753 0.318251
vt 0.953891 0.304615
vt 0.957055 0.315237
vt 0.958851 0.301641
vt 0.962525 0.312378
vt 0.925808 0.317062
vt 0.928159 0.327685
vt 0.925075 0.328738
vt 0.921579 0.317981
vt 0.931917 0.314581
vt 0.925150 0.307963
vt 0.930856 0.307275
vt 0.937933 0.304264
vt 0.930728 0.301154
vt 0.935065 0.300404
vt 0.935828 0.296797
vt 0.941438 0.301464
vt 0.936522 0.291405
vt 0.945668 0.297210
vt 0.947846 0.286738
vt 0.951015 0.295313
vt 0.753162 0.642229
vt 0.753433 0.635846
vt 0.754471 0.635586
vt 0.754846 0.645492
vt 0.954360 0.293453
vt 0.925367 0.299306
vt 0.920144 0.308459
vt 0.921257 0.296964
vt 0.928395 0.292803
vt 0.930795 0.296791
vt 0.757531 0.665080
vt 0.752260 0.662548
vt 0.753969 0.652383
vt 0.759617 0.656467
vt 0.747615 0.661429
vt 0.750773 0.650046
vt 0.761140 0.649596
vt 0.764560 0.658614
vt 0.764910 0.651772
vt 0.668484 0.037646
vt 0.668502 0.039995
vt 0.668353 0.036423
vt 0.674966 0.033611
vt 0.667234 0.033764
vt 0.672645 0.032211
vt 0.664306 0.030260
vt 0.668041 0.027481
vt 0.740324 0.659994
vt 0.731300 0.660056
vt 0.731815 0.650622
vt 0.741225 0.651048
vt 0.721939 0.661288
vt 0.721950 0.651702
vt 0.730045 0.670936
vt 0.721967 0.672255
vt 0.763092 0.680047
vt 0.764387 0.669348
vt 0.766458 0.669853
vt 0.765839 0.680602
vt 0.759228 0.678398
vt 0.761845 0.667618
vt 0.755339 0.675910
vt 0.756984 0.690186
vt 0.753056 0.688927
vt 0.747622 0.685344
vt 0.749795 0.672462
vt 0.742896 0.684972
vt 0.745188 0.671742
vt 0.735688 0.682943
vt 0.737856 0.670508
vt 0.727511 0.684389
vt 0.732953 0.697298
vt 0.726305 0.698372
vt 0.720667 0.701349
vt 0.720535 0.685779
vt 0.757011 0.706123
vt 0.760427 0.692175
vt 0.762844 0.693316
vt 0.759148 0.707555
vt 0.753689 0.704822
vt 0.753487 0.718177
vt 0.750121 0.716810
vt 0.746254 0.713795
vt 0.749313 0.702571
vt 0.740004 0.709848
vt 0.743320 0.699124
vt 0.735976 0.709035
vt 0.739417 0.697642
vt 0.729592 0.708270
vt 0.733459 0.717490
vt 0.727742 0.718732
vt 0.722367 0.722707
vt 0.723576 0.712127
vt 0.717227 0.729012
vt 0.719262 0.716207
vt 0.749694 0.728853
vt 0.755853 0.719263
vt 0.752468 0.729042
vt 0.746894 0.726413
vt 0.738815 0.730161
vt 0.742231 0.722823
vt 0.734682 0.725425
vt 0.736918 0.718908
vt 0.730253 0.724990
vt 0.732865 0.734012
vt 0.730901 0.729864
vt 0.730399 0.734628
vt 0.728558 0.730224
vt 0.723319 0.732362
vt 0.726589 0.724949
vt 0.721132 0.735589
vt 0.679796 0.029686
vt 0.728955 0.750791
vt 0.732494 0.751001
vt 0.739985 0.751427
vt 0.731121 0.755653
vt 0.736596 0.756642
vt 0.745282 0.756038
vt 0.741475 0.760662
vt 0.733286 0.761221
vt 0.736410 0.764285
vt 0.750311 0.762771
vt 0.745264 0.766652
vt 0.739114 0.769911
vt 0.731767 0.765344
vt 0.731424 0.770119
vt 0.749218 0.774491
vt 0.741345 0.776855
vt 0.732860 0.776392
vt 0.728307 0.767997
vt 0.729092 0.774490
vt 0.746083 0.786377
vt 0.737406 0.784952
vt 0.728275 0.781779
vt 0.725421 0.769743
vt 0.725499 0.777942
vt 0.765785 0.975581
vt 0.768472 0.976668
vt 0.764901 0.987809
vt 0.762931 0.986351
vt 0.722290 0.789018
vt 0.723884 0.795340
vt 0.722933 0.775332
vt 0.719998 0.786533
vt 0.768136 0.966377
vt 0.773232 0.966794
vt 0.773630 0.976937
vt 0.778459 0.967560
vt 0.777793 0.977385
vt 0.766449 0.786879
vt 0.770471 0.787381
vt 0.776927 0.801341
vt 0.771197 0.800098
vt 0.773125 0.958493
vt 0.778998 0.959208
vt 0.774972 0.810692
vt 0.778577 0.812172
vt 0.769176 0.800870
vt 0.772561 0.810959
vt 0.777091 0.951506
vt 0.785131 0.956771
vt 0.788767 0.955394
vt 0.771701 0.951082
vt 0.770581 0.944471
vt 0.775982 0.944612
vt 0.688577 0.022378
vt 0.685483 0.019117
vt 0.689849 0.015221
vt 0.684165 0.026544
vt 0.681188 0.023153
vt 0.690676 0.023945
vt 0.700442 0.023295
vt 0.694988 0.027682
vt 0.705803 0.027574
vt 0.700888 0.032053
vt 0.712121 0.032286
vt 0.707543 0.036734
vt 0.703956 0.040955
vt 0.761970 0.799322
vt 0.765221 0.798567
vt 0.769688 0.810738
vt 0.766480 0.810832
vt 0.701816 0.044883
vt 0.754281 0.784861
vt 0.759134 0.784716
vt 0.763938 0.785346
vt 0.755792 0.772347
vt 0.760437 0.772736
vt 0.763089 0.773041
vt 0.754149 0.761848
vt 0.756573 0.762262
vt 0.762188 0.763851
vt 0.768560 0.772071
vt 0.757321 0.754736
vt 0.724423 0.761829
vt 0.721312 0.763900
vt 0.719473 0.754072
vt 0.728039 0.757146
vt 0.728472 0.762394
vt 0.731390 0.760075
vt 0.731515 0.762610
vt 0.757369 0.800351
vt 0.735231 0.040393
vt 0.733097 0.042569
vt 0.720765 0.038157
vt 0.724706 0.035665
vt 0.717331 0.040787
vt 0.716298 0.029340
vt 0.764289 0.965165
vt 0.710325 0.024028
vt 0.767534 0.958029
vt 0.763464 0.957429
vt 0.762636 0.950470
vt 0.766499 0.950722
vt 0.704348 0.012070
vt 0.708397 0.015990
vt 0.705210 0.018963
vt 0.765733 0.943911
vt 0.693776 0.011460
vt 0.976456 0.068114
vt 0.976408 0.073263
vt 0.981574 0.068132
vt 0.981806 0.073428
vt 0.285864 0.972359
vt 0.291196 0.974226
vt 0.289875 0.979794
vt 0.284279 0.978350
vt 0.297478 0.976563
vt 0.297103 0.982757
vt 0.283006 0.982697
vt 0.288897 0.983181
vt 0.987223 0.068202
vt 0.987098 0.072671
vt 0.274104 0.976724
vt 0.278889 0.978609
vt 0.277865 0.983689
vt 0.279681 0.975813
vt 0.981114 0.062161
vt 0.986606 0.062164
vt 0.992577 0.062122
vt 0.993369 0.067499
vt 0.985824 0.055632
vt 0.991661 0.055655
vt 0.281072 0.964787
vt 0.280174 0.970497
vt 0.275652 0.970710
vt 0.277728 0.963588
vt 0.287297 0.966708
vt 0.282458 0.957729
vt 0.288510 0.959492
vt 0.294245 0.961449
vt 0.292794 0.968716
vt 0.300513 0.963493
vt 0.298647 0.971317
vt 0.303892 0.965389
vt 0.302036 0.971897
vt 0.300452 0.977821
vt 0.975159 0.055632
vt 0.975967 0.062212
vt 0.971548 0.061879
vt 0.970639 0.055576
vt 0.980332 0.055634
vt 0.309424 0.958467
vt 0.314553 0.956923
vt 0.313270 0.963007
vt 0.308333 0.964271
vt 0.318150 0.958685
vt 0.318424 0.964162
vt 0.149586 0.945360
vt 0.144091 0.944683
vt 0.141307 0.936988
vt 0.146764 0.937084
vt 0.279973 0.946369
vt 0.278875 0.956473
vt 0.273227 0.954108
vt 0.274174 0.944227
vt 0.272993 0.960284
vt 0.283565 0.948367
vt 0.185295 0.946592
vt 0.181572 0.946331
vt 0.178720 0.935552
vt 0.182547 0.935960
vt 0.175511 0.946730
vt 0.172666 0.936133
vt 0.289743 0.950339
vt 0.169716 0.946862
vt 0.166916 0.936416
vt 0.295449 0.952524
vt 0.163325 0.947148
vt 0.160474 0.936684
vt 0.301580 0.955233
vt 0.159520 0.946811
vt 0.156979 0.937304
vt 0.305071 0.956240
vt 0.154849 0.946092
vt 0.152061 0.937134
vt 0.829996 0.929668
vt 0.823342 0.930098
vt 0.820510 0.918336
vt 0.826502 0.918445
vt 0.816189 0.930940
vt 0.815544 0.917920
vt 0.826135 0.939916
vt 0.819350 0.940630
vt 0.811318 0.942693
vt 0.809959 0.931527
vt 0.188449 0.935443
vt 0.193990 0.935077
vt 0.196595 0.944462
vt 0.191314 0.945937
vt 0.187808 0.955982
vt 0.193762 0.955230
vt 0.815098 0.949205
vt 0.805898 0.951563
vt 0.798763 0.945886
vt 0.802489 0.954222
vt 0.793772 0.951408
vt 0.184264 0.955957
vt 0.804800 0.962458
vt 0.799868 0.962121
vt 0.178485 0.956354
vt 0.811970 0.970400
vt 0.809231 0.972269
vt 0.172787 0.956568
vt 0.817726 0.976240
vt 0.813870 0.980637
vt 0.166970 0.956890
vt 0.831664 0.939610
vt 0.835224 0.929979
vt 0.836012 0.939934
vt 0.163083 0.956918
vt 0.828814 0.948526
vt 0.825523 0.956708
vt 0.822702 0.948565
vt 0.819364 0.954860
vt 0.827538 0.961655
vt 0.820839 0.961985
vt 0.832412 0.965407
vt 0.820700 0.965390
vt 0.826823 0.973309
vt 0.816699 0.970785
vt 0.696754 0.008773
vt 0.697464 0.008254
vt 0.837715 0.966543
vt 0.677994 0.026515
vt 0.881493 0.775741
vt 0.882474 0.778603
vt 0.881388 0.783573
vt 0.874396 0.787540
vt 0.876963 0.788588
vt 0.874048 0.788877
vt 0.886025 0.774355
vt 0.885920 0.778223
vt 0.883518 0.784396
vt 0.856105 0.759185
vt 0.859721 0.761253
vt 0.891373 0.773451
vt 0.889683 0.780027
vt 0.862217 0.753793
vt 0.858766 0.750756
vt 0.865831 0.764331
vt 0.868810 0.757031
vt 0.862837 0.741104
vt 0.865861 0.744677
vt 0.872011 0.748668
vt 0.875448 0.760941
vt 0.878646 0.753034
vt 0.871828 0.731449
vt 0.877277 0.735743
vt 0.882845 0.740301
vt 0.886481 0.757699
vt 0.890134 0.745630
vt 0.882603 0.723976
vt 0.888466 0.728037
vt 0.896012 0.733086
vt 0.893891 0.749478
vt 0.899835 0.736210
vt 0.892566 0.719534
vt 0.900176 0.724115
vt 0.904102 0.726332
vt 0.209927 0.025923
vt 0.215993 0.027331
vt 0.216252 0.036210
vt 0.210231 0.035075
vt 0.903219 0.717227
vt 0.906974 0.719822
vt 0.210938 0.042111
vt 0.216710 0.042105
vt 0.204392 0.034003
vt 0.204836 0.041137
vt 0.205521 0.047456
vt 0.198377 0.039769
vt 0.198451 0.045963
vt 0.207090 0.053786
vt 0.199903 0.052936
vt 0.897761 0.705656
vt 0.891334 0.702008
vt 0.894006 0.698578
vt 0.900687 0.700007
vt 0.895528 0.711720
vt 0.889053 0.708272
vt 0.883384 0.705469
vt 0.887439 0.700696
vt 0.886213 0.715721
vt 0.880079 0.711750
vt 0.194981 0.044787
vt 0.194868 0.038896
vt 0.876298 0.719792
vt 0.198336 0.032496
vt 0.194316 0.032905
vt 0.867996 0.727910
vt 0.872672 0.718288
vt 0.204367 0.024418
vt 0.198199 0.023981
vt 0.857594 0.736991
vt 0.862415 0.726509
vt 0.210573 0.014674
vt 0.206022 0.013688
vt 0.854312 0.746639
vt 0.850235 0.743118
vt 0.852632 0.736261
vt 0.217549 0.005227
vt 0.216576 0.015542
vt 0.213002 0.005306
vt 0.885332 0.770516
vt 0.893679 0.758955
vt 0.890655 0.768871
vt 0.882261 0.766162
vt 0.878083 0.771592
vt 0.872214 0.767477
vt 0.869880 0.773516
vt 0.867865 0.779106
vt 0.162730 0.982424
vt 0.158318 0.978634
vt 0.162685 0.975953
vt 0.165682 0.972569
vt 0.172834 0.970139
vt 0.175992 0.975466
vt 0.169583 0.977119
vt 0.166182 0.979060
vt 0.181025 0.969592
vt 0.182468 0.976902
vt 0.181916 0.984498
vt 0.176392 0.984680
vt 0.172305 0.981400
vt 0.177188 0.989976
vt 0.170019 0.988657
vt 0.168881 0.984079
vt 0.165765 0.994967
vt 0.162438 0.988092
vt 0.158124 0.995652
vt 0.158275 0.986001
vt 0.153895 0.994554
vt 0.154883 0.983846
vt 0.956382 0.218014
vt 0.951031 0.218647
vt 0.950859 0.208903
vt 0.955833 0.207973
vt 0.927796 0.572468
vt 0.916680 0.569492
vt 0.918253 0.567346
vt 0.926378 0.568320
vt 0.177231 0.958765
vt 0.178004 0.962255
vt 0.190974 0.970101
vt 0.189247 0.962355
vt 0.940592 0.566907
vt 0.942630 0.572984
vt 0.930052 0.577894
vt 0.944917 0.578718
vt 0.931794 0.584413
vt 0.190530 0.978578
vt 0.947548 0.585116
vt 0.933735 0.591068
vt 0.188266 0.988066
vt 0.949562 0.588849
vt 0.936215 0.595142
vt 0.184242 0.994136
vt 0.962600 0.232395
vt 0.962074 0.217251
vt 0.968356 0.217508
vt 0.969318 0.232514
vt 0.175205 0.998856
vt 0.956705 0.232441
vt 0.960913 0.207536
vt 0.962849 0.245541
vt 0.956716 0.245106
vt 0.951171 0.245071
vt 0.951177 0.232339
vt 0.952288 0.562678
vt 0.939541 0.563845
vt 0.951005 0.560607
vt 0.948531 0.246560
vt 0.963569 0.565933
vt 0.954688 0.568765
vt 0.961191 0.559237
vt 0.965312 0.572001
vt 0.957357 0.574364
vt 0.967185 0.577643
vt 0.960366 0.580286
vt 0.969436 0.252531
vt 0.970021 0.246604
vt 0.974538 0.248607
vt 0.974149 0.253366
vt 0.961545 0.584479
vt 0.962760 0.253508
vt 0.969164 0.258709
vt 0.962429 0.260868
vt 0.956349 0.261987
vt 0.956753 0.254050
vt 0.967632 0.263502
vt 0.961829 0.266100
vt 0.954625 0.266940
vt 0.974124 0.258128
vt 0.971939 0.575807
vt 0.968924 0.554775
vt 0.195681 0.050457
vt 0.974332 0.556550
vt 0.976482 0.573613
vt 0.978763 0.124019
vt 0.889006 0.695719
vt 0.900652 0.696328
vt 0.910186 0.701167
vt 0.293528 0.984619
vt 0.752145 0.640964
vt 0.752499 0.640971
vt 0.921701 0.295573
vt 0.462437 0.559113
vt 0.469185 0.561288
vt 0.465241 0.562886
vt 0.464494 0.563901
vt 0.693457 0.306296
vt 0.685715 0.302266
vt 0.682982 0.299540
vt 0.688181 0.300656
vt 0.963090 0.701265
vt 0.963776 0.707138
vt 0.955532 0.707985
vt 0.956692 0.702953
vt 0.460449 0.945635
vt 0.474608 0.939240
vt 0.476651 0.947199
vt 0.459478 0.950372
vt 0.828919 0.031835
vt 0.836698 0.026262
vt 0.841694 0.031842
vt 0.828350 0.035723
vt 0.458886 0.954611
vt 0.478786 0.954064
vt 0.548884 0.924696
vt 0.543304 0.926888
vt 0.540088 0.916787
vt 0.543158 0.916440
vt 0.533591 0.916867
vt 0.539051 0.908406
vt 0.547227 0.912068
vt 0.555384 0.921104
vt 0.569535 0.907897
vt 0.562252 0.916118
vt 0.552368 0.903465
vt 0.558012 0.894681
vt 0.339983 0.570167
vt 0.341345 0.561313
vt 0.344826 0.563279
vt 0.349593 0.569701
vt 0.357561 0.565340
vt 0.349291 0.558407
vt 0.343394 0.555481
vt 0.459670 0.567483
vt 0.454858 0.550760
vt 0.471118 0.560739
vt 0.466626 0.552254
vt 0.497774 0.538478
vt 0.496146 0.512262
vt 0.507228 0.512581
vt 0.503414 0.538032
vt 0.505765 0.538286
vt 0.507455 0.528506
vt 0.459084 0.528845
vt 0.456763 0.537801
vt 0.456191 0.522213
vt 0.456470 0.507220
vt 0.508329 0.532349
vt 0.509100 0.540046
vt 0.458941 0.540008
vt 0.462173 0.540293
vt 0.518608 0.378888
vt 0.508400 0.391611
vt 0.500282 0.393797
vt 0.508130 0.382949
vt 0.483699 0.388283
vt 0.493282 0.406365
vt 0.504235 0.405165
vt 0.515216 0.388687
vt 0.529819 0.374162
vt 0.144491 0.071235
vt 0.137466 0.069112
vt 0.135593 0.060243
vt 0.152369 0.064092
vt 0.517379 0.395224
vt 0.485662 0.408210
vt 0.480291 0.388562
vt 0.143131 0.057663
vt 0.151375 0.054607
vt 0.176017 0.056767
vt 0.179344 0.064966
vt 0.199869 0.055804
vt 0.157764 0.073749
vt 0.513649 0.477707
vt 0.512769 0.456954
vt 0.517221 0.460229
vt 0.517917 0.470110
vt 0.525013 0.457983
vt 0.524923 0.465355
vt 0.522253 0.453933
vt 0.508733 0.431942
vt 0.516567 0.431378
vt 0.516611 0.449506
vt 0.757096 0.842646
vt 0.753263 0.832084
vt 0.778598 0.844724
vt 0.777885 0.847209
vt 0.510169 0.773554
vt 0.508480 0.766027
vt 0.512967 0.767282
vt 0.521041 0.768933
vt 0.734572 0.854012
vt 0.725048 0.839201
vt 0.759317 0.852364
vt 0.499401 0.765579
vt 0.489131 0.760198
vt 0.488729 0.758690
vt 0.483218 0.774565
vt 0.490351 0.775529
vt 0.494976 0.790702
vt 0.488255 0.788502
vt 0.495544 0.774417
vt 0.502921 0.789240
vt 0.476356 0.795109
vt 0.476143 0.788952
vt 0.488532 0.792057
vt 0.475522 0.780225
vt 0.712296 0.816997
vt 0.534938 0.450228
vt 0.538508 0.453518
vt 0.520372 0.450355
vt 0.512579 0.783490
vt 0.509482 0.788517
vt 0.503324 0.781469
vt 0.504021 0.777289
vt 0.526210 0.776144
vt 0.515306 0.781060
vt 0.526406 0.782425
vt 0.520887 0.798119
vt 0.524310 0.790638
vt 0.706620 0.841927
vt 0.693437 0.819976
vt 0.682031 0.803231
vt 0.687704 0.798541
vt 0.689247 0.786612
vt 0.720253 0.804948
vt 0.176298 0.096765
vt 0.172810 0.089244
vt 0.184856 0.093881
vt 0.183499 0.102665
vt 0.203492 0.093017
vt 0.202172 0.099117
vt 0.186521 0.086607
vt 0.317521 0.165571
vt 0.320664 0.160295
vt 0.333252 0.159843
vt 0.330050 0.164323
vt 0.322412 0.154853
vt 0.333859 0.153865
vt 0.493504 0.816349
vt 0.486286 0.816189
vt 0.484305 0.800820
vt 0.489156 0.797437
vt 0.967860 0.107453
vt 0.971802 0.095156
vt 0.974910 0.109794
vt 0.962052 0.117572
vt 0.129595 0.522607
vt 0.127542 0.517855
vt 0.134601 0.516077
vt 0.137265 0.521219
vt 0.865570 0.632597
vt 0.859673 0.640048
vt 0.856917 0.635387
vt 0.860995 0.629054
vt 0.867279 0.623313
vt 0.870638 0.631881
vt 0.872584 0.661971
vt 0.865283 0.660487
vt 0.871526 0.642911
vt 0.874980 0.641737
vt 0.885210 0.661434
vt 0.884988 0.643131
vt 0.882804 0.635263
vt 0.876996 0.634781
vt 0.876031 0.631164
vt 0.881138 0.632125
vt 0.873841 0.621190
vt 0.882875 0.624698
vt 0.889784 0.631608
vt 0.894024 0.659206
vt 0.891525 0.640255
vt 0.899734 0.632779
vt 0.901827 0.659029
vt 0.892640 0.622880
vt 0.525943 0.953206
vt 0.526061 0.959272
vt 0.503520 0.959486
vt 0.503437 0.953592
vt 0.386373 0.921545
vt 0.392882 0.935487
vt 0.387446 0.936258
vt 0.375190 0.925163
vt 0.863296 0.365701
vt 0.870751 0.369182
vt 0.873767 0.379653
vt 0.862671 0.375030
vt 0.863648 0.396476
vt 0.873829 0.396562
vt 0.876745 0.371265
vt 0.881357 0.375293
vt 0.869109 0.350994
vt 0.870796 0.360465
vt 0.862706 0.356935
vt 0.859710 0.352521
vt 0.858580 0.361131
vt 0.577478 0.123703
vt 0.571112 0.128332
vt 0.571235 0.121945
vt 0.572167 0.116018
vt 0.562373 0.130802
vt 0.563163 0.123247
vt 0.557900 0.111162
vt 0.569492 0.105642
vt 0.558905 0.118488
vt 0.855103 0.357020
vt 0.855766 0.352928
vt 0.563297 0.138999
vt 0.574240 0.134388
vt 0.573403 0.141151
vt 0.569875 0.142696
vt 0.581140 0.133986
vt 0.578569 0.143645
vt 0.857499 0.370761
vt 0.851876 0.366029
vt 0.541710 0.149412
vt 0.542405 0.142816
vt 0.556079 0.146483
vt 0.542334 0.136114
vt 0.854288 0.397312
vt 0.853103 0.381817
vt 0.842633 0.382542
vt 0.842988 0.373950
vt 0.851632 0.377000
vt 0.846925 0.369766
vt 0.094711 0.811230
vt 0.097537 0.831162
vt 0.091605 0.843512
vt 0.085275 0.830152
vt 0.104287 0.848621
vt 0.109290 0.836572
vt 0.495925 0.133398
vt 0.496682 0.139462
vt 0.481375 0.137523
vt 0.478235 0.129578
vt 0.107093 0.822925
vt 0.108902 0.816005
vt 0.478353 0.125195
vt 0.492990 0.126083
vt 0.100789 0.857398
vt 0.091615 0.860720
vt 0.486120 0.118829
vt 0.471838 0.119296
vt 0.112811 0.826317
vt 0.115713 0.816230
vt 0.497025 0.146685
vt 0.482302 0.146697
vt 0.134512 0.813635
vt 0.123551 0.822343
vt 0.117878 0.809589
vt 0.101685 0.866642
vt 0.099570 0.869964
vt 0.095820 0.889135
vt 0.113619 0.875373
vt 0.109516 0.878891
vt 0.479854 0.111617
vt 0.493945 0.113382
vt 0.474856 0.115241
vt 0.114255 0.848285
vt 0.108818 0.860133
vt 0.136613 0.806010
vt 0.130588 0.803764
vt 0.496925 0.153557
vt 0.482425 0.154690
vt 0.118209 0.827275
vt 0.127192 0.835415
vt 0.119707 0.837022
vt 0.114328 0.882041
vt 0.123265 0.875632
vt 0.129682 0.863408
vt 0.118657 0.862125
vt 0.124108 0.850099
vt 0.131958 0.795027
vt 0.137687 0.793561
vt 0.148249 0.803075
vt 0.149390 0.791425
vt 0.146181 0.864641
vt 0.143388 0.871336
vt 0.136646 0.852028
vt 0.137908 0.837077
vt 0.154331 0.822269
vt 0.148651 0.816136
vt 0.137676 0.414218
vt 0.134202 0.413205
vt 0.139796 0.406705
vt 0.143019 0.409211
vt 0.129673 0.407416
vt 0.137170 0.398756
vt 0.159888 0.813291
vt 0.158948 0.840083
vt 0.156768 0.813560
vt 0.158092 0.785025
vt 0.147844 0.785478
vt 0.158261 0.779512
vt 0.100673 0.391149
vt 0.094051 0.388545
vt 0.099193 0.376341
vt 0.107818 0.379856
vt 0.110273 0.375704
vt 0.100509 0.369506
vt 0.154244 0.861037
vt 0.151286 0.865392
vt 0.152075 0.854947
vt 0.164762 0.531361
vt 0.154939 0.535546
vt 0.149270 0.529357
vt 0.160453 0.525025
vt 0.156885 0.852611
vt 0.152927 0.536819
vt 0.147786 0.530038
vt 0.184221 0.861724
vt 0.179112 0.864313
vt 0.203045 0.520963
vt 0.199414 0.523368
vt 0.192610 0.504874
vt 0.195942 0.500941
vt 0.190007 0.483254
vt 0.185331 0.484315
vt 0.620452 0.038868
vt 0.613096 0.036358
vt 0.630314 0.032241
vt 0.631308 0.036966
vt 0.640596 0.034188
vt 0.639674 0.030000
vt 0.193495 0.526900
vt 0.186869 0.513154
vt 0.867261 0.692455
vt 0.872023 0.713890
vt 0.864998 0.715756
vt 0.861902 0.692765
vt 0.858132 0.692589
vt 0.859676 0.715102
vt 0.595585 0.041391
vt 0.611385 0.033694
vt 0.597387 0.045879
vt 0.600155 0.048851
vt 0.610585 0.043468
vt 0.613756 0.042099
vt 0.531057 0.741616
vt 0.531816 0.736247
vt 0.541592 0.736359
vt 0.542504 0.741897
vt 0.533081 0.730358
vt 0.544606 0.730332
vt 0.516914 0.742183
vt 0.516900 0.737419
vt 0.517282 0.731553
vt 0.542922 0.704260
vt 0.541817 0.708606
vt 0.536658 0.709446
vt 0.533091 0.703761
vt 0.585079 0.990079
vt 0.585751 0.991291
vt 0.583932 0.991773
vt 0.579515 0.990265
vt 0.051718 0.170293
vt 0.053685 0.173444
vt 0.046273 0.173284
vt 0.045840 0.169301
vt 0.050604 0.177647
vt 0.046188 0.177478
vt 0.702876 0.335847
vt 0.702577 0.343687
vt 0.692880 0.340309
vt 0.691907 0.332371
vt 0.760420 0.325966
vt 0.762309 0.322800
vt 0.767999 0.319932
vt 0.765516 0.324677
vt 0.754494 0.327521
vt 0.756618 0.320827
vt 0.544116 0.991528
vt 0.542290 0.994593
vt 0.540812 0.994481
vt 0.540687 0.990074
vt 0.503710 0.995802
vt 0.501241 0.996425
vt 0.499363 0.993516
vt 0.501966 0.993137
vt 0.410655 0.994699
vt 0.408240 0.990361
vt 0.410575 0.990147
vt 0.413368 0.991411
vt 0.919441 0.930743
vt 0.920623 0.926947
vt 0.923849 0.928244
vt 0.924261 0.932750
vt 0.928144 0.931952
vt 0.928949 0.925528
vt 0.920087 0.920872
vt 0.913857 0.929060
vt 0.911653 0.925763
vt 0.913812 0.918720
vt 0.918345 0.908654
vt 0.922615 0.911691
vt 0.928348 0.916016
vt 0.937807 0.932116
vt 0.930255 0.932012
vt 0.936044 0.920788
vt 0.978117 0.819350
vt 0.975285 0.816746
vt 0.978142 0.813778
vt 0.983688 0.814047
vt 0.978818 0.808852
vt 0.971007 0.810179
vt 0.970203 0.815053
vt 0.974933 0.313222
vt 0.974412 0.317454
vt 0.968386 0.315253
vt 0.968155 0.311885
vt 0.982689 0.820377
vt 0.975887 0.823042
vt 0.971879 0.822868
vt 0.972681 0.825247
vt 0.974144 0.309110
vt 0.977028 0.308529
vt 0.981838 0.316506
vt 0.987675 0.312636
vt 0.985411 0.317452
vt 0.985522 0.311247
vt 0.986986 0.322664
vt 0.979909 0.319706
vt 0.973269 0.323093
vt 0.968551 0.320574
vt 0.953246 0.376481
vt 0.941046 0.375709
vt 0.938142 0.370036
vt 0.956318 0.371393
vt 0.961293 0.366724
vt 0.950317 0.365027
vt 0.962982 0.376539
vt 0.966256 0.371930
vt 0.968176 0.368661
vt 0.969681 0.372641
vt 0.968451 0.376340
vt 0.974372 0.376735
vt 0.975934 0.373570
vt 0.972130 0.369220
vt 0.577806 0.982980
vt 0.568240 0.975360
vt 0.573256 0.975818
vt 0.577228 0.976272
vt 0.568159 0.965629
vt 0.574643 0.971564
vt 0.564617 0.970921
vt 0.560998 0.976764
vt 0.567309 0.980563
vt 0.578527 0.970664
vt 0.579283 0.965983
vt 0.567860 0.984628
vt 0.561388 0.983022
vt 0.583410 0.961229
vt 0.574855 0.962066
vt 0.580195 0.958412
vt 0.561629 0.964032
vt 0.560124 0.969018
vt 0.552917 0.964662
vt 0.554226 0.961668
vt 0.959244 0.814595
vt 0.957933 0.808969
vt 0.961817 0.806264
vt 0.965460 0.812812
vt 0.989520 0.318677
vt 0.992044 0.324417
vt 0.977906 0.324302
vt 0.983649 0.327664
vt 0.925885 0.881568
vt 0.922709 0.877864
vt 0.922764 0.871683
vt 0.927477 0.874019
vt 0.940797 0.909180
vt 0.943104 0.922738
vt 0.935487 0.906359
vt 0.943606 0.931274
vt 0.505950 0.998963
vt 0.500239 0.998929
vt 0.338911 0.990976
vt 0.344582 0.990116
vt 0.343264 0.994361
vt 0.341291 0.993223
vt 0.348084 0.994812
vt 0.344384 0.996713
vt 0.989003 0.703467
vt 0.988945 0.698687
vt 0.993998 0.699406
vt 0.992531 0.702749
vt 0.704955 0.316616
vt 0.699397 0.314211
vt 0.702641 0.307715
vt 0.685070 0.307272
vt 0.708091 0.327316
vt 0.710574 0.337249
vt 0.702061 0.325795
vt 0.689742 0.319407
vt 0.983835 0.698691
vt 0.985733 0.693745
vt 0.992275 0.693798
vt 0.716206 0.326971
vt 0.715048 0.318153
vt 0.759145 0.328079
vt 0.761571 0.327948
vt 0.705044 0.360198
vt 0.705078 0.354372
vt 0.705838 0.352546
vt 0.708938 0.360168
vt 0.694486 0.346990
vt 0.703769 0.354193
vt 0.747678 0.310436
vt 0.757052 0.307632
vt 0.756797 0.314589
vt 0.747503 0.317382
vt 0.746980 0.325125
vt 0.747602 0.302950
vt 0.758027 0.298067
vt 0.040039 0.177270
vt 0.041605 0.173178
vt 0.039770 0.169233
vt 0.032662 0.177495
vt 0.031198 0.173638
vt 0.581102 0.977366
vt 0.709635 0.365655
vt 0.707091 0.366594
vt 0.699957 0.365272
vt 0.692918 0.358000
vt 0.380010 0.994142
vt 0.382147 0.994831
vt 0.377327 0.994707
vt 0.379533 0.993837
vt 0.379892 0.990604
vt 0.377562 0.989926
vt 0.389835 0.991331
vt 0.380782 0.991422
vt 0.699312 0.421459
vt 0.699199 0.426446
vt 0.693874 0.459095
vt 0.695716 0.442153
vt 0.699691 0.431523
vt 0.694233 0.466677
vt 0.754845 0.330714
vt 0.756240 0.333269
vt 0.764717 0.334708
vt 0.766188 0.330398
vt 0.586341 0.963276
vt 0.588500 0.967293
vt 0.591150 0.955915
vt 0.595006 0.956121
vt 0.026195 0.170534
vt 0.032113 0.169664
vt 0.025603 0.173578
vt 0.681510 0.350933
vt 0.682119 0.345253
vt 0.693896 0.353967
vt 0.589982 0.951791
vt 0.692245 0.361414
vt 0.679346 0.352762
vt 0.709183 0.373934
vt 0.707685 0.374484
vt 0.714129 0.367964
vt 0.710367 0.381908
vt 0.714576 0.358658
vt 0.721392 0.355302
vt 0.723549 0.360689
vt 0.726243 0.364813
vt 0.716826 0.373532
vt 0.710952 0.386039
vt 0.695977 0.366007
vt 0.032330 0.205048
vt 0.041126 0.205023
vt 0.040176 0.210616
vt 0.032090 0.211902
vt 0.031282 0.219957
vt 0.038151 0.220759
vt 0.042817 0.221954
vt 0.045083 0.213325
vt 0.704261 0.386011
vt 0.702551 0.382586
vt 0.701988 0.372691
vt 0.704428 0.373288
vt 0.008401 0.217783
vt 0.001222 0.217671
vt 0.001000 0.207648
vt 0.008986 0.209734
vt 0.050743 0.213966
vt 0.047856 0.223248
vt 0.028532 0.242726
vt 0.025444 0.254464
vt 0.021018 0.252996
vt 0.022527 0.241957
vt 0.013564 0.243898
vt 0.015031 0.255838
vt 0.017024 0.261503
vt 0.007263 0.257965
vt 0.033926 0.243983
vt 0.037203 0.245319
vt 0.035114 0.253725
vt 0.030302 0.254397
vt 0.029294 0.263769
vt 0.039824 0.255839
vt 0.043233 0.249259
vt 0.402267 0.934080
vt 0.399894 0.940577
vt 0.394614 0.940825
vt 0.396929 0.934631
vt 0.400482 0.953875
vt 0.393552 0.953670
vt 0.012618 0.228991
vt 0.006516 0.229370
vt 0.001132 0.225826
vt 0.003461 0.246795
vt 0.386998 0.953276
vt 0.386564 0.939372
vt 0.041261 0.232384
vt 0.046158 0.234607
vt 0.381167 0.953291
vt 0.380433 0.940503
vt 0.387081 0.969621
vt 0.387604 0.985070
vt 0.381927 0.982783
vt 0.381125 0.969484
vt 0.393283 0.969651
vt 0.401246 0.970244
vt 0.399783 0.983519
vt 0.391919 0.985680
vt 0.546876 0.725756
vt 0.532999 0.726697
vt 0.517480 0.726541
vt 0.549307 0.719988
vt 0.534551 0.720145
vt 0.536495 0.714170
vt 0.551509 0.714713
vt 0.518719 0.708688
vt 0.517914 0.714620
vt 0.517725 0.704087
vt 0.583583 0.918653
vt 0.582404 0.918054
vt 0.588470 0.914849
vt 0.597272 0.913190
vt 0.071443 0.408360
vt 0.062587 0.405328
vt 0.067072 0.403468
vt 0.071420 0.404603
vt 0.074948 0.417345
vt 0.062763 0.418339
vt 0.068878 0.410792
vt 0.059341 0.408712
vt 0.230701 0.252984
vt 0.223751 0.260534
vt 0.222952 0.250812
vt 0.228652 0.246788
vt 0.055315 0.415021
vt 0.052816 0.425713
vt 0.049156 0.420702
vt 0.224325 0.243502
vt 0.215826 0.270089
vt 0.079028 0.421096
vt 0.058604 0.386014
vt 0.060160 0.398468
vt 0.052436 0.401003
vt 0.049568 0.387818
vt 0.049099 0.407518
vt 0.082387 0.405489
vt 0.081170 0.398299
vt 0.089232 0.400304
vt 0.087498 0.406863
vt 0.243420 0.241741
vt 0.241968 0.239314
vt 0.240636 0.236956
vt 0.217886 0.237605
vt 0.062660 0.321277
vt 0.063236 0.330682
vt 0.054470 0.328121
vt 0.054030 0.321113
vt 0.047657 0.321602
vt 0.047934 0.331534
vt 0.848588 0.631694
vt 0.833604 0.625437
vt 0.842109 0.617559
vt 0.853405 0.624226
vt 0.857702 0.618627
vt 0.850336 0.613769
vt 0.161386 0.675353
vt 0.175107 0.690096
vt 0.165587 0.689261
vt 0.155977 0.675097
vt 0.155142 0.689074
vt 0.142118 0.680760
vt 0.131585 0.681123
vt 0.137682 0.667846
vt 0.141128 0.686524
vt 0.142933 0.663518
vt 0.149877 0.661088
vt 0.156132 0.238575
vt 0.157194 0.225134
vt 0.166787 0.230911
vt 0.166912 0.239841
vt 0.128950 0.709063
vt 0.124831 0.702466
vt 0.126260 0.693606
vt 0.133258 0.702178
vt 0.176779 0.238896
vt 0.175619 0.230986
vt 0.122219 0.670590
vt 0.120063 0.690276
vt 0.118261 0.703381
vt 0.851756 0.665782
vt 0.841421 0.643437
vt 0.847923 0.641917
vt 0.857575 0.665040
vt 0.827414 0.633067
vt 0.830201 0.629178
vt 0.093940 0.689160
vt 0.092356 0.703611
vt 0.087381 0.707090
vt 0.089943 0.688946
vt 0.871210 0.609789
vt 0.869840 0.602770
vt 0.088444 0.722469
vt 0.083260 0.723260
vt 0.561936 0.731571
vt 0.563937 0.726725
vt 0.578158 0.730627
vt 0.575463 0.736047
vt 0.567063 0.721056
vt 0.579838 0.723837
vt 0.382489 0.914435
vt 0.365294 0.913990
vt 0.494470 0.793691
vt 0.499054 0.817190
vt 0.464378 0.099269
vt 0.476695 0.103350
vt 0.466824 0.121672
vt 0.460673 0.118155
vt 0.956151 0.385171
vt 0.954358 0.390646
vt 0.953701 0.384620
vt 0.954974 0.382847
vt 0.991033 0.091628
vt 0.989128 0.093622
vt 0.988579 0.092150
vt 0.990210 0.091487
vt 0.446736 0.121163
vt 0.448745 0.121605
vt 0.450140 0.128653
vt 0.448388 0.130374
vt 0.152218 0.506913
vt 0.147747 0.516209
vt 0.158742 0.502309
vt 0.164542 0.491389
vt 0.493359 0.839402
vt 0.485218 0.835810
vt 0.482132 0.807140
vt 0.448830 0.130769
vt 0.447970 0.130722
vt 0.447700 0.129957
vt 0.105825 0.530803
vt 0.102991 0.531039
vt 0.100126 0.515464
vt 0.102901 0.520257
vt 0.458958 0.070358
vt 0.462608 0.065393
vt 0.468852 0.066096
vt 0.463883 0.072006
vt 0.998442 0.095387
vt 0.997265 0.099323
vt 0.989316 0.095111
vt 0.989711 0.094364
vt 0.461534 0.084269
vt 0.473595 0.081556
vt 0.467102 0.089747
vt 0.460758 0.088266
vt 0.482100 0.088864
vt 0.432959 0.118891
vt 0.419264 0.094505
vt 0.427615 0.094570
vt 0.441373 0.122011
vt 0.398114 0.074476
vt 0.427347 0.083649
vt 0.394095 0.078319
vt 0.391800 0.081019
vt 0.257740 0.096460
vt 0.247492 0.088546
vt 0.253228 0.086125
vt 0.260315 0.090391
vt 0.264663 0.083184
vt 0.256980 0.079221
vt 0.252919 0.075957
vt 0.275949 0.102937
vt 0.279130 0.106057
vt 0.273327 0.113997
vt 0.267130 0.103795
vt 0.890812 0.446982
vt 0.887109 0.437007
vt 0.893569 0.433735
vt 0.897849 0.443363
vt 0.906146 0.437044
vt 0.900112 0.431702
vt 0.894446 0.426213
vt 0.887912 0.428837
vt 0.268728 0.097926
vt 0.274718 0.098754
vt 0.274124 0.089089
vt 0.279274 0.093638
vt 0.282477 0.097131
vt 0.258288 0.072287
vt 0.261648 0.073735
vt 0.252402 0.066141
vt 0.260446 0.064973
vt 0.264187 0.068188
vt 0.289326 0.109467
vt 0.285744 0.101495
vt 0.369767 0.073397
vt 0.369325 0.071972
vt 0.911117 0.410445
vt 0.886513 0.419998
vt 0.901764 0.407133
vt 0.298713 0.098684
vt 0.301870 0.108064
vt 0.293850 0.114988
vt 0.292684 0.061544
vt 0.276951 0.068533
vt 0.278059 0.065758
vt 0.290452 0.059416
vt 0.270356 0.061681
vt 0.272619 0.060532
vt 0.268279 0.076850
vt 0.280347 0.075774
vt 0.269441 0.070866
vt 0.287166 0.082628
vt 0.295514 0.064968
vt 0.300684 0.069225
vt 0.317847 0.091832
vt 0.319665 0.094616
vt 0.311347 0.105151
vt 0.302176 0.051992
vt 0.303451 0.056577
vt 0.216542 0.167933
vt 0.215068 0.155886
vt 0.219462 0.163562
vt 0.219286 0.172190
vt 0.310656 0.057085
vt 0.297886 0.053016
vt 0.336520 0.088826
vt 0.328653 0.090941
vt 0.327912 0.084250
vt 0.336351 0.083794
vt 0.317025 0.083892
vt 0.326947 0.074091
vt 0.333824 0.076924
vt 0.295331 0.092047
vt 0.309901 0.077723
vt 0.321490 0.069463
vt 0.216522 0.178411
vt 0.217938 0.183600
vt 0.305464 0.073429
vt 0.318111 0.065038
vt 0.211521 0.171304
vt 0.211267 0.159703
vt 0.335915 0.064943
vt 0.343042 0.075327
vt 0.215024 0.103901
vt 0.219039 0.095483
vt 0.226889 0.098662
vt 0.226103 0.107197
vt 0.233690 0.111597
vt 0.231870 0.101676
vt 0.229177 0.092850
vt 0.215631 0.114952
vt 0.611253 0.893328
vt 0.625525 0.894305
vt 0.627418 0.896868
vt 0.614415 0.897008
vt 0.648791 0.894145
vt 0.649232 0.897696
vt 0.649087 0.901051
vt 0.625649 0.899629
vt 0.799190 0.862931
vt 0.790618 0.858623
vt 0.795632 0.855315
vt 0.802333 0.857655
vt 0.791718 0.852424
vt 0.795179 0.852616
vt 0.804135 0.854064
vt 0.798491 0.851894
vt 0.232279 0.994936
vt 0.230538 0.996109
vt 0.230767 0.990497
vt 0.245599 0.994341
vt 0.804597 0.868667
vt 0.806610 0.864699
vt 0.814786 0.867883
vt 0.810603 0.870594
vt 0.809449 0.859480
vt 0.816882 0.861160
vt 0.828411 0.863227
vt 0.825027 0.869339
vt 0.824081 0.872439
vt 0.815535 0.871820
vt 0.823135 0.833467
vt 0.830189 0.839718
vt 0.828223 0.845264
vt 0.821167 0.844894
vt 0.820214 0.853141
vt 0.827554 0.853586
vt 0.460014 0.206604
vt 0.463594 0.218115
vt 0.458116 0.216230
vt 0.454382 0.208050
vt 0.470022 0.219766
vt 0.470365 0.207084
vt 0.468628 0.197264
vt 0.462896 0.197939
vt 0.800706 0.846525
vt 0.796579 0.845630
vt 0.454977 0.198915
vt 0.453795 0.201345
vt 0.798709 0.835808
vt 0.796742 0.832379
vt 0.802885 0.827706
vt 0.803661 0.832726
vt 0.795149 0.830769
vt 0.802904 0.822546
vt 0.449540 0.183841
vt 0.450104 0.192135
vt 0.446729 0.195130
vt 0.444456 0.185843
vt 0.792125 0.836452
vt 0.795679 0.834582
vt 0.445996 0.209198
vt 0.448015 0.203388
vt 0.453135 0.205806
vt 0.800642 0.838428
vt 0.787369 0.844815
vt 0.792460 0.844604
vt 0.786336 0.850753
vt 0.797688 0.866886
vt 0.790088 0.864813
vt 0.784222 0.862291
vt 0.783794 0.857183
vt 0.780335 0.850776
vt 0.797356 0.841457
vt 0.801429 0.842289
vt 0.455306 0.186051
vt 0.788986 0.833938
vt 0.791919 0.831555
vt 0.473573 0.175529
vt 0.468251 0.175103
vt 0.468176 0.167601
vt 0.472804 0.168073
vt 0.783073 0.842631
vt 0.780557 0.839539
vt 0.464568 0.175421
vt 0.459679 0.172067
vt 0.473181 0.187060
vt 0.465639 0.185795
vt 0.470866 0.182367
vt 0.473170 0.181271
vt 0.462117 0.186904
vt 0.462311 0.179709
vt 0.465501 0.180130
vt 0.467412 0.181015
vt 0.468021 0.182833
vt 0.456573 0.178909
vt 0.479854 0.188181
vt 0.480477 0.182692
vt 0.913533 0.949588
vt 0.923168 0.953027
vt 0.923956 0.961628
vt 0.911056 0.956342
vt 0.207795 0.156497
vt 0.210787 0.172826
vt 0.205361 0.167576
vt 0.933746 0.971887
vt 0.921974 0.972316
vt 0.934368 0.967907
vt 0.933253 0.957996
vt 0.934667 0.964500
vt 0.927782 0.961454
vt 0.217793 0.122695
vt 0.232084 0.126501
vt 0.328791 0.064843
vt 0.326405 0.059082
vt 0.333081 0.056486
vt 0.202802 0.109255
vt 0.205728 0.119274
vt 0.204483 0.137712
vt 0.198179 0.129192
vt 0.210603 0.140954
vt 0.200647 0.139217
vt 0.197449 0.132886
vt 0.340819 0.117088
vt 0.334470 0.117903
vt 0.341866 0.111202
vt 0.345133 0.110136
vt 0.334016 0.146311
vt 0.332931 0.136965
vt 0.341423 0.137714
vt 0.344911 0.144820
vt 0.333128 0.123327
vt 0.343458 0.122879
vt 0.307191 0.158883
vt 0.295181 0.156339
vt 0.297116 0.153387
vt 0.310178 0.153866
vt 0.312191 0.146699
vt 0.298905 0.143182
vt 0.288464 0.155388
vt 0.289568 0.151185
vt 0.289526 0.144199
vt 0.304501 0.163048
vt 0.290900 0.163409
vt 0.301833 0.169375
vt 0.282967 0.167426
vt 0.284889 0.157943
vt 0.278883 0.157509
vt 0.294415 0.128257
vt 0.300844 0.139368
vt 0.291073 0.126094
vt 0.313261 0.139545
vt 0.309968 0.125094
vt 0.285448 0.135351
vt 0.286409 0.143320
vt 0.280579 0.140619
vt 0.307615 0.119949
vt 0.290899 0.119001
vt 0.306778 0.114466
vt 0.272427 0.121760
vt 0.274409 0.117038
vt 0.263427 0.156478
vt 0.264383 0.164375
vt 0.265023 0.145504
vt 0.276083 0.148433
vt 0.269851 0.128701
vt 0.247558 0.158678
vt 0.233700 0.158746
vt 0.234503 0.147631
vt 0.248101 0.149360
vt 0.205011 0.722046
vt 0.196516 0.732228
vt 0.191827 0.722565
vt 0.198976 0.714730
vt 0.176530 0.729186
vt 0.185975 0.717608
vt 0.180376 0.736046
vt 0.183874 0.742253
vt 0.249525 0.140008
vt 0.235020 0.141492
vt 0.208512 0.762273
vt 0.204421 0.757311
vt 0.206806 0.751891
vt 0.217642 0.757824
vt 0.221042 0.741109
vt 0.203276 0.747746
vt 0.213812 0.735226
vt 0.254274 0.118022
vt 0.242075 0.115163
vt 0.241242 0.110016
vt 0.255822 0.112622
vt 0.410374 0.918515
vt 0.399190 0.927758
vt 0.392231 0.926808
vt 0.406190 0.916774
vt 0.262646 0.787129
vt 0.266545 0.792567
vt 0.255791 0.795464
vt 0.251925 0.789652
vt 0.223484 0.747654
vt 0.238559 0.135214
vt 0.251201 0.133138
vt 0.252735 0.125118
vt 0.240956 0.122852
vt 0.171092 0.722535
vt 0.183102 0.708274
vt 0.241456 0.781958
vt 0.245224 0.786487
vt 0.235498 0.788209
vt 0.230009 0.785589
vt 0.166856 0.717520
vt 0.178340 0.705454
vt 0.159279 0.775767
vt 0.172824 0.769225
vt 0.172524 0.775683
vt 0.161174 0.777725
vt 0.635387 0.250261
vt 0.655852 0.243487
vt 0.653417 0.250699
vt 0.635064 0.257577
vt 0.662952 0.242871
vt 0.665327 0.244625
vt 0.663367 0.238691
vt 0.656634 0.238178
vt 0.656978 0.233026
vt 0.667591 0.235543
vt 0.636373 0.238042
vt 0.636793 0.232062
vt 0.672822 0.229872
vt 0.664410 0.224764
vt 0.190561 0.760666
vt 0.191500 0.765858
vt 0.195250 0.770681
vt 0.179399 0.777310
vt 0.636181 0.263795
vt 0.654670 0.263479
vt 0.200157 0.780414
vt 0.186903 0.785569
vt 0.180279 0.780633
vt 0.197265 0.775322
vt 0.637897 0.223550
vt 0.656319 0.223643
vt 0.679248 0.779859
vt 0.680278 0.790248
vt 0.671106 0.789301
vt 0.671440 0.782224
vt 0.675464 0.808093
vt 0.667764 0.799120
vt 0.668167 0.812859
vt 0.658449 0.809172
vt 0.929520 0.023442
vt 0.943286 0.017957
vt 0.939824 0.025892
vt 0.926484 0.028806
vt 0.433453 0.230244
vt 0.413668 0.224557
vt 0.423860 0.220783
vt 0.434593 0.222829
vt 0.666778 0.832948
vt 0.660668 0.837399
vt 0.644826 0.821656
vt 0.655794 0.818000
vt 0.652185 0.846451
vt 0.632776 0.830346
vt 0.884182 0.280026
vt 0.878392 0.284711
vt 0.877099 0.271655
vt 0.882820 0.266039
vt 0.918203 0.036417
vt 0.925749 0.037227
vt 0.927348 0.044560
vt 0.916938 0.041621
vt 0.662180 0.814784
vt 0.652815 0.812262
vt 0.913060 0.023099
vt 0.909805 0.026989
vt 0.906906 0.031056
vt 0.922867 0.031391
vt 0.026436 0.893599
vt 0.020054 0.894437
vt 0.014647 0.885749
vt 0.022643 0.884391
vt 0.053767 0.888742
vt 0.047879 0.879997
vt 0.054060 0.879358
vt 0.059450 0.888730
vt 0.708315 0.923857
vt 0.707995 0.918757
vt 0.715995 0.916533
vt 0.715090 0.922647
vt 0.019096 0.880025
vt 0.011979 0.883494
vt 0.707720 0.945126
vt 0.714646 0.946044
vt 0.715243 0.949289
vt 0.707358 0.949003
vt 0.478701 0.021965
vt 0.476201 0.017673
vt 0.485962 0.018281
vt 0.486020 0.021772
vt 0.490713 0.025741
vt 0.488367 0.014031
vt 0.475132 0.012045
vt 0.610585 0.922897
vt 0.606720 0.925159
vt 0.600261 0.922193
vt 0.607032 0.919820
vt 0.467757 0.031988
vt 0.479451 0.026368
vt 0.471882 0.034613
vt 0.608419 0.940765
vt 0.602880 0.943631
vt 0.612886 0.937667
vt 0.477125 0.008028
vt 0.490922 0.011926
vt 0.613841 0.952081
vt 0.614956 0.962577
vt 0.609223 0.964787
vt 0.609067 0.956408
vt 0.624056 0.924271
vt 0.630363 0.926555
vt 0.629833 0.931367
vt 0.623495 0.930821
vt 0.601821 0.962632
vt 0.603436 0.972175
vt 0.640191 0.927685
vt 0.640296 0.931655
vt 0.625479 0.922138
vt 0.631066 0.922506
vt 0.619423 0.916277
vt 0.632325 0.920549
vt 0.616631 0.919240
vt 0.430867 0.027405
vt 0.445671 0.029425
vt 0.436901 0.031400
vt 0.428516 0.029835
vt 0.640126 0.943547
vt 0.630858 0.944581
vt 0.629853 0.944387
vt 0.640719 0.938015
vt 0.427695 0.031769
vt 0.436699 0.032142
vt 0.432145 0.023524
vt 0.447043 0.025151
vt 0.708501 0.928303
vt 0.714584 0.928718
vt 0.720031 0.928815
vt 0.720604 0.922948
vt 0.969283 0.790601
vt 0.970327 0.794822
vt 0.960720 0.795996
vt 0.957065 0.794331
vt 0.956885 0.802664
vt 0.960854 0.799964
vt 0.970987 0.799653
vt 0.020682 0.150215
vt 0.023738 0.153063
vt 0.022242 0.156733
vt 0.017827 0.155214
vt 0.958472 0.790000
vt 0.966593 0.787737
vt 0.032446 0.154047
vt 0.032080 0.158410
vt 0.032177 0.149860
vt 0.970560 0.803893
vt 0.476696 0.936360
vt 0.473145 0.934293
vt 0.482293 0.918835
vt 0.487568 0.919191
vt 0.472571 0.927424
vt 0.482349 0.911726
vt 0.492525 0.908337
vt 0.832604 0.024038
vt 0.822031 0.032794
vt 0.719952 0.941113
vt 0.719925 0.934951
vt 0.725173 0.935939
vt 0.725083 0.941061
vt 0.729337 0.941309
vt 0.730558 0.938100
vt 0.047003 0.887640
vt 0.042632 0.878588
vt 0.035240 0.884346
vt 0.028237 0.884171
vt 0.025914 0.876288
vt 0.031487 0.875766
vt 0.724703 0.946852
vt 0.719690 0.946239
vt 0.728679 0.945788
vt 0.029910 0.871103
vt 0.024134 0.872869
vt 0.034273 0.868711
vt 0.036589 0.875832
vt 0.037119 0.867393
vt 0.039442 0.871133
vt 0.042663 0.873332
vt 0.683992 0.772249
vt 0.703134 0.773507
vt 0.683135 0.773477
vt 0.721178 0.796679
vt 0.469485 0.359705
vt 0.460535 0.335910
vt 0.457610 0.320682
vt 0.468919 0.350828
vt 0.447128 0.620121
vt 0.441065 0.616825
vt 0.438247 0.607172
vt 0.456505 0.622158
vt 0.337693 0.629988
vt 0.325141 0.644803
vt 0.328778 0.596755
vt 0.345688 0.601242
vt 0.412160 0.610771
vt 0.412515 0.621410
vt 0.383561 0.621346
vt 0.387543 0.605574
vt 0.408579 0.624856
vt 0.391227 0.626320
vt 0.217528 0.067581
vt 0.206243 0.068378
vt 0.231815 0.059565
vt 0.239546 0.061059
vt 0.427303 0.606777
vt 0.422852 0.593112
vt 0.390150 0.585350
vt 0.397828 0.587594
vt 0.403406 0.588618
vt 0.421656 0.616338
vt 0.333560 0.567670
vt 0.336864 0.560324
vt 0.330318 0.557957
vt 0.338347 0.554962
vt 0.346835 0.550946
vt 0.354601 0.553589
vt 0.350385 0.543834
vt 0.363482 0.547769
vt 0.339484 0.549149
vt 0.334713 0.545010
vt 0.381443 0.551140
vt 0.374441 0.560914
vt 0.370179 0.538409
vt 0.359089 0.535994
vt 0.336207 0.531991
vt 0.351567 0.531150
vt 0.323169 0.550134
vt 0.388619 0.527619
vt 0.390584 0.562933
vt 0.384625 0.522754
vt 0.392404 0.525395
vt 0.395117 0.563468
vt 0.311932 0.574551
vt 0.320981 0.545154
vt 0.887489 0.962881
vt 0.890507 0.956282
vt 0.895876 0.959704
vt 0.898170 0.963785
vt 0.920674 0.786909
vt 0.912383 0.787193
vt 0.913194 0.782826
vt 0.919399 0.783514
vt 0.898489 0.955265
vt 0.902573 0.958211
vt 0.924280 0.778643
vt 0.921274 0.778131
vt 0.882996 0.978055
vt 0.872133 0.970137
vt 0.881120 0.963480
vt 0.889577 0.951482
vt 0.879374 0.954166
vt 0.873883 0.962899
vt 0.930002 0.772398
vt 0.930950 0.791181
vt 0.926181 0.784443
vt 0.925752 0.796940
vt 0.922565 0.790448
vt 0.390548 0.422550
vt 0.386398 0.421119
vt 0.389638 0.398818
vt 0.393201 0.399016
vt 0.874053 0.940710
vt 0.870743 0.948761
vt 0.865618 0.928580
vt 0.394527 0.392512
vt 0.389081 0.391150
vt 0.393898 0.424223
vt 0.395962 0.398721
vt 0.400223 0.393241
vt 0.397652 0.428137
vt 0.402284 0.425938
vt 0.405630 0.406732
vt 0.262153 0.937405
vt 0.242114 0.946760
vt 0.235770 0.941829
vt 0.257248 0.933017
vt 0.877171 0.932804
vt 0.378171 0.396062
vt 0.378078 0.363625
vt 0.379673 0.378224
vt 0.382408 0.392662
vt 0.380359 0.375960
vt 0.377907 0.349551
vt 0.350973 0.920313
vt 0.360463 0.926702
vt 0.570960 0.743623
vt 0.559362 0.737731
vt 0.577874 0.719860
vt 0.583658 0.722511
vt 0.118387 0.709944
vt 0.114438 0.714645
vt 0.112841 0.702873
vt 0.568090 0.715124
vt 0.581707 0.715398
vt 0.897224 0.607699
vt 0.887009 0.614859
vt 0.329557 0.887442
vt 0.323098 0.884254
vt 0.346303 0.869974
vt 0.349984 0.873596
vt 0.083351 0.742026
vt 0.078120 0.744852
vt 0.354223 0.900536
vt 0.363354 0.889894
vt 0.364409 0.900047
vt 0.357512 0.907381
vt 0.774664 0.632849
vt 0.768017 0.641410
vt 0.760857 0.635337
vt 0.765854 0.630868
vt 0.101847 0.703126
vt 0.106085 0.703022
vt 0.104336 0.720926
vt 0.097680 0.721908
vt 0.718422 0.623626
vt 0.729273 0.624138
vt 0.722926 0.632942
vt 0.712485 0.633099
vt 0.356100 0.877549
vt 0.361845 0.861310
vt 0.365871 0.862294
vt 0.360359 0.876298
vt 0.369091 0.870701
vt 0.371146 0.866017
vt 0.352987 0.893606
vt 0.343815 0.892105
vt 0.364770 0.883704
vt 0.781000 0.619718
vt 0.785925 0.623838
vt 0.781190 0.631477
vt 0.734380 0.609428
vt 0.726061 0.609413
vt 0.730055 0.596338
vt 0.739718 0.596337
vt 0.787574 0.617667
vt 0.790509 0.624214
vt 0.746135 0.582760
vt 0.736054 0.585548
vt 0.726875 0.585557
vt 0.724720 0.592387
vt 0.774472 0.617850
vt 0.780324 0.610519
vt 0.765869 0.615566
vt 0.770972 0.604575
vt 0.774773 0.590973
vt 0.783342 0.596462
vt 0.800083 0.614383
vt 0.804875 0.618851
vt 0.802887 0.620219
vt 0.797624 0.619213
vt 0.808540 0.631149
vt 0.803967 0.627091
vt 0.797462 0.624707
vt 0.822853 0.571985
vt 0.816925 0.588822
vt 0.812759 0.585237
vt 0.819119 0.568748
vt 0.812995 0.603903
vt 0.809018 0.600819
vt 0.816181 0.565663
vt 0.807309 0.582516
vt 0.812966 0.563452
vt 0.802512 0.580405
vt 0.799989 0.629068
vt 0.799769 0.578444
vt 0.810035 0.559388
vt 0.830863 0.599503
vt 0.835005 0.584666
vt 0.840711 0.592981
vt 0.837255 0.605119
vt 0.387355 0.228399
vt 0.387082 0.223864
vt 0.410980 0.222258
vt 0.408891 0.226210
vt 0.806332 0.634951
vt 0.812904 0.635977
vt 0.386638 0.219294
vt 0.405742 0.216596
vt 0.828011 0.610589
vt 0.831924 0.611514
vt 0.220605 0.281243
vt 0.217963 0.279246
vt 0.221080 0.283069
vt 0.045814 0.416900
vt 0.231098 0.257005
vt 0.206499 0.229003
vt 0.221512 0.232280
vt 0.204813 0.232079
vt 0.204374 0.237777
vt 0.206525 0.238493
vt 0.183247 0.223506
vt 0.182040 0.227442
vt 0.184817 0.216646
vt 0.185337 0.212966
vt 0.208527 0.221277
vt 0.207858 0.225824
vt 0.158735 0.216426
vt 0.169111 0.216059
vt 0.184314 0.220440
vt 0.166210 0.210438
vt 0.420895 0.928256
vt 0.422518 0.932434
vt 0.411595 0.937269
vt 0.410852 0.932376
vt 0.153402 0.205036
vt 0.157238 0.214030
vt 0.258954 0.782668
vt 0.255048 0.779747
vt 0.226651 0.748561
vt 0.224284 0.761889
vt 0.211476 0.767892
vt 0.242988 0.764829
vt 0.230110 0.767724
vt 0.237052 0.760429
vt 0.418081 0.924461
vt 0.404595 0.931052
vt 0.500572 0.839036
vt 0.506621 0.833395
vt 0.313019 0.790455
vt 0.326860 0.786008
vt 0.332883 0.791138
vt 0.318224 0.794147
vt 0.460551 0.885246
vt 0.455206 0.885185
vt 0.458975 0.875449
vt 0.464918 0.874307
vt 0.522135 0.857171
vt 0.515432 0.848526
vt 0.527829 0.839784
vt 0.533496 0.850720
vt 0.482475 0.880586
vt 0.473501 0.889562
vt 0.476640 0.879969
vt 0.479112 0.874549
vt 0.471650 0.872423
vt 0.474871 0.863233
vt 0.467982 0.886431
vt 0.535041 0.869290
vt 0.544691 0.861941
vt 0.550273 0.865938
vt 0.541334 0.875021
vt 0.308234 0.780423
vt 0.304022 0.777566
vt 0.317037 0.779461
vt 0.319498 0.781307
vt 0.548619 0.883652
vt 0.555329 0.876228
vt 0.482463 0.900011
vt 0.492344 0.893566
vt 0.501476 0.905102
vt 0.485252 0.906459
vt 0.496821 0.886884
vt 0.503702 0.895004
vt 0.508009 0.916063
vt 0.499867 0.909390
vt 0.509253 0.910936
vt 0.301011 0.774140
vt 0.301422 0.769688
vt 0.311968 0.771666
vt 0.310546 0.776038
vt 0.511393 0.905823
vt 0.502352 0.878582
vt 0.507826 0.886450
vt 0.523585 0.893009
vt 0.518415 0.895478
vt 0.516787 0.888227
vt 0.520453 0.884778
vt 0.516879 0.876667
vt 0.512451 0.870328
vt 0.514463 0.862460
vt 0.522691 0.868846
vt 0.536440 0.883099
vt 0.530541 0.876333
vt 0.512860 0.882636
vt 0.528883 0.888909
vt 0.524884 0.880452
vt 0.532997 0.886213
vt 0.514172 0.899835
vt 0.528050 0.903932
vt 0.523541 0.909252
vt 0.528724 0.898453
vt 0.539785 0.938508
vt 0.543411 0.943536
vt 0.537233 0.941694
vt 0.531331 0.932142
vt 0.545996 0.942040
vt 0.546869 0.945467
vt 0.578517 0.928409
vt 0.574617 0.930639
vt 0.575551 0.924167
vt 0.578004 0.923920
vt 0.582451 0.936932
vt 0.587312 0.932353
vt 0.588559 0.927234
vt 0.537984 0.932619
vt 0.542951 0.931876
vt 0.562553 0.932859
vt 0.557254 0.935441
vt 0.636718 0.632643
vt 0.637705 0.636816
vt 0.630719 0.635839
vt 0.628700 0.627700
vt 0.619822 0.363476
vt 0.618980 0.338425
vt 0.626601 0.335368
vt 0.626499 0.367893
vt 0.633043 0.370295
vt 0.631161 0.337129
vt 0.566493 0.935634
vt 0.563003 0.937794
vt 0.570311 0.932537
vt 0.557935 0.937745
vt 0.660473 0.329492
vt 0.655701 0.329481
vt 0.657010 0.323899
vt 0.661662 0.323069
vt 0.588209 0.942112
vt 0.593433 0.938607
vt 0.598074 0.942763
vt 0.591631 0.947058
vt 0.650344 0.327620
vt 0.650066 0.322436
vt 0.638949 0.370108
vt 0.640439 0.344762
vt 0.662852 0.631155
vt 0.672884 0.623122
vt 0.670276 0.634248
vt 0.660947 0.643028
vt 0.576262 0.939386
vt 0.573048 0.940495
vt 0.570783 0.941267
vt 0.640300 0.631362
vt 0.644687 0.636718
vt 0.637603 0.653262
vt 0.645147 0.650509
vt 0.653831 0.647735
vt 0.654571 0.634522
vt 0.583332 0.949661
vt 0.580557 0.950393
vt 0.582654 0.944650
vt 0.645231 0.321715
vt 0.642354 0.322165
vt 0.643240 0.321031
vt 0.646268 0.317708
vt 0.960835 0.406950
vt 0.963540 0.387307
vt 0.969908 0.407112
vt 0.969010 0.407750
vt 0.977015 0.410341
vt 0.977080 0.428429
vt 0.632206 0.767565
vt 0.632093 0.800172
vt 0.627259 0.784001
vt 0.623404 0.771109
vt 0.495276 0.434462
vt 0.502389 0.433361
vt 0.511615 0.405831
vt 0.520023 0.397126
vt 0.960542 0.425032
vt 0.966013 0.441479
vt 0.960539 0.442420
vt 0.956249 0.430400
vt 0.950037 0.435822
vt 0.953467 0.444134
vt 0.479763 0.409300
vt 0.474562 0.408667
vt 0.473668 0.397746
vt 0.477582 0.392023
vt 0.791715 0.538608
vt 0.784551 0.536716
vt 0.793418 0.521808
vt 0.800208 0.523519
vt 0.797006 0.539048
vt 0.802983 0.523648
vt 0.475157 0.443306
vt 0.470362 0.450059
vt 0.470043 0.413007
vt 0.472296 0.411381
vt 0.806008 0.524126
vt 0.801423 0.540778
vt 0.755838 0.533151
vt 0.751903 0.530835
vt 0.750997 0.512623
vt 0.757607 0.518727
vt 0.517360 0.406530
vt 0.527929 0.405508
vt 0.525537 0.438470
vt 0.524197 0.397928
vt 0.534953 0.393973
vt 0.775275 0.533458
vt 0.768062 0.533752
vt 0.766168 0.510321
vt 0.774450 0.518594
vt 0.764400 0.531215
vt 0.762351 0.503460
vt 0.789106 0.582257
vt 0.790019 0.597324
vt 0.784027 0.578119
vt 0.777623 0.575589
vt 0.794658 0.585653
vt 0.794910 0.596276
vt 0.739804 0.572520
vt 0.749787 0.568946
vt 0.729188 0.579457
vt 0.769686 0.586917
vt 0.771186 0.572577
vt 0.764379 0.601515
vt 0.752485 0.584014
vt 0.747992 0.597529
vt 0.757156 0.568100
vt 0.755823 0.576346
vt 0.756920 0.599582
vt 0.759968 0.586984
vt 0.759788 0.581986
vt 0.756611 0.580726
vt 0.764558 0.570173
vt 0.762734 0.578496
vt 0.774244 0.556557
vt 0.766794 0.554769
vt 0.760912 0.553139
vt 0.753374 0.551580
vt 0.747954 0.549653
vt 0.792923 0.560711
vt 0.797688 0.562589
vt 0.787586 0.559121
vt 0.780758 0.557520
vt 0.759128 0.613170
vt 0.752584 0.612209
vt 0.742536 0.610329
vt 0.748996 0.627353
vt 0.735692 0.624638
vt 0.753739 0.630711
vt 0.849951 0.606575
vt 0.846828 0.611608
vt 0.795265 0.634534
vt 0.791384 0.628474
vt 0.797446 0.610272
vt 0.800046 0.611123
vt 0.176039 0.076111
vt 0.161330 0.082860
vt 0.147502 0.077929
vt 0.948461 0.424361
vt 0.944279 0.445587
vt 0.942097 0.434219
vt 0.138180 0.075585
vt 0.648953 0.785317
vt 0.656873 0.780219
vt 0.655944 0.799013
vt 0.648733 0.806519
vt 0.663641 0.775769
vt 0.662334 0.792960
vt 0.954640 0.415292
vt 0.953355 0.396769
vt 0.657883 0.754567
vt 0.665966 0.750811
vt 0.674032 0.746831
vt 0.672918 0.772234
vt 0.666455 0.727058
vt 0.674458 0.723105
vt 0.634943 0.718647
vt 0.633697 0.742006
vt 0.625213 0.745788
vt 0.626758 0.722179
vt 0.643064 0.715202
vt 0.642032 0.738260
vt 0.640298 0.761323
vt 0.637175 0.807498
vt 0.650280 0.734472
vt 0.649316 0.757788
vt 0.658419 0.730869
vt 0.651324 0.711611
vt 0.659084 0.707866
vt 0.666850 0.703920
vt 0.659621 0.684819
vt 0.667394 0.681082
vt 0.675522 0.677388
vt 0.674810 0.699996
vt 0.636974 0.673209
vt 0.635997 0.695771
vt 0.628097 0.699154
vt 0.629397 0.676598
vt 0.644736 0.669812
vt 0.643996 0.692405
vt 0.652802 0.666405
vt 0.652122 0.688662
vt 0.660103 0.663070
vt 0.668072 0.659717
vt 0.677546 0.636768
vt 0.676196 0.656944
vt 0.630361 0.656156
vt 0.184080 0.078317
vt 0.195544 0.066089
vt 0.171622 0.084662
vt 0.193287 0.079411
vt 0.175327 0.086631
vt 0.461405 0.343571
vt 0.470470 0.370851
vt 0.471406 0.381513
vt 0.461441 0.351872
vt 0.466170 0.634033
vt 0.452001 0.625613
vt 0.455465 0.329253
vt 0.458348 0.327470
vt 0.462756 0.637440
vt 0.462190 0.640346
vt 0.458154 0.629289
vt 0.455278 0.637588
vt 0.475220 0.659954
vt 0.469997 0.660371
vt 0.465868 0.659169
vt 0.446476 0.631106
vt 0.458325 0.655740
vt 0.436538 0.624829
vt 0.449497 0.650245
vt 0.430907 0.622374
vt 0.419129 0.602284
vt 0.408121 0.579463
vt 0.443976 0.648488
vt 0.597859 0.360033
vt 0.593233 0.358885
vt 0.599223 0.315647
vt 0.602917 0.317222
vt 0.588935 0.357526
vt 0.595419 0.313058
vt 0.438874 0.647132
vt 0.584975 0.356587
vt 0.590723 0.313828
vt 0.434778 0.648248
vt 0.580499 0.355340
vt 0.586375 0.313028
vt 0.431888 0.650390
vt 0.494835 0.692841
vt 0.482384 0.661602
vt 0.501619 0.691503
vt 0.611834 0.404210
vt 0.608501 0.403670
vt 0.613190 0.365458
vt 0.616357 0.366700
vt 0.603878 0.401982
vt 0.608798 0.363820
vt 0.488521 0.689217
vt 0.600318 0.400997
vt 0.605658 0.362671
vt 0.483909 0.687041
vt 0.595868 0.399667
vt 0.601392 0.361192
vt 0.480748 0.686862
vt 0.592307 0.398442
vt 0.475061 0.686314
vt 0.591248 0.433603
vt 0.587064 0.432748
vt 0.582832 0.431284
vt 0.587649 0.397203
vt 0.577898 0.430021
vt 0.583169 0.395984
vt 0.573383 0.428821
vt 0.579170 0.395167
vt 0.569106 0.427557
vt 0.574717 0.393989
vt 0.607440 0.437811
vt 0.603832 0.436885
vt 0.599356 0.435718
vt 0.595303 0.434664
vt 0.213447 0.057171
vt 0.361833 0.638384
vt 0.372830 0.612919
vt 0.360786 0.617979
vt 0.345738 0.652707
vt 0.381817 0.587559
vt 0.366172 0.593742
vt 0.320123 0.680790
vt 0.344414 0.630652
vt 0.355519 0.597041
vt 0.367207 0.573512
vt 0.352209 0.580413
vt 0.340481 0.581419
vt 0.327566 0.575959
vt 0.320700 0.586847
vt 0.321262 0.563972
vt 0.321654 0.669900
vt 0.966473 0.421420
vt 0.970079 0.435583
vt 0.476111 0.491077
vt 0.480578 0.485347
vt 0.478732 0.441280
vt 0.485745 0.479897
vt 0.486122 0.519141
vt 0.490439 0.514804
vt 0.482916 0.439878
vt 0.491202 0.475115
vt 0.488668 0.437903
vt 0.497719 0.472284
vt 0.501041 0.464678
vt 0.506656 0.497184
vt 0.506488 0.460160
vt 0.509767 0.485759
vt 0.459212 0.495918
vt 0.462232 0.520750
vt 0.464748 0.513901
vt 0.461964 0.487842
vt 0.465230 0.537464
vt 0.468948 0.533326
vt 0.465150 0.480392
vt 0.468299 0.507504
vt 0.473231 0.529623
vt 0.471167 0.547604
vt 0.476119 0.545764
vt 0.472235 0.501030
vt 0.477871 0.526179
vt 0.481469 0.543873
vt 0.479216 0.559283
vt 0.483503 0.558596
vt 0.481516 0.522954
vt 0.484777 0.542609
vt 0.487022 0.557747
vt 0.489574 0.541366
vt 0.491131 0.556970
vt 0.474617 0.559066
vt 0.494239 0.540381
vt 0.499206 0.555330
vt 0.494857 0.556336
vt 0.503542 0.554559
vt 0.506684 0.553970
vt 0.510238 0.553043
vt 0.468279 0.473556
vt 0.789173 0.522368
vt 0.158381 0.086400
vt 0.163947 0.097513
vt 0.644236 0.440637
vt 0.643822 0.472973
vt 0.636493 0.472453
vt 0.637078 0.440028
vt 0.631479 0.439697
vt 0.630106 0.472514
vt 0.638205 0.404778
vt 0.632436 0.404902
vt 0.622482 0.472243
vt 0.623337 0.439485
vt 0.623540 0.405115
vt 0.614008 0.439151
vt 0.614685 0.404213
vt 0.672585 0.441095
vt 0.672634 0.406700
vt 0.692856 0.406927
vt 0.690585 0.442009
vt 0.673921 0.372807
vt 0.692037 0.369710
vt 0.667301 0.441246
vt 0.665598 0.406237
vt 0.666048 0.372211
vt 0.673481 0.352135
vt 0.665838 0.348762
vt 0.658513 0.405732
vt 0.658921 0.371624
vt 0.659127 0.348913
vt 0.666238 0.337588
vt 0.660335 0.337516
vt 0.652485 0.371051
vt 0.653228 0.348941
vt 0.654978 0.336911
vt 0.646929 0.347943
vt 0.649327 0.335785
vt 0.643332 0.331167
vt 0.645751 0.326880
vt 0.646135 0.370640
vt 0.651555 0.405384
vt 0.645174 0.405176
vt 0.650793 0.440663
vt 0.659192 0.440285
vt 0.658731 0.473477
vt 0.651057 0.473243
vt 0.670797 0.474096
vt 0.613185 0.471988
vt 0.689413 0.474702
vt 0.675995 0.473783
vt 0.674979 0.329195
vt 0.674378 0.336390
vt 0.666759 0.329476
vt 0.587019 0.948668
vt 0.667578 0.323322
vt 0.553677 0.939190
vt 0.555670 0.942464
vt 0.530157 0.925892
vt 0.531013 0.922284
vt 0.519321 0.918946
vt 0.519603 0.914333
vt 0.518749 0.924388
vt 0.517982 0.929470
vt 0.507893 0.923268
vt 0.564870 0.888561
vt 0.582111 0.905269
vt 0.537620 0.891843
vt 0.534140 0.895477
vt 0.543819 0.892875
vt 0.540745 0.899926
vt 0.511990 0.886837
vt 0.508099 0.852302
vt 0.528700 0.863500
vt 0.501677 0.856567
vt 0.508330 0.865033
vt 0.502336 0.868982
vt 0.495570 0.858840
vt 0.498510 0.873496
vt 0.493314 0.866985
vt 0.486017 0.853697
vt 0.492743 0.879922
vt 0.488586 0.873715
vt 0.484610 0.864322
vt 0.480687 0.847892
vt 0.479021 0.853872
vt 0.473772 0.836007
vt 0.473621 0.847282
vt 0.472498 0.852384
vt 0.100347 0.545597
vt 0.091779 0.517520
vt 0.095367 0.515619
vt 0.488381 0.067149
vt 0.473961 0.071849
vt 0.474078 0.067057
vt 0.481318 0.063955
vt 0.488447 0.071243
vt 0.474805 0.076408
vt 0.463653 0.078695
vt 0.467720 0.072271
vt 0.457987 0.083478
vt 0.459693 0.077959
vt 0.452321 0.081423
vt 0.454194 0.075249
vt 0.441841 0.074913
vt 0.446544 0.068874
vt 0.449006 0.059982
vt 0.934786 0.437714
vt 0.928079 0.431006
vt 0.945451 0.409551
vt 0.949378 0.416171
vt 0.921958 0.425692
vt 0.940398 0.402041
vt 0.452821 0.055684
vt 0.914521 0.420250
vt 0.938148 0.395953
vt 0.938387 0.378707
vt 0.114066 0.531305
vt 0.102942 0.516951
vt 0.108402 0.503720
vt 0.118331 0.503480
vt 0.122372 0.511190
vt 0.122871 0.549174
vt 0.121099 0.577577
vt 0.127401 0.582478
vt 0.123757 0.532746
vt 0.127895 0.554182
vt 0.132686 0.582220
vt 0.131765 0.611188
vt 0.137466 0.610370
vt 0.134166 0.553939
vt 0.138541 0.581338
vt 0.143224 0.609532
vt 0.143203 0.639012
vt 0.148277 0.637931
vt 0.143557 0.580515
vt 0.148504 0.608835
vt 0.153591 0.636735
vt 0.155285 0.660096
vt 0.160067 0.658636
vt 0.155556 0.607869
vt 0.159941 0.635324
vt 0.165621 0.657073
vt 0.098907 0.688279
vt 0.098770 0.672493
vt 0.102851 0.671090
vt 0.104306 0.687633
vt 0.106009 0.643311
vt 0.107945 0.669449
vt 0.101337 0.643938
vt 0.108450 0.687537
vt 0.114542 0.667829
vt 0.114620 0.688257
vt 0.112671 0.642496
vt 0.119278 0.641940
vt 0.109535 0.614825
vt 0.115537 0.613453
vt 0.121013 0.612680
vt 0.126116 0.643523
vt 0.126917 0.611675
vt 0.132127 0.641024
vt 0.136940 0.639889
vt 0.115138 0.577215
vt 0.110946 0.578935
vt 0.105496 0.584654
vt 0.103491 0.615676
vt 0.100105 0.586376
vt 0.097346 0.556027
vt 0.095475 0.587011
vt 0.092147 0.559198
vt 0.088631 0.538102
vt 0.090190 0.531919
vt 0.139310 0.553119
vt 0.136554 0.532398
vt 0.145087 0.529964
vt 0.146615 0.551817
vt 0.471761 0.829345
vt 0.478310 0.836162
vt 0.130323 0.533616
vt 0.124871 0.521730
vt 0.125480 0.517735
vt 0.150643 0.579339
vt 0.098942 0.615992
vt 0.096180 0.704079
vt 0.093989 0.675013
vt 0.092071 0.721985
vt 0.087212 0.738932
vt 0.091530 0.735849
vt 0.352574 0.875797
vt 0.335842 0.890261
vt 0.309878 0.896240
vt 0.316442 0.899628
vt 0.323311 0.903498
vt 0.296592 0.908462
vt 0.305101 0.912456
vt 0.329885 0.905822
vt 0.311837 0.914774
vt 0.279760 0.923977
vt 0.287356 0.926543
vt 0.337115 0.910483
vt 0.318880 0.919595
vt 0.295443 0.930010
vt 0.267016 0.941055
vt 0.324954 0.922664
vt 0.302907 0.931967
vt 0.277939 0.941958
vt 0.332069 0.927211
vt 0.310849 0.936235
vt 0.286184 0.945508
vt 0.953383 0.798888
vt 0.956049 0.818081
vt 0.951141 0.825353
vt 0.945833 0.808827
vt 0.317780 0.939173
vt 0.293271 0.947884
vt 0.940531 0.814971
vt 0.948380 0.831529
vt 0.941302 0.792366
vt 0.936569 0.798726
vt 0.945357 0.838452
vt 0.936450 0.821090
vt 0.930218 0.807288
vt 0.933143 0.826691
vt 0.925277 0.812822
vt 0.920202 0.802062
vt 0.915964 0.793547
vt 0.919091 0.816385
vt 0.913419 0.804404
vt 0.908105 0.796350
vt 0.264380 0.914431
vt 0.271711 0.918615
vt 0.251958 0.925251
vt 0.248179 0.920433
vt 0.902821 0.804867
vt 0.910297 0.821113
vt 0.287636 0.905310
vt 0.943464 0.845483
vt 0.303161 0.892951
vt 0.283964 0.900271
vt 0.324956 0.943007
vt 0.301234 0.950925
vt 0.340185 0.931009
vt 0.345640 0.936784
vt 0.373288 0.937503
vt 0.902549 0.786407
vt 0.949823 0.788595
vt 0.343602 0.914539
vt 0.165784 0.674743
vt 0.911749 0.443402
vt 0.906873 0.458097
vt 0.901250 0.451116
vt 0.917341 0.449758
vt 0.898447 0.463030
vt 0.895048 0.455935
vt 0.911264 0.463285
vt 0.921726 0.455481
vt 0.938254 0.445123
vt 0.924759 0.458938
vt 0.943948 0.449623
vt 0.431455 0.065008
vt 0.433116 0.061539
vt 0.436605 0.077489
vt 0.428720 0.067015
vt 0.942071 0.456728
vt 0.955188 0.468857
vt 0.954816 0.471351
vt 0.450962 0.086101
vt 0.450151 0.094879
vt 0.450130 0.112811
vt 0.456907 0.087678
vt 0.457348 0.096724
vt 0.455310 0.115277
vt 0.263676 0.059125
vt 0.267501 0.062171
vt 0.913351 0.466285
vt 0.927332 0.462631
vt 0.256700 0.050541
vt 0.254833 0.050665
vt 0.491419 0.074053
vt 0.487036 0.885575
vt 0.477715 0.894364
vt 0.463171 0.909479
vt 0.458474 0.905276
vt 0.456285 0.901706
vt 0.451965 0.899363
vt 0.438979 0.917505
vt 0.434256 0.915033
vt 0.431173 0.912184
vt 0.446352 0.896867
vt 0.427288 0.909543
vt 0.412967 0.922094
vt 0.401772 0.929262
vt 0.199704 0.739099
vt 0.209271 0.728186
vt 0.189126 0.754467
vt 0.186327 0.748167
vt 0.171905 0.762390
vt 0.169603 0.756649
vt 0.167516 0.751387
vt 0.164684 0.746335
vt 0.153830 0.763865
vt 0.151522 0.759759
vt 0.149034 0.754570
vt 0.161480 0.740363
vt 0.146101 0.749157
vt 0.153075 0.727221
vt 0.157224 0.733367
vt 0.142689 0.742535
vt 0.138757 0.735609
vt 0.161929 0.711647
vt 0.148764 0.721550
vt 0.135496 0.729909
vt 0.143802 0.714859
vt 0.131394 0.722742
vt 0.156455 0.769328
vt 0.204438 0.783928
vt 0.191569 0.788012
vt 0.156342 0.705661
vt 0.128039 0.717113
vt 0.138658 0.710877
vt 0.215628 0.773198
vt 0.218889 0.777064
vt 0.223592 0.782230
vt 0.209874 0.787105
vt 0.232994 0.771971
vt 0.237162 0.777203
vt 0.172284 0.700308
vt 0.247893 0.769655
vt 0.253559 0.775560
vt 0.267409 0.770670
vt 0.269692 0.774745
vt 0.271955 0.778070
vt 0.286545 0.775494
vt 0.293597 0.778932
vt 0.293389 0.782735
vt 0.273993 0.781578
vt 0.296584 0.789251
vt 0.277413 0.788096
vt 0.300358 0.797427
vt 0.279068 0.794219
vt 0.424980 0.907484
vt 0.442520 0.895086
vt 0.310233 0.784248
vt 0.323895 0.783377
vt 0.539000 0.856937
vt 0.285559 0.771453
vt 0.284473 0.767992
vt 0.265261 0.766679
vt 0.466911 0.913677
vt 0.444946 0.923967
vt 0.441186 0.921249
vt 0.426759 0.935227
vt 0.201249 0.753931
vt 0.506758 0.874693
vt 0.500194 0.915806
vt 0.516183 0.826182
vt 0.164194 0.206373
vt 0.225516 0.225316
vt 0.224168 0.228499
vt 0.241113 0.226234
vt 0.241356 0.229428
vt 0.240435 0.233946
vt 0.262736 0.228532
vt 0.263524 0.232012
vt 0.264105 0.234982
vt 0.287922 0.227391
vt 0.289112 0.229653
vt 0.289008 0.232797
vt 0.264922 0.237130
vt 0.288359 0.235862
vt 0.265379 0.239909
vt 0.287137 0.239329
vt 0.264463 0.242558
vt 0.243292 0.246039
vt 0.264124 0.245609
vt 0.244241 0.250445
vt 0.287965 0.241947
vt 0.287175 0.224238
vt 0.262380 0.226432
vt 0.286327 0.221776
vt 0.311491 0.216861
vt 0.312482 0.220248
vt 0.312686 0.224219
vt 0.337137 0.216944
vt 0.338081 0.221067
vt 0.338278 0.224647
vt 0.313374 0.227681
vt 0.339073 0.229266
vt 0.313852 0.231708
vt 0.339544 0.232993
vt 0.314645 0.235476
vt 0.339347 0.235617
vt 0.313793 0.237799
vt 0.338597 0.238187
vt 0.313175 0.239899
vt 0.363964 0.234325
vt 0.365008 0.236529
vt 0.362658 0.214125
vt 0.336840 0.213757
vt 0.362129 0.210828
vt 0.385165 0.208119
vt 0.385862 0.211310
vt 0.386175 0.215377
vt 0.363282 0.218360
vt 0.363509 0.221842
vt 0.363891 0.226058
vt 0.364201 0.230568
vt 0.387491 0.232097
vt 0.816371 0.606020
vt 0.810563 0.620171
vt 0.808159 0.619471
vt 0.820257 0.607761
vt 0.812900 0.620713
vt 0.387073 0.236021
vt 0.820001 0.591270
vt 0.824076 0.593245
vt 0.827256 0.595710
vt 0.823720 0.609162
vt 0.404757 0.206064
vt 0.404502 0.209117
vt 0.404627 0.213221
vt 0.829355 0.577084
vt 0.832204 0.579928
vt 0.835701 0.556540
vt 0.838277 0.559762
vt 0.841027 0.564418
vt 0.806738 0.535286
vt 0.811160 0.537781
vt 0.807641 0.554597
vt 0.804855 0.550912
vt 0.814927 0.539957
vt 0.843579 0.569844
vt 0.420041 0.010517
vt 0.417864 0.014230
vt 0.396770 0.014140
vt 0.399614 0.010517
vt 0.416578 0.018750
vt 0.394771 0.017776
vt 0.819367 0.541718
vt 0.415415 0.022503
vt 0.392775 0.020682
vt 0.823617 0.543404
vt 0.832428 0.525109
vt 0.826579 0.546543
vt 0.829355 0.523422
vt 0.835697 0.527646
vt 0.829830 0.549797
vt 0.838540 0.530040
vt 0.832214 0.552891
vt 0.825485 0.574411
vt 0.841507 0.533504
vt 0.844707 0.512690
vt 0.847182 0.514970
vt 0.600287 0.911734
vt 0.603858 0.911371
vt 0.843083 0.537186
vt 0.409072 0.032314
vt 0.411559 0.029754
vt 0.413996 0.026329
vt 0.433868 0.019766
vt 0.447406 0.015738
vt 0.448770 0.020244
vt 0.434963 0.014872
vt 0.461849 0.017517
vt 0.463813 0.022848
vt 0.459732 0.011772
vt 0.446530 0.010754
vt 0.618289 0.949437
vt 0.619563 0.961423
vt 0.436486 0.010650
vt 0.620031 0.932658
vt 0.618153 0.925693
vt 0.612626 0.918996
vt 0.617753 0.936952
vt 0.402627 0.006765
vt 0.417024 0.005217
vt 0.161051 0.220320
vt 0.089569 0.421180
vt 0.082427 0.429462
vt 0.471652 0.707900
vt 0.471604 0.714251
vt 0.447614 0.713641
vt 0.447684 0.707901
vt 0.471620 0.719232
vt 0.447383 0.719021
vt 0.498120 0.714660
vt 0.498008 0.719675
vt 0.497791 0.726271
vt 0.471705 0.725960
vt 0.447507 0.725543
vt 0.471443 0.731537
vt 0.447402 0.731043
vt 0.471417 0.736946
vt 0.471441 0.741065
vt 0.447431 0.740721
vt 0.447300 0.736095
vt 0.471198 0.745614
vt 0.447152 0.745298
vt 0.497461 0.741495
vt 0.497155 0.746119
vt 0.497960 0.699756
vt 0.471829 0.699525
vt 0.471893 0.695039
vt 0.497917 0.695125
vt 0.447774 0.699335
vt 0.447807 0.694626
vt 0.471765 0.703530
vt 0.447670 0.703232
vt 0.498048 0.703858
vt 0.498129 0.708251
vt 0.517644 0.699988
vt 0.531372 0.695422
vt 0.531825 0.700172
vt 0.517641 0.695400
vt 0.543250 0.695243
vt 0.543157 0.700007
vt 0.556897 0.694497
vt 0.556201 0.699862
vt 0.555067 0.704484
vt 0.570802 0.698996
vt 0.570449 0.704508
vt 0.569364 0.708217
vt 0.553597 0.708455
vt 0.571590 0.692255
vt 0.554331 0.742007
vt 0.556241 0.746251
vt 0.542524 0.746625
vt 0.530691 0.746234
vt 0.516896 0.746966
vt 0.497425 0.737298
vt 0.497567 0.731812
vt 0.517716 0.719826
vt 0.370854 0.904476
vt 0.382198 0.909518
vt 0.242567 0.949860
vt 0.381390 0.417377
vt 0.377621 0.415925
vt 0.409906 0.410159
vt 0.407017 0.427922
vt 0.377371 0.448709
vt 0.371924 0.447483
vt 0.398726 0.460337
vt 0.403160 0.460798
vt 0.400588 0.493854
vt 0.395801 0.493175
vt 0.391187 0.492301
vt 0.394828 0.458023
vt 0.387064 0.492015
vt 0.390569 0.455926
vt 0.382641 0.488578
vt 0.386860 0.454336
vt 0.376892 0.485267
vt 0.382226 0.452094
vt 0.371578 0.483981
vt 0.372494 0.515426
vt 0.363994 0.512832
vt 0.355727 0.511518
vt 0.365026 0.480846
vt 0.395871 0.525539
vt 0.402123 0.553888
vt 0.379054 0.519936
vt 0.899877 0.799483
vt 0.899797 0.953026
vt 0.309646 0.691671
vt 0.549291 0.776675
vt 0.546199 0.766583
vt 0.582732 0.750749
vt 0.580740 0.773697
vt 0.543568 0.758999
vt 0.580566 0.743116
vt 0.614514 0.772473
vt 0.622611 0.743883
vt 0.577059 0.790155
vt 0.609139 0.793363
vt 0.606502 0.805846
vt 0.572051 0.802079
vt 0.542307 0.806181
vt 0.544226 0.799422
vt 0.568271 0.809576
vt 0.547605 0.789816
vt 0.520242 0.802817
vt 0.564132 0.818316
vt 0.537519 0.813370
vt 0.519662 0.808259
vt 0.439610 0.799098
vt 0.460684 0.791559
vt 0.460192 0.797885
vt 0.438507 0.806765
vt 0.439908 0.790523
vt 0.459711 0.784832
vt 0.438297 0.779849
vt 0.456537 0.772966
vt 0.465661 0.772570
vt 0.475165 0.766549
vt 0.674132 0.874392
vt 0.691282 0.883298
vt 0.687186 0.890390
vt 0.676192 0.885962
vt 0.462063 0.759880
vt 0.456035 0.761343
vt 0.481872 0.761261
vt 0.462431 0.753851
vt 0.688135 0.874700
vt 0.698844 0.880460
vt 0.708383 0.892447
vt 0.708893 0.881049
vt 0.722850 0.879001
vt 0.729159 0.867401
vt 0.715904 0.867939
vt 0.698292 0.876175
vt 0.702850 0.874979
vt 0.707513 0.867272
vt 0.715697 0.856152
vt 0.704009 0.857801
vt 0.701064 0.871396
vt 0.700604 0.866796
vt 0.695961 0.859871
vt 0.696295 0.867528
vt 0.691880 0.861811
vt 0.683105 0.848271
vt 0.687707 0.846843
vt 0.695438 0.844467
vt 0.677317 0.827140
vt 0.684089 0.823259
vt 0.672894 0.829320
vt 0.676675 0.851977
vt 0.686528 0.868576
vt 0.671365 0.857430
vt 0.688500 0.865167
vt 0.671317 0.864749
vt 0.646188 0.859393
vt 0.652550 0.875523
vt 0.612629 0.862891
vt 0.626906 0.842388
vt 0.596955 0.861114
vt 0.605002 0.844249
vt 0.895971 0.255624
vt 0.893066 0.277369
vt 0.411225 0.805786
vt 0.399884 0.808579
vt 0.399617 0.801090
vt 0.416174 0.796635
vt 0.606789 0.873183
vt 0.594019 0.867952
vt 0.413897 0.786980
vt 0.696359 0.871736
vt 0.486709 0.762627
vt 0.464733 0.752441
vt 0.464536 0.748059
vt 0.735152 0.886472
vt 0.737662 0.883750
vt 0.399247 0.815031
vt 0.604991 0.814378
vt 0.603913 0.821760
vt 0.757027 0.827494
vt 0.778025 0.839717
vt 0.725598 0.927628
vt 0.729494 0.933718
vt 0.728638 0.927862
vt 0.042672 0.886715
vt 0.040080 0.895395
vt 0.047153 0.897872
vt 0.053117 0.898746
vt 0.052513 0.913442
vt 0.059103 0.916593
vt 0.057738 0.901357
vt 0.064188 0.919260
vt 0.067116 0.940642
vt 0.072574 0.944278
vt 0.063247 0.904496
vt 0.070428 0.922922
vt 0.889352 0.023984
vt 0.884776 0.027768
vt 0.860406 0.021189
vt 0.864184 0.018566
vt 0.868390 0.015236
vt 0.893501 0.020061
vt 0.873069 0.011322
vt 0.897443 0.015728
vt 0.916329 0.018690
vt 0.931677 0.019122
vt 0.901330 0.011243
vt 0.919926 0.013562
vt 0.933419 0.012239
vt 0.877526 0.007194
vt 0.879123 0.035543
vt 0.899782 0.039026
vt 0.896590 0.043146
vt 0.876359 0.039337
vt 0.914144 0.047473
vt 0.882022 0.031346
vt 0.903486 0.034250
vt 0.046330 0.910529
vt 0.060552 0.937204
vt 0.054494 0.934130
vt 0.047420 0.931336
vt 0.039289 0.908482
vt 0.033296 0.893513
vt 0.032303 0.907052
vt 0.033098 0.926454
vt 0.025459 0.906546
vt 0.040055 0.928648
vt 0.946042 0.014513
vt 0.431133 0.237411
vt 0.411649 0.230768
vt 0.453016 0.243743
vt 0.427950 0.243461
vt 0.453688 0.236453
vt 0.453986 0.229590
vt 0.480624 0.236949
vt 0.481126 0.230089
vt 0.454180 0.223293
vt 0.481026 0.224092
vt 0.511918 0.231230
vt 0.512141 0.225200
vt 0.452699 0.260057
vt 0.479541 0.260633
vt 0.479347 0.268832
vt 0.452573 0.268631
vt 0.510824 0.261825
vt 0.510544 0.269771
vt 0.543360 0.269846
vt 0.543537 0.262551
vt 0.479930 0.251522
vt 0.511145 0.252607
vt 0.543895 0.253425
vt 0.576134 0.261074
vt 0.576403 0.253754
vt 0.511492 0.245300
vt 0.544016 0.246279
vt 0.576682 0.246542
vt 0.607498 0.251809
vt 0.607252 0.245083
vt 0.544261 0.239160
vt 0.576664 0.239986
vt 0.606966 0.238445
vt 0.607904 0.231693
vt 0.636326 0.243676
vt 0.577053 0.232860
vt 0.544530 0.232274
vt 0.544794 0.226293
vt 0.577399 0.226205
vt 0.608662 0.225131
vt 0.607031 0.265552
vt 0.607298 0.259108
vt 0.575988 0.267976
vt 0.511701 0.238110
vt 0.480199 0.244273
vt 0.451228 0.250873
vt 0.432715 0.259804
vt 0.422109 0.253167
vt 0.655914 0.241362
vt 0.662750 0.240949
vt 0.433164 0.269803
vt 0.714644 0.940829
vt 0.714614 0.934219
vt 0.708466 0.939551
vt 0.708700 0.933347
vt 0.700252 0.939090
vt 0.700414 0.932949
vt 0.700529 0.928193
vt 0.686839 0.932569
vt 0.686879 0.928016
vt 0.687002 0.923913
vt 0.700490 0.924094
vt 0.687225 0.919083
vt 0.700543 0.919289
vt 0.686759 0.944392
vt 0.699757 0.944700
vt 0.699831 0.949325
vt 0.686631 0.949141
vt 0.686857 0.938784
vt 0.667700 0.944010
vt 0.667710 0.938458
vt 0.667771 0.932232
vt 0.651758 0.938199
vt 0.651658 0.932012
vt 0.651587 0.927613
vt 0.667850 0.927767
vt 0.651694 0.923598
vt 0.667957 0.923708
vt 0.651961 0.918824
vt 0.668071 0.918966
vt 0.651788 0.943904
vt 0.667636 0.948836
vt 0.651563 0.948837
vt 0.639619 0.948548
vt 0.640235 0.919137
vt 0.639938 0.923523
vt 0.631504 0.949178
vt 0.816254 0.032515
vt 0.828002 0.023065
vt 0.454519 0.938673
vt 0.451155 0.935202
vt 0.469126 0.924108
vt 0.837902 0.007159
vt 0.834747 0.005670
vt 0.428908 0.947667
vt 0.426659 0.943939
vt 0.424268 0.940292
vt 0.447612 0.932209
vt 0.434457 0.959932
vt 0.433826 0.957138
vt 0.990647 0.789007
vt 0.991185 0.793643
vt 0.052699 0.159217
vt 0.052581 0.163519
vt 0.032709 0.162373
vt 0.432697 0.954207
vt 0.053095 0.154434
vt 0.457084 0.942181
vt 0.430814 0.950779
vt 0.053299 0.149415
vt 0.991611 0.798493
vt 0.991877 0.802868
vt 0.814657 0.041706
vt 0.821953 0.038855
vt 0.597732 0.963007
vt 0.599016 0.946520
vt 0.850081 0.503508
vt 0.847349 0.502954
vt 0.928829 0.036820
vt 0.266659 0.135273
vt 0.322534 0.113138
vt 0.322732 0.117918
vt 0.323464 0.124441
vt 0.324539 0.139260
vt 0.324139 0.147375
vt 0.307849 0.110103
vt 0.320054 0.108715
vt 0.331286 0.105194
vt 0.344177 0.152267
vt 0.214843 0.081911
vt 0.216987 0.188620
vt 0.215975 0.186999
vt 0.203814 0.148955
vt 0.199659 0.151036
vt 0.212729 0.179693
vt 0.212638 0.188038
vt 0.923722 0.942724
vt 0.923396 0.947581
vt 0.913688 0.944414
vt 0.913934 0.939564
vt 0.934411 0.944576
vt 0.933985 0.948758
vt 0.932872 0.952780
vt 0.946137 0.949857
vt 0.945633 0.954293
vt 0.944645 0.959998
vt 0.945179 0.964996
vt 0.946706 0.969272
vt 0.945528 0.973435
vt 0.932269 0.976645
vt 0.944857 0.977539
vt 0.921974 0.978129
vt 0.943822 0.981190
vt 0.931771 0.980609
vt 0.921645 0.981153
vt 0.946486 0.945662
vt 0.913142 0.981030
vt 0.914514 0.984235
vt 0.202296 0.160065
vt 0.197812 0.159753
vt 0.623340 0.892294
vt 0.648025 0.890878
vt 0.600331 0.886290
vt 0.614405 0.883306
vt 0.622987 0.887223
vt 0.649298 0.904581
vt 0.626259 0.902568
vt 0.682591 0.897084
vt 0.682459 0.893580
vt 0.682460 0.904142
vt 0.682416 0.907633
vt 0.682631 0.900494
vt 0.474190 0.195884
vt 0.480132 0.195949
vt 0.485611 0.183637
vt 0.485105 0.189325
vt 0.485275 0.196038
vt 0.481494 0.205698
vt 0.484954 0.204740
vt 0.493048 0.189702
vt 0.492887 0.195947
vt 0.492412 0.203744
vt 0.483911 0.214313
vt 0.492096 0.213141
vt 0.506880 0.195423
vt 0.507260 0.202883
vt 0.507371 0.212237
vt 0.814606 0.877745
vt 0.822064 0.879436
vt 0.817872 0.892445
vt 0.810891 0.890371
vt 0.802012 0.874483
vt 0.808348 0.875999
vt 0.804150 0.888238
vt 0.797538 0.886144
vt 0.795441 0.872599
vt 0.791279 0.883889
vt 0.789001 0.870319
vt 0.785150 0.881730
vt 0.492845 0.178179
vt 0.492157 0.172291
vt 0.505107 0.171816
vt 0.505627 0.177645
vt 0.778870 0.879428
vt 0.782660 0.868283
vt 0.485863 0.178011
vt 0.485198 0.172779
vt 0.480471 0.177319
vt 0.479627 0.171777
vt 0.492991 0.183856
vt 0.506244 0.183384
vt 0.506502 0.189355
vt 0.473922 0.219652
vt 0.474004 0.207224
vt 0.480807 0.216160
vt 0.451667 0.175218
vt 0.454312 0.172006
vt 0.795701 0.820859
vt 0.806244 0.836098
vt 0.808396 0.842784
vt 0.805848 0.848018
vt 0.814974 0.842034
vt 0.812863 0.849733
vt 0.811351 0.854701
vt 0.818901 0.857950
vt 0.828795 0.859470
vt 0.812942 0.832308
vt 0.338533 0.094550
vt 0.351194 0.075940
vt 0.347414 0.088146
vt 0.318833 0.051878
vt 0.291058 0.087107
vt 0.330031 0.096207
vt 0.920354 0.387942
vt 0.446198 0.125471
vt 0.447301 0.129653
vt 0.176750 0.258057
vt 0.166804 0.258134
vt 0.156022 0.258019
vt 0.166451 0.290209
vt 0.155637 0.290157
vt 0.185301 0.290212
vt 0.184871 0.258150
vt 0.195232 0.258182
vt 0.195453 0.290298
vt 0.184073 0.235963
vt 0.195276 0.238769
vt 0.176480 0.290289
vt 0.185231 0.323716
vt 0.176286 0.323738
vt 0.166295 0.323742
vt 0.176162 0.357074
vt 0.166162 0.357050
vt 0.155352 0.357017
vt 0.155553 0.323707
vt 0.185054 0.356842
vt 0.195397 0.323823
vt 0.195529 0.357117
vt 0.084810 0.321134
vt 0.095134 0.321062
vt 0.095137 0.330968
vt 0.086070 0.331463
vt 0.056087 0.345601
vt 0.048354 0.346426
vt 0.085467 0.345329
vt 0.095194 0.345777
vt 0.071368 0.332154
vt 0.071902 0.345058
vt 0.093614 0.369342
vt 0.084219 0.369305
vt 0.072019 0.369384
vt 0.063190 0.345396
vt 0.064187 0.369232
vt 0.083145 0.386090
vt 0.072462 0.386443
vt 0.066428 0.386642
vt 0.057062 0.369413
vt 0.071742 0.398492
vt 0.066373 0.398551
vt 0.049102 0.369830
vt 0.091453 0.387471
vt 0.071479 0.321391
vt 0.036089 0.231276
vt 0.029461 0.230272
vt 0.022459 0.229573
vt 0.024497 0.219165
vt 0.025300 0.211583
vt 0.015255 0.218191
vt 0.015900 0.210358
vt 0.026276 0.205058
vt 0.017467 0.204648
vt 0.728920 0.357094
vt 0.731553 0.362186
vt 0.749050 0.339617
vt 0.752279 0.343214
vt 0.744175 0.348694
vt 0.742399 0.343893
vt 0.727985 0.351802
vt 0.741133 0.339392
vt 0.727611 0.345974
vt 0.720829 0.349125
vt 0.726536 0.340372
vt 0.719721 0.342968
vt 0.714665 0.351393
vt 0.712401 0.345304
vt 0.738385 0.327900
vt 0.739697 0.333656
vt 0.725366 0.333211
vt 0.718189 0.336217
vt 0.724003 0.325659
vt 0.736857 0.313956
vt 0.737563 0.320910
vt 0.723408 0.317671
vt 0.736566 0.306747
vt 0.723194 0.310185
vt 0.970829 0.706115
vt 0.970091 0.700117
vt 0.978873 0.698993
vt 0.979673 0.704893
vt 0.716910 0.311152
vt 0.984451 0.704184
vt 0.747240 0.330443
vt 0.747607 0.335141
vt 0.703627 0.405297
vt 0.702243 0.404243
vt 0.705978 0.387573
vt 0.702458 0.397870
vt 0.705507 0.416694
vt 0.707685 0.392600
vt 0.708652 0.394916
vt 0.706803 0.421979
vt 0.703229 0.412759
vt 0.706488 0.389302
vt 0.700833 0.437699
vt 0.699522 0.436026
vt 0.696502 0.461972
vt 0.695693 0.461808
vt 0.233485 0.028800
vt 0.235477 0.032785
vt 0.219256 0.032093
vt 0.219459 0.028988
vt 0.235421 0.035033
vt 0.221994 0.035253
vt 0.253443 0.028214
vt 0.253025 0.033121
vt 0.252905 0.035176
vt 0.270964 0.033120
vt 0.270962 0.035061
vt 0.271031 0.025251
vt 0.253038 0.025697
vt 0.252827 0.021790
vt 0.271002 0.021236
vt 0.235114 0.026450
vt 0.235305 0.022872
vt 0.271073 0.027584
vt 0.291626 0.025373
vt 0.291516 0.028090
vt 0.289038 0.033116
vt 0.289214 0.021522
vt 0.302998 0.030351
vt 0.303298 0.034221
vt 0.289061 0.035153
vt 0.032024 0.439950
vt 0.043553 0.434861
vt 0.043985 0.444980
vt 0.030347 0.443321
vt 0.701234 0.442140
vt 0.032328 0.166782
vt 0.039591 0.166447
vt 0.585976 0.970001
vt 0.045874 0.166320
vt 0.946541 0.911408
vt 0.949105 0.923599
vt 0.948332 0.931235
vt 0.908701 0.924736
vt 0.909331 0.916873
vt 0.914960 0.905231
vt 0.941161 0.893705
vt 0.945559 0.896343
vt 0.922694 0.894422
vt 0.919036 0.890415
vt 0.929032 0.884599
vt 0.925845 0.898483
vt 0.933117 0.888002
vt 0.930062 0.902791
vt 0.936899 0.890923
vt 0.935152 0.877386
vt 0.938624 0.878491
vt 0.943392 0.879692
vt 0.930679 0.875529
vt 0.965071 0.817273
vt 0.965444 0.823041
vt 0.958841 0.825013
vt 0.959187 0.819150
vt 0.939830 0.872101
vt 0.937071 0.871466
vt 0.975132 0.327992
vt 0.971427 0.327107
vt 0.947173 0.883357
vt 0.992275 0.309572
vt 0.995910 0.311825
vt 0.991404 0.314242
vt 0.556813 0.973748
vt 0.972185 0.380205
vt 0.967607 0.379726
vt 0.960460 0.379285
vt 0.949637 0.379468
vt 0.941150 0.380534
vt 0.050487 0.166081
vt 0.606906 0.049636
vt 0.602258 0.058884
vt 0.611169 0.047180
vt 0.605104 0.060613
vt 0.607729 0.053082
vt 0.595254 0.077109
vt 0.600941 0.077673
vt 0.610629 0.050575
vt 0.610661 0.059858
vt 0.605729 0.075713
vt 0.378051 0.173877
vt 0.360107 0.187787
vt 0.359475 0.184830
vt 0.375137 0.167053
vt 0.617418 0.060761
vt 0.614694 0.078233
vt 0.605738 0.089293
vt 0.602919 0.088683
vt 0.353772 0.146179
vt 0.374778 0.153376
vt 0.373811 0.160183
vt 0.354814 0.151424
vt 0.363722 0.196669
vt 0.361606 0.190904
vt 0.380096 0.179355
vt 0.383395 0.184916
vt 0.386260 0.189581
vt 0.366162 0.201817
vt 0.589511 0.067996
vt 0.585321 0.067339
vt 0.390006 0.194619
vt 0.369567 0.207350
vt 0.580263 0.059336
vt 0.555076 0.060826
vt 0.576736 0.055552
vt 0.557519 0.065948
vt 0.590544 0.033401
vt 0.225814 0.531575
vt 0.214775 0.513785
vt 0.219843 0.510389
vt 0.230936 0.528166
vt 0.205486 0.497198
vt 0.210664 0.494363
vt 0.608859 0.030662
vt 0.894977 0.683329
vt 0.899656 0.679989
vt 0.906601 0.691395
vt 0.903609 0.693350
vt 0.551700 0.953428
vt 0.573074 0.953641
vt 0.572857 0.959351
vt 0.551376 0.959380
vt 0.200343 0.499480
vt 0.194130 0.480016
vt 0.200207 0.476121
vt 0.885364 0.685622
vt 0.876501 0.688181
vt 0.208496 0.517567
vt 0.213240 0.539061
vt 0.219172 0.535827
vt 0.221699 0.561772
vt 0.209198 0.540961
vt 0.225986 0.559064
vt 0.231636 0.555450
vt 0.215728 0.565446
vt 0.203027 0.544038
vt 0.206849 0.570704
vt 0.194359 0.547853
vt 0.184807 0.532462
vt 0.180220 0.554169
vt 0.171038 0.539832
vt 0.179511 0.521374
vt 0.175760 0.514693
vt 0.185572 0.509412
vt 0.212399 0.878824
vt 0.210075 0.880059
vt 0.232655 0.892384
vt 0.229494 0.891985
vt 0.636922 0.055727
vt 0.634035 0.043734
vt 0.643791 0.040888
vt 0.647139 0.053438
vt 0.217845 0.877881
vt 0.236118 0.890684
vt 0.247904 0.889690
vt 0.233246 0.879041
vt 0.189926 0.859420
vt 0.200415 0.856510
vt 0.256424 0.877787
vt 0.238127 0.853622
vt 0.171354 0.835990
vt 0.189279 0.833908
vt 0.245825 0.693461
vt 0.262681 0.679440
vt 0.277497 0.703201
vt 0.264711 0.714957
vt 0.253274 0.726275
vt 0.235270 0.704287
vt 0.170774 0.559202
vt 0.192186 0.579242
vt 0.183235 0.584142
vt 0.115295 0.314970
vt 0.104518 0.339055
vt 0.102114 0.336170
vt 0.111123 0.312474
vt 0.158615 0.546478
vt 0.161280 0.544173
vt 0.167449 0.559168
vt 0.109053 0.342182
vt 0.103394 0.358254
vt 0.099366 0.354875
vt 0.159836 0.863819
vt 0.158398 0.866830
vt 0.120401 0.350560
vt 0.115090 0.365011
vt 0.133492 0.357723
vt 0.124805 0.372816
vt 0.120545 0.382215
vt 0.136640 0.379524
vt 0.130105 0.387708
vt 0.127868 0.390460
vt 0.118663 0.384967
vt 0.120725 0.400778
vt 0.110718 0.395326
vt 0.111133 0.415525
vt 0.101357 0.409473
vt 0.090855 0.407203
vt 0.771296 0.094474
vt 0.770250 0.084931
vt 0.793464 0.077698
vt 0.796603 0.084113
vt 0.126391 0.463258
vt 0.138926 0.444070
vt 0.144442 0.447212
vt 0.130175 0.466941
vt 0.147061 0.433167
vt 0.152830 0.437896
vt 0.123584 0.460815
vt 0.136786 0.441495
vt 0.145261 0.429476
vt 0.118848 0.455288
vt 0.131335 0.435636
vt 0.141464 0.421848
vt 0.161515 0.792750
vt 0.126386 0.429506
vt 0.164594 0.800911
vt 0.112996 0.451226
vt 0.108439 0.448956
vt 0.124007 0.427029
vt 0.104006 0.445951
vt 0.119870 0.422011
vt 0.094839 0.440880
vt 0.085606 0.436839
vt 0.138890 0.397645
vt 0.143358 0.392432
vt 0.167669 0.813600
vt 0.182815 0.813525
vt 0.242698 0.736391
vt 0.257740 0.739763
vt 0.252209 0.746995
vt 0.225051 0.715562
vt 0.139961 0.368156
vt 0.216997 0.725223
vt 0.233583 0.745255
vt 0.129368 0.323070
vt 0.141765 0.327629
vt 0.119280 0.317214
vt 0.639588 0.076029
vt 0.648190 0.073548
vt 0.657118 0.096275
vt 0.650617 0.098172
vt 0.266902 0.886780
vt 0.352482 0.138172
vt 0.372868 0.141522
vt 0.625846 0.059565
vt 0.622630 0.078007
vt 0.616762 0.048833
vt 0.623345 0.045598
vt 0.238713 0.550868
vt 0.243678 0.547622
vt 0.482289 0.107386
vt 0.497687 0.108572
vt 0.495899 0.161192
vt 0.481196 0.161759
vt 0.519123 0.115284
vt 0.520051 0.110169
vt 0.517702 0.154403
vt 0.517756 0.161596
vt 0.538179 0.163232
vt 0.539915 0.157355
vt 0.518153 0.147868
vt 0.518410 0.141352
vt 0.518816 0.135476
vt 0.518902 0.127540
vt 0.542027 0.127593
vt 0.516654 0.121404
vt 0.541597 0.122415
vt 0.541950 0.116590
vt 0.543952 0.111998
vt 0.884236 0.380811
vt 0.884086 0.396711
vt 0.844111 0.398504
vt 0.874238 0.424882
vt 0.884004 0.424834
vt 0.855126 0.425804
vt 0.845218 0.426483
vt 0.845924 0.457669
vt 0.855582 0.457032
vt 0.864419 0.425111
vt 0.865063 0.456516
vt 0.874817 0.456191
vt 0.884397 0.456077
vt 0.878795 0.362361
vt 0.580046 0.113791
vt 0.583249 0.126756
vt 0.971894 0.081274
vt 0.983973 0.107281
vt 0.489331 0.380481
vt 0.491243 0.372938
vt 0.083243 0.841553
vt 0.208175 0.245826
vt 0.465313 0.466441
vt 0.465760 0.460096
vt 0.675709 0.770465
vt 0.809460 0.110198
vt 0.812213 0.123176
vt 0.807264 0.126909
vt 0.806675 0.125742
vt 0.927533 0.058886
vt 0.920684 0.055518
vt 0.548264 0.946930
vt 0.609376 0.344420
vt 0.608175 0.337688
vt 0.447067 0.130357
vt 0.995219 0.101697
vt 0.984525 0.095681
vt 0.979083 0.087775
vt 0.993656 0.105997
vt 0.246196 0.102095
vt 0.348769 0.109984
vt 0.346328 0.117409
vt 0.350065 0.123914
vt 0.242661 0.083238
vt 0.809499 0.824208
vt 0.441670 0.204904
vt 0.581666 0.706694
vt 0.578648 0.699411
vt 0.775101 0.641406
vt 0.757508 0.314099
vt 0.758128 0.307872
vt 0.762659 0.304311
vt 0.765421 0.311125
vt 0.701325 0.354871
vt 0.698661 0.459560
vt 0.476759 0.946429
vt 0.341413 0.995623
vt 0.342708 0.995784
vt 0.343980 0.998273
vt 0.405778 0.992117
vt 0.405038 0.998773
vt 0.337189 0.989919
vt 0.380664 0.993584
vt 0.389560 0.994249
vt 0.728896 0.935764
vt 0.349266 0.068563
vt 0.351576 0.067080
vt 0.470044 0.066202
vt 0.361907 0.555323
vt 0.638989 0.810302
vt 0.553572 0.939251
vt 0.448668 0.133521
vt 0.446426 0.132557
vt 0.638903 0.821607
vt 0.149198 0.101330
vt 0.150225 0.097940
vt 0.157653 0.086594
vt 0.139835 0.084745
vt 0.984874 0.094339
vt 0.150680 0.993971
vt 0.151200 0.994141
vt 0.151100 0.994279
vt 0.150562 0.994195
vt 0.149160 0.997800
vt 0.148955 0.997660
vt 0.148938 0.997235
vt 0.149154 0.997150
vt 0.149177 0.996673
vt 0.148945 0.996688
vt 0.793930 0.997467
vt 0.794499 0.997479
vt 0.794509 0.997600
vt 0.793937 0.997621
vt 0.150431 0.994417
vt 0.149976 0.994444
vt 0.149997 0.994265
vt 0.794511 0.997289
vt 0.793946 0.997288
vt 0.793379 0.997282
vt 0.793361 0.997461
vt 0.793955 0.997059
vt 0.794516 0.997059
vt 0.793389 0.997060
vt 0.792824 0.997063
vt 0.792813 0.997283
vt 0.793964 0.997873
vt 0.793397 0.997895
vt 0.793367 0.997645
vt 0.792831 0.997912
vt 0.792803 0.997664
vt 0.792233 0.997677
vt 0.792297 0.997919
vt 0.792797 0.997451
vt 0.792231 0.997435
vt 0.791669 0.997418
vt 0.791666 0.997635
vt 0.792245 0.997271
vt 0.791689 0.997281
vt 0.852118 0.992988
vt 0.852061 0.993354
vt 0.851926 0.993265
vt 0.851954 0.992959
vt 0.852048 0.993922
vt 0.852266 0.993371
vt 0.852232 0.993941
vt 0.852307 0.993003
vt 0.852504 0.993368
vt 0.852471 0.993938
vt 0.852503 0.992996
vt 0.792287 0.997066
vt 0.791299 0.997587
vt 0.791309 0.997430
vt 0.794527 0.997841
vt 0.150015 0.994041
vt 0.151194 0.994397
vt 0.791113 0.997601
vt 0.791167 0.997497
vt 0.797738 0.993576
vt 0.798344 0.993610
vt 0.798445 0.993689
vt 0.797767 0.993815
vt 0.798376 0.993542
vt 0.797768 0.993424
vt 0.796773 0.993261
vt 0.796756 0.993459
vt 0.797977 0.993184
vt 0.798511 0.993518
vt 0.797749 0.993965
vt 0.797666 0.994222
vt 0.796688 0.994210
vt 0.796751 0.993876
vt 0.795771 0.993776
vt 0.795699 0.994138
vt 0.796748 0.993726
vt 0.795741 0.993626
vt 0.794737 0.993572
vt 0.794774 0.993729
vt 0.795760 0.993334
vt 0.794769 0.993279
vt 0.817766 0.997102
vt 0.818587 0.996556
vt 0.818740 0.996912
vt 0.817755 0.997363
vt 0.820025 0.997916
vt 0.818939 0.997586
vt 0.818981 0.997503
vt 0.820057 0.997814
vt 0.817877 0.997676
vt 0.818146 0.997567
vt 0.817908 0.997506
vt 0.818853 0.997067
vt 0.817086 0.997715
vt 0.817099 0.997799
vt 0.817041 0.997614
vt 0.794719 0.994028
vt 0.143812 0.992801
vt 0.143867 0.992584
vt 0.144514 0.992640
vt 0.144498 0.992783
vt 0.795809 0.993183
vt 0.144024 0.997771
vt 0.143397 0.997809
vt 0.143380 0.997675
vt 0.144016 0.997673
vt 0.857020 0.995484
vt 0.857458 0.995502
vt 0.857611 0.995618
vt 0.857028 0.995741
vt 0.857606 0.995400
vt 0.857064 0.995198
vt 0.851230 0.998258
vt 0.851235 0.997731
vt 0.851482 0.997809
vt 0.851439 0.998237
vt 0.851192 0.997225
vt 0.851139 0.997733
vt 0.851126 0.997224
vt 0.851117 0.998258
vt 0.140897 0.995415
vt 0.140743 0.995095
vt 0.140847 0.995052
vt 0.140934 0.995359
vt 0.850937 0.998249
vt 0.850907 0.997820
vt 0.138260 0.997576
vt 0.138431 0.997589
vt 0.138431 0.997906
vt 0.138328 0.997906
vt 0.141049 0.995002
vt 0.141029 0.995432
vt 0.797897 0.996576
vt 0.800989 0.996719
vt 0.798782 0.996730
vt 0.797386 0.996708
vt 0.798316 0.996839
vt 0.797343 0.996837
vt 0.808998 0.987141
vt 0.809297 0.987178
vt 0.808309 0.987338
vt 0.807798 0.987138
vt 0.805867 0.987065
vt 0.808677 0.986941
vt 0.809208 0.986970
vt 0.798857 0.996887
vt 0.645604 0.994740
vt 0.645614 0.994898
vt 0.644392 0.995013
vt 0.644402 0.994819
vt 0.643201 0.994912
vt 0.643219 0.995152
vt 0.644371 0.994589
vt 0.645590 0.994584
vt 0.643193 0.994671
vt 0.641999 0.994723
vt 0.641999 0.994974
vt 0.643178 0.994410
vt 0.644072 0.994388
vt 0.641989 0.994448
vt 0.640791 0.994463
vt 0.640802 0.994716
vt 0.641980 0.994228
vt 0.643184 0.994193
vt 0.640776 0.994260
vt 0.827295 0.989486
vt 0.827393 0.988210
vt 0.827676 0.988279
vt 0.827468 0.989199
vt 0.827131 0.986959
vt 0.827166 0.988303
vt 0.826932 0.986966
vt 0.827094 0.989512
vt 0.640799 0.994923
vt 0.826978 0.988280
vt 0.826953 0.989478
vt 0.642047 0.995231
vt 0.828019 0.988380
vt 0.827580 0.989511
vt 0.644375 0.994199
vt 0.645596 0.994350
vt 0.827462 0.989845
vt 0.432218 0.997875
vt 0.431568 0.998384
vt 0.431417 0.998157
vt 0.431838 0.997623
vt 0.431426 0.998764
vt 0.432229 0.998370
vt 0.431001 0.998176
vt 0.437658 0.995115
vt 0.436873 0.995823
vt 0.436260 0.994370
vt 0.437160 0.993659
vt 0.435862 0.996269
vt 0.435393 0.995090
vt 0.437476 0.996967
vt 0.436394 0.997342
vt 0.438105 0.996241
vt 0.438392 0.996656
vt 0.438309 0.995619
vt 0.460340 0.996381
vt 0.459962 0.996392
vt 0.459924 0.996135
vt 0.460172 0.995943
vt 0.432317 0.998776
vt 0.431726 0.998911
vt 0.459178 0.996297
vt 0.459277 0.995888
vt 0.431371 0.997421
vt 0.440208 0.996257
vt 0.439918 0.996371
vt 0.439289 0.996085
vt 0.439971 0.995834
vt 0.439956 0.996662
vt 0.439305 0.996504
vt 0.459490 0.995517
vt 0.452372 0.992813
vt 0.453444 0.991791
vt 0.453690 0.992402
vt 0.453408 0.993585
vt 0.435518 0.993155
vt 0.436566 0.992532
vt 0.455250 0.991512
vt 0.454953 0.992751
vt 0.454498 0.994098
vt 0.453228 0.994930
vt 0.454234 0.995613
vt 0.452780 0.996140
vt 0.452567 0.995518
vt 0.455380 0.995627
vt 0.455548 0.994414
vt 0.456537 0.994753
vt 0.456352 0.995716
vt 0.456021 0.993245
vt 0.456968 0.993758
vt 0.456567 0.992007
vt 0.457479 0.992769
vt 0.433886 0.995044
vt 0.434620 0.994114
vt 0.434625 0.995762
vt 0.433858 0.996453
vt 0.433186 0.995975
vt 0.435087 0.996669
vt 0.434309 0.997196
vt 0.435470 0.997599
vt 0.434678 0.997750
vt 0.457652 0.996567
vt 0.457392 0.995934
vt 0.458308 0.995968
vt 0.458404 0.996536
vt 0.457488 0.995133
vt 0.458369 0.995473
vt 0.457848 0.994338
vt 0.458680 0.994967
vt 0.458286 0.993563
vt 0.458991 0.994217
vt 0.431791 0.996900
vt 0.432484 0.996774
vt 0.433076 0.997249
vt 0.433456 0.997867
vt 0.459191 0.996650
vt 0.452043 0.995190
vt 0.452468 0.994556
vt 0.451939 0.996054
vt 0.451535 0.995965
vt 0.452104 0.996373
vt 0.452229 0.996697
vt 0.452743 0.996804
vt 0.451679 0.996618
vt 0.451413 0.996360
vt 0.451721 0.996903
vt 0.440455 0.996707
vt 0.265717 0.991643
vt 0.264842 0.991368
vt 0.266803 0.990573
vt 0.266764 0.991796
vt 0.277866 0.993005
vt 0.278007 0.992418
vt 0.278626 0.992628
vt 0.278132 0.993763
vt 0.277004 0.992141
vt 0.276954 0.993070
vt 0.307179 0.993965
vt 0.307364 0.994872
vt 0.306354 0.995240
vt 0.306129 0.994090
vt 0.306853 0.993013
vt 0.305841 0.993008
vt 0.277176 0.994016
vt 0.266454 0.992922
vt 0.265567 0.992273
vt 0.265145 0.992874
vt 0.265804 0.993542
vt 0.294366 0.996137
vt 0.294254 0.994707
vt 0.295644 0.994476
vt 0.295953 0.995877
vt 0.297173 0.994868
vt 0.297547 0.995714
vt 0.295010 0.993416
vt 0.296410 0.993674
vt 0.268856 0.994274
vt 0.268582 0.993055
vt 0.270497 0.992976
vt 0.270535 0.994301
vt 0.268457 0.991857
vt 0.270378 0.991627
vt 0.268320 0.990584
vt 0.270254 0.990522
vt 0.300092 0.996921
vt 0.299400 0.995589
vt 0.301243 0.995065
vt 0.301680 0.996313
vt 0.299144 0.994066
vt 0.301014 0.993811
vt 0.302790 0.993430
vt 0.303064 0.994696
vt 0.274160 0.994344
vt 0.272378 0.994359
vt 0.272330 0.993068
vt 0.274065 0.993063
vt 0.272290 0.991697
vt 0.274051 0.991821
vt 0.275640 0.991993
vt 0.275633 0.993098
vt 0.305006 0.995633
vt 0.303405 0.995934
vt 0.304668 0.994399
vt 0.304410 0.993166
vt 0.275775 0.994237
vt 0.027442 0.758076
vt 0.024476 0.744640
vt 0.028621 0.731100
vt 0.038972 0.745130
vt 0.023093 0.744658
vt 0.019154 0.759738
vt 0.019961 0.733663
vt 0.005629 0.746558
vt 0.799962 0.258967
vt 0.787876 0.264118
vt 0.781461 0.256184
vt 0.791479 0.249925
vt 0.786646 0.267360
vt 0.800941 0.262198
vt 0.779950 0.259334
vt 0.166353 0.103119
vt 0.178294 0.102571
vt 0.178757 0.114557
vt 0.166771 0.115031
vt 0.072058 0.180500
vt 0.060367 0.180552
vt 0.058394 0.168464
vt 0.071138 0.168182
vt 0.058191 0.183104
vt 0.072170 0.182994
vt 0.055639 0.168608
vt 0.764012 0.133035
vt 0.773978 0.125335
vt 0.781467 0.135037
vt 0.771413 0.142534
vt 0.722023 0.180695
vt 0.714668 0.171177
vt 0.724307 0.163547
vt 0.731812 0.173006
vt 0.054644 0.119309
vt 0.056022 0.105546
vt 0.058343 0.107896
vt 0.057725 0.119936
vt 0.068913 0.104102
vt 0.069366 0.107120
vt 0.069676 0.119129
vt 0.069985 0.131106
vt 0.081627 0.118355
vt 0.082141 0.130564
vt 0.081072 0.106409
vt 0.057810 0.131703
vt 0.058266 0.143802
vt 0.070472 0.143326
vt 0.055045 0.131580
vt 0.055493 0.143977
vt 0.734133 0.155996
vt 0.744077 0.148279
vt 0.751512 0.157721
vt 0.741631 0.165387
vt 0.753993 0.140631
vt 0.761448 0.150086
vt 0.056053 0.156314
vt 0.058760 0.156151
vt 0.071020 0.155859
vt 0.083170 0.155125
vt 0.083678 0.167457
vt 0.082663 0.142822
vt 0.094841 0.142264
vt 0.095378 0.154570
vt 0.094290 0.129983
vt 0.106442 0.129384
vt 0.107006 0.141707
vt 0.093733 0.117730
vt 0.105879 0.117105
vt 0.093220 0.105780
vt 0.105340 0.105314
vt 0.742524 0.210231
vt 0.735261 0.201113
vt 0.736952 0.199469
vt 0.744516 0.208828
vt 0.091980 0.103767
vt 0.080964 0.103773
vt 0.729447 0.190068
vt 0.739256 0.182440
vt 0.746707 0.191852
vt 0.749065 0.174797
vt 0.756469 0.184214
vt 0.758942 0.167145
vt 0.766328 0.176594
vt 0.768857 0.159557
vt 0.776237 0.169072
vt 0.778795 0.152074
vt 0.786150 0.161653
vt 0.788803 0.144651
vt 0.796103 0.154289
vt 0.095653 0.181451
vt 0.084395 0.182437
vt 0.084188 0.179706
vt 0.096451 0.179147
vt 0.095889 0.166881
vt 0.108108 0.166227
vt 0.108680 0.178415
vt 0.107554 0.153988
vt 0.119720 0.153363
vt 0.120293 0.165583
vt 0.119180 0.141140
vt 0.131370 0.140644
vt 0.131911 0.152820
vt 0.118628 0.128862
vt 0.130768 0.128452
vt 0.118062 0.116709
vt 0.130210 0.116411
vt 0.117575 0.105066
vt 0.129733 0.104597
vt 0.757325 0.229206
vt 0.749891 0.219787
vt 0.751932 0.218214
vt 0.759383 0.227589
vt 0.761639 0.210668
vt 0.769065 0.220097
vt 0.754221 0.201275
vt 0.763900 0.193637
vt 0.771343 0.203061
vt 0.773691 0.186046
vt 0.781059 0.195551
vt 0.783573 0.178598
vt 0.790886 0.188164
vt 0.793473 0.171233
vt 0.800757 0.180820
vt 0.803375 0.163901
vt 0.810603 0.173568
vt 0.805413 0.162409
vt 0.812648 0.172070
vt 0.798261 0.153052
vt 0.819909 0.181616
vt 0.817882 0.183103
vt 0.133048 0.177081
vt 0.120917 0.177757
vt 0.132440 0.164951
vt 0.144565 0.164346
vt 0.145153 0.176387
vt 0.144068 0.152245
vt 0.156200 0.151740
vt 0.156761 0.163829
vt 0.143550 0.140109
vt 0.155706 0.139637
vt 0.142995 0.128067
vt 0.155138 0.127557
vt 0.142385 0.116020
vt 0.154592 0.115565
vt 0.141894 0.104166
vt 0.154097 0.103704
vt 0.772089 0.248150
vt 0.764762 0.238621
vt 0.766859 0.237014
vt 0.774267 0.246442
vt 0.776477 0.229574
vt 0.783987 0.239550
vt 0.786161 0.222111
vt 0.793549 0.231926
vt 0.778759 0.212570
vt 0.788437 0.205127
vt 0.795841 0.214669
vt 0.798195 0.197761
vt 0.805559 0.207292
vt 0.808023 0.190412
vt 0.815363 0.199940
vt 0.825160 0.192589
vt 0.832386 0.202059
vt 0.822664 0.209421
vt 0.827255 0.191063
vt 0.834535 0.200415
vt 0.841836 0.209868
vt 0.839731 0.211502
vt 0.169365 0.175250
vt 0.157329 0.175836
vt 0.168790 0.163286
vt 0.830022 0.218968
vt 0.812901 0.216816
vt 0.820334 0.226408
vt 0.810698 0.233792
vt 0.827816 0.236088
vt 0.818215 0.243487
vt 0.837156 0.228815
vt 0.803172 0.224278
vt 0.800820 0.241484
vt 0.808451 0.250579
vt 0.810140 0.252728
vt 0.819538 0.245825
vt 0.179250 0.126542
vt 0.179688 0.138559
vt 0.167765 0.139141
vt 0.167241 0.127097
vt 0.180278 0.150815
vt 0.168225 0.151228
vt 0.025007 0.775616
vt 0.025408 0.793757
vt 0.023788 0.793894
vt 0.022354 0.774693
vt 0.180730 0.162598
vt 0.189095 0.020163
vt 0.189283 0.021761
vt 0.188166 0.017952
vt 0.188874 0.017684
vt 0.178777 0.010557
vt 0.185443 0.015150
vt 0.185321 0.018992
vt 0.177468 0.013926
vt 0.188928 0.014804
vt 0.348890 0.940582
vt 0.350356 0.939563
vt 0.354156 0.942499
vt 0.350986 0.942434
vt 0.970225 0.493761
vt 0.967309 0.495670
vt 0.960850 0.495241
vt 0.963351 0.488672
vt 0.949293 0.480762
vt 0.953508 0.488314
vt 0.952701 0.489810
vt 0.948329 0.486139
vt 0.981099 0.541327
vt 0.978143 0.538947
vt 0.978201 0.537067
vt 0.982575 0.536365
vt 0.975795 0.538971
vt 0.975609 0.542195
vt 0.348063 0.943103
vt 0.347686 0.941459
vt 0.344327 0.943462
vt 0.346253 0.939628
vt 0.349635 0.950789
vt 0.352662 0.949992
vt 0.346122 0.952109
vt 0.339511 0.942090
vt 0.337068 0.947450
vt 0.335037 0.943893
vt 0.339485 0.954558
vt 0.189962 0.026959
vt 0.188344 0.027678
vt 0.955857 0.778012
vt 0.958207 0.781587
vt 0.956629 0.786956
vt 0.952934 0.783390
vt 0.350106 0.965065
vt 0.351796 0.963508
vt 0.354665 0.964453
vt 0.348744 0.967510
vt 0.352390 0.955964
vt 0.350401 0.961879
vt 0.348991 0.957706
vt 0.356621 0.956982
vt 0.960736 0.780702
vt 0.963715 0.785180
vt 0.851806 0.498729
vt 0.861838 0.503617
vt 0.847194 0.497022
vt 0.843073 0.494832
vt 0.680102 0.958731
vt 0.680296 0.967371
vt 0.676066 0.966359
vt 0.676361 0.958797
vt 0.863732 0.515374
vt 0.876475 0.504601
vt 0.876537 0.513478
vt 0.869502 0.490912
vt 0.880042 0.493470
vt 0.860460 0.500067
vt 0.854512 0.496599
vt 0.861305 0.489831
vt 0.951732 0.763140
vt 0.951969 0.760755
vt 0.952601 0.762385
vt 0.953526 0.764508
vt 0.655292 0.971213
vt 0.653999 0.971603
vt 0.650825 0.969853
vt 0.656350 0.969315
vt 0.664163 0.976091
vt 0.658849 0.974812
vt 0.660695 0.973128
vt 0.665398 0.972404
vt 0.657028 0.970918
vt 0.655695 0.972790
vt 0.955373 0.762077
vt 0.957255 0.764363
vt 0.946091 0.763872
vt 0.948851 0.764582
vt 0.943117 0.769814
vt 0.940014 0.767429
vt 0.955587 0.629770
vt 0.955732 0.625793
vt 0.957309 0.625744
vt 0.959440 0.626184
vt 0.981910 0.837617
vt 0.982176 0.833766
vt 0.984566 0.829060
vt 0.985265 0.837189
vt 0.978220 0.836573
vt 0.980532 0.832925
vt 0.067734 0.945574
vt 0.073896 0.950417
vt 0.074347 0.951707
vt 0.065989 0.947454
vt 0.985176 0.839960
vt 0.987052 0.843804
vt 0.987140 0.850201
vt 0.983693 0.845137
vt 0.978963 0.845062
vt 0.873335 0.549745
vt 0.859008 0.550040
vt 0.865700 0.539227
vt 0.876980 0.538220
vt 0.857781 0.550543
vt 0.860579 0.541074
vt 0.098280 0.051707
vt 0.099379 0.043184
vt 0.103323 0.044782
vt 0.102892 0.049854
vt 0.033265 0.050067
vt 0.031671 0.045399
vt 0.039333 0.047504
vt 0.038963 0.053083
vt 0.032665 0.037146
vt 0.040383 0.040657
vt 0.946270 0.275870
vt 0.953641 0.269685
vt 0.954243 0.273428
vt 0.951843 0.276638
vt 0.950209 0.278622
vt 0.955420 0.280219
vt 0.949428 0.281122
vt 0.958426 0.272411
vt 0.034507 0.031750
vt 0.034613 0.027383
vt 0.041979 0.025874
vt 0.041465 0.031879
vt 0.962348 0.280545
vt 0.966108 0.274212
vt 0.042584 0.019496
vt 0.050425 0.018554
vt 0.050731 0.024646
vt 0.974184 0.272246
vt 0.966425 0.270412
vt 0.975458 0.270287
vt 0.959999 0.269580
vt 0.051389 0.014956
vt 0.062312 0.013400
vt 0.062438 0.017497
vt 0.057970 0.053323
vt 0.047681 0.053817
vt 0.048525 0.047445
vt 0.059425 0.046707
vt 0.049536 0.040914
vt 0.060571 0.039954
vt 0.049869 0.036399
vt 0.060693 0.036547
vt 0.041550 0.035779
vt 0.050196 0.031178
vt 0.036021 0.035163
vt 0.061435 0.030436
vt 0.062015 0.023531
vt 0.075443 0.022705
vt 0.074482 0.030065
vt 0.075552 0.018121
vt 0.085934 0.016313
vt 0.086125 0.020734
vt 0.076215 0.012472
vt 0.087762 0.011759
vt 0.081487 0.052852
vt 0.070867 0.053439
vt 0.071908 0.046626
vt 0.082615 0.046321
vt 0.072936 0.040458
vt 0.083549 0.040905
vt 0.073298 0.037132
vt 0.083789 0.036573
vt 0.084496 0.028616
vt 0.092085 0.029530
vt 0.092526 0.036171
vt 0.092835 0.021920
vt 0.097121 0.022468
vt 0.100129 0.027661
vt 0.094092 0.018168
vt 0.101199 0.020645
vt 0.102766 0.012985
vt 0.108827 0.024719
vt 0.090199 0.052484
vt 0.091518 0.045507
vt 0.092519 0.041763
vt 0.102186 0.041990
vt 0.101121 0.034456
vt 0.103557 0.026726
vt 0.104998 0.034512
vt 0.881224 0.479769
vt 0.883343 0.464883
vt 0.896802 0.467545
vt 0.895809 0.481520
vt 0.890468 0.557533
vt 0.875739 0.556854
vt 0.891159 0.549815
vt 0.875196 0.459579
vt 0.871146 0.477732
vt 0.864582 0.477974
vt 0.867087 0.462945
vt 0.857025 0.544551
vt 0.854001 0.529821
vt 0.857594 0.528922
vt 0.852440 0.517261
vt 0.856556 0.517156
vt 0.865390 0.527920
vt 0.876287 0.526040
vt 0.891278 0.526008
vt 0.891622 0.537940
vt 0.891964 0.513628
vt 0.909390 0.514205
vt 0.908486 0.526501
vt 0.892597 0.505290
vt 0.910280 0.506317
vt 0.894004 0.494510
vt 0.911467 0.495244
vt 0.913247 0.482401
vt 0.934150 0.483411
vt 0.932669 0.495994
vt 0.913670 0.468769
vt 0.934810 0.470130
vt 0.929075 0.559384
vt 0.907719 0.558203
vt 0.909103 0.550491
vt 0.931233 0.551792
vt 0.908292 0.538302
vt 0.931280 0.539355
vt 0.931196 0.527620
vt 0.940924 0.867484
vt 0.940046 0.861642
vt 0.947662 0.853648
vt 0.949023 0.859182
vt 0.938158 0.857735
vt 0.945454 0.848743
vt 0.931213 0.515347
vt 0.981266 0.874581
vt 0.976654 0.886250
vt 0.972251 0.885127
vt 0.976958 0.873585
vt 0.931601 0.507423
vt 0.965885 0.883508
vt 0.970998 0.871786
vt 0.974962 0.862241
vt 0.980867 0.863971
vt 0.964245 0.869731
vt 0.967700 0.860541
vt 0.958171 0.881047
vt 0.957026 0.867073
vt 0.960484 0.858000
vt 0.949462 0.878126
vt 0.952646 0.864581
vt 0.956693 0.855082
vt 0.946083 0.874202
vt 0.955415 0.849540
vt 0.960611 0.840286
vt 0.961490 0.847593
vt 0.954207 0.844018
vt 0.959633 0.833944
vt 0.952215 0.839268
vt 0.957912 0.829678
vt 0.987024 0.857178
vt 0.985247 0.864856
vt 0.983450 0.855544
vt 0.978579 0.854464
vt 0.972048 0.853474
vt 0.973361 0.845601
vt 0.965144 0.850747
vt 0.968363 0.844157
vt 0.965890 0.842467
vt 0.973764 0.838721
vt 0.969103 0.839345
vt 0.970937 0.834312
vt 0.967609 0.838132
vt 0.964763 0.837224
vt 0.964423 0.834559
vt 0.969709 0.830116
vt 0.855343 0.506382
vt 0.851961 0.507727
vt 0.074242 0.960229
vt 0.075962 0.957258
vt 0.077271 0.962132
vt 0.074131 0.967053
vt 0.071233 0.955509
vt 0.069503 0.958415
vt 0.071819 0.962962
vt 0.065502 0.951717
vt 0.064177 0.956444
vt 0.063615 0.961237
vt 0.067752 0.962210
vt 0.057780 0.955313
vt 0.058236 0.949957
vt 0.057585 0.961065
vt 0.058560 0.965371
vt 0.063817 0.965204
vt 0.049750 0.960565
vt 0.049776 0.954337
vt 0.050791 0.964946
vt 0.052157 0.969247
vt 0.060388 0.970100
vt 0.040549 0.964915
vt 0.039878 0.960002
vt 0.042133 0.968690
vt 0.044099 0.974524
vt 0.055338 0.975217
vt 0.029907 0.969099
vt 0.028564 0.964538
vt 0.032481 0.974532
vt 0.034936 0.979940
vt 0.047311 0.979024
vt 0.021658 0.975044
vt 0.020575 0.969029
vt 0.023765 0.980205
vt 0.025998 0.985878
vt 0.038557 0.984734
vt 0.015149 0.981315
vt 0.013703 0.976260
vt 0.017083 0.986685
vt 0.018605 0.939183
vt 0.018272 0.935837
vt 0.027059 0.937209
vt 0.027411 0.940789
vt 0.670442 0.952507
vt 0.676347 0.951241
vt 0.670729 0.960137
vt 0.011415 0.933075
vt 0.011198 0.936338
vt 0.665489 0.961535
vt 0.665060 0.953848
vt 0.670764 0.966537
vt 0.665479 0.967818
vt 0.670854 0.971274
vt 0.676109 0.970729
vt 0.670847 0.974079
vt 0.676079 0.972802
vt 0.643988 0.969988
vt 0.644366 0.965340
vt 0.650519 0.964431
vt 0.638398 0.970364
vt 0.638801 0.966617
vt 0.644067 0.959735
vt 0.649736 0.958853
vt 0.638233 0.960146
vt 0.643962 0.952737
vt 0.649663 0.952624
vt 0.638228 0.953504
vt 0.017550 0.951750
vt 0.017683 0.945175
vt 0.027037 0.946489
vt 0.027126 0.952746
vt 0.012005 0.940274
vt 0.039606 0.947562
vt 0.039793 0.953642
vt 0.039403 0.942101
vt 0.050201 0.943339
vt 0.050002 0.948767
vt 0.039067 0.938909
vt 0.050045 0.940374
vt 0.058282 0.942446
vt 0.059110 0.945418
vt 0.065634 0.984093
vt 0.050473 0.982908
vt 0.060930 0.978899
vt 0.071392 0.975319
vt 0.075882 0.976111
vt 0.064734 0.972907
vt 0.069862 0.969927
vt 0.066080 0.967584
vt 0.068325 0.965814
vt 0.066146 0.964044
vt 0.027693 0.959365
vt 0.017604 0.958972
vt 0.018287 0.964756
vt 0.653325 0.951711
vt 0.654087 0.957467
vt 0.012758 0.968681
vt 0.013103 0.970972
vt 0.659616 0.955163
vt 0.660256 0.962197
vt 0.656378 0.963615
vt 0.660457 0.969308
vt 0.956493 0.623323
vt 0.959898 0.623600
vt 0.953778 0.620054
vt 0.958556 0.620253
vt 0.944203 0.622398
vt 0.949693 0.623818
vt 0.948853 0.630105
vt 0.943585 0.630750
vt 0.949353 0.618320
vt 0.955171 0.615868
vt 0.253996 0.990551
vt 0.258916 0.990783
vt 0.257496 0.994252
vt 0.254864 0.997108
vt 0.262379 0.993100
vt 0.258869 0.997864
vt 0.964144 0.619506
vt 0.965682 0.623683
vt 0.247933 0.991169
vt 0.248755 0.997258
vt 0.929589 0.636068
vt 0.935012 0.633963
vt 0.935843 0.641016
vt 0.930419 0.642900
vt 0.938259 0.633097
vt 0.939209 0.639611
vt 0.934324 0.627676
vt 0.937806 0.626472
vt 0.944789 0.637595
vt 0.946274 0.645260
vt 0.940501 0.647109
vt 0.950196 0.636021
vt 0.951820 0.643205
vt 0.956519 0.633882
vt 0.958200 0.640921
vt 0.959508 0.632745
vt 0.961401 0.638111
vt 0.963408 0.627557
vt 0.965296 0.634164
vt 0.968623 0.630427
vt 0.971136 0.639490
vt 0.967315 0.644413
vt 0.972379 0.624370
vt 0.975133 0.636497
vt 0.926912 0.653303
vt 0.931521 0.650593
vt 0.933378 0.660821
vt 0.927722 0.661929
vt 0.937076 0.648410
vt 0.939042 0.658708
vt 0.942352 0.656662
vt 0.944338 0.668102
vt 0.940629 0.669533
vt 0.948142 0.654587
vt 0.950271 0.665722
vt 0.953708 0.652176
vt 0.955927 0.663077
vt 0.959888 0.649227
vt 0.962285 0.659986
vt 0.963179 0.647839
vt 0.965863 0.657591
vt 0.970282 0.654713
vt 0.972798 0.665200
vt 0.967946 0.667930
vt 0.465827 0.972245
vt 0.458058 0.964756
vt 0.460677 0.961230
vt 0.468462 0.968642
vt 0.974561 0.650904
vt 0.475377 0.975784
vt 0.471452 0.978738
vt 0.471965 0.965311
vt 0.479228 0.971292
vt 0.462839 0.957080
vt 0.476851 0.959438
vt 0.483798 0.966403
vt 0.934466 0.671102
vt 0.489326 0.973232
vt 0.484159 0.978258
vt 0.485802 0.962813
vt 0.491105 0.969671
vt 0.478727 0.957216
vt 0.491084 0.959500
vt 0.494785 0.965540
vt 0.951842 0.675614
vt 0.946097 0.677567
vt 0.496186 0.956136
vt 0.498686 0.960995
vt 0.957796 0.673269
vt 0.960745 0.680932
vt 0.963979 0.670199
vt 0.966501 0.678611
vt 0.970018 0.676418
vt 0.936552 0.774256
vt 0.933443 0.771743
vt 0.974269 0.682969
vt 0.974779 0.674151
vt 0.976963 0.681313
vt 0.937512 0.764954
vt 0.942768 0.762432
vt 0.963645 0.763418
vt 0.965542 0.766824
vt 0.960987 0.768266
vt 0.971127 0.761075
vt 0.972982 0.765211
vt 0.969587 0.773277
vt 0.964814 0.774593
vt 0.480128 0.982302
vt 0.961306 0.774095
vt 0.954730 0.767908
vt 0.972609 0.780781
vt 0.955389 0.772959
vt 0.947826 0.776619
vt 0.941082 0.780214
vt 0.944284 0.785238
vt 0.499092 0.972101
vt 0.496282 0.975154
vt 0.495092 0.976621
vt 0.656977 0.974808
vt 0.681085 0.970963
vt 0.681047 0.972635
vt 0.362017 0.957416
vt 0.357354 0.965237
vt 0.357414 0.950096
vt 0.362890 0.949865
vt 0.359007 0.942647
vt 0.370090 0.952486
vt 0.365742 0.961207
vt 0.366843 0.942877
vt 0.330770 0.951266
vt 0.328264 0.947430
vt 0.375144 0.943178
vt 0.378326 0.947780
vt 0.321229 0.947570
vt 0.323354 0.950565
vt 0.121878 0.949286
vt 0.119238 0.943876
vt 0.122534 0.940062
vt 0.125342 0.944213
vt 0.116645 0.940997
vt 0.111888 0.946522
vt 0.108446 0.943905
vt 0.114769 0.951785
vt 0.117695 0.956728
vt 0.124652 0.954583
vt 0.103770 0.955453
vt 0.100808 0.950911
vt 0.106900 0.960171
vt 0.110432 0.966014
vt 0.121001 0.962424
vt 0.096068 0.963618
vt 0.093896 0.958634
vt 0.099642 0.969731
vt 0.101893 0.972785
vt 0.113341 0.968853
vt 0.091905 0.972505
vt 0.089627 0.967204
vt 0.093395 0.975570
vt 0.096307 0.980665
vt 0.105284 0.978040
vt 0.087875 0.977511
vt 0.086172 0.976026
vt 0.089478 0.982354
vt 0.979820 0.292395
vt 0.985606 0.294549
vt 0.981413 0.299280
vt 0.975090 0.299186
vt 0.987785 0.545826
vt 0.976274 0.545955
vt 0.972839 0.544945
vt 0.966365 0.536023
vt 0.978437 0.286304
vt 0.984006 0.287064
vt 0.972734 0.290770
vt 0.969885 0.533820
vt 0.963054 0.523070
vt 0.969037 0.525421
vt 0.973542 0.531293
vt 0.972283 0.527161
vt 0.975016 0.524192
vt 0.980580 0.527938
vt 0.980108 0.519774
vt 0.986203 0.526750
vt 0.972399 0.522758
vt 0.971127 0.519516
vt 0.976651 0.513096
vt 0.988016 0.515861
vt 0.971289 0.514182
vt 0.962154 0.287878
vt 0.968598 0.290158
vt 0.964451 0.295602
vt 0.958326 0.291982
vt 0.968346 0.297902
vt 0.091600 0.953383
vt 0.090026 0.950142
vt 0.097884 0.947744
vt 0.966202 0.307960
vt 0.970956 0.309262
vt 0.112124 0.987775
vt 0.108393 0.982896
vt 0.119297 0.979375
vt 0.122598 0.984558
vt 0.116150 0.974491
vt 0.099180 0.985579
vt 0.125342 0.971364
vt 0.127977 0.976653
vt 0.123376 0.965518
vt 0.128926 0.963676
vt 0.132072 0.969113
vt 0.127795 0.960207
vt 0.356814 0.970676
vt 0.347176 0.971761
vt 0.347005 0.969890
vt 0.336031 0.972120
vt 0.339673 0.966715
vt 0.334299 0.958403
vt 0.331404 0.962655
vt 0.341974 0.962636
vt 0.345303 0.959758
vt 0.134410 0.974291
vt 0.130640 0.982217
vt 0.955835 0.284854
vt 0.952445 0.288684
vt 0.993031 0.522461
vt 0.989302 0.538837
vt 0.996421 0.530961
vt 0.186320 0.029382
vt 0.188102 0.035568
vt 0.184487 0.037106
vt 0.189910 0.035200
vt 0.183079 0.024370
vt 0.176179 0.019920
vt 0.180909 0.028426
vt 0.174934 0.026331
vt 0.183507 0.031327
vt 0.166818 0.025234
vt 0.167449 0.018606
vt 0.173638 0.031625
vt 0.166984 0.032236
vt 0.178436 0.032359
vt 0.175660 0.036464
vt 0.168630 0.036854
vt 0.182220 0.034882
vt 0.179004 0.040536
vt 0.171739 0.042710
vt 0.181823 0.043692
vt 0.172737 0.046388
vt 0.182654 0.046417
vt 0.173458 0.049973
vt 0.161325 0.049791
vt 0.159320 0.046558
vt 0.157885 0.007555
vt 0.168692 0.008809
vt 0.169379 0.012306
vt 0.157262 0.010820
vt 0.156312 0.018011
vt 0.141592 0.016757
vt 0.142473 0.009800
vt 0.156478 0.024398
vt 0.141139 0.024214
vt 0.157064 0.031271
vt 0.140869 0.032391
vt 0.157124 0.036285
vt 0.140756 0.037185
vt 0.157915 0.042376
vt 0.142276 0.043605
vt 0.144202 0.048373
vt 0.130393 0.050221
vt 0.128090 0.044589
vt 0.146231 0.052734
vt 0.132595 0.053974
vt 0.129181 0.005523
vt 0.142915 0.006210
vt 0.129345 0.009301
vt 0.119427 0.008566
vt 0.118559 0.005039
vt 0.128216 0.016689
vt 0.118319 0.016796
vt 0.127195 0.024181
vt 0.118504 0.024920
vt 0.126278 0.032343
vt 0.118569 0.032382
vt 0.125651 0.037146
vt 0.119420 0.037630
vt 0.119656 0.045065
vt 0.111757 0.046387
vt 0.112842 0.038806
vt 0.120663 0.050976
vt 0.111995 0.051952
vt 0.950643 0.497076
vt 0.945554 0.491758
vt 0.936546 0.487983
vt 0.937372 0.484069
vt 0.969472 0.498783
vt 0.960036 0.499538
vt 0.955170 0.492507
vt 0.113194 0.032463
vt 0.112096 0.026030
vt 0.110704 0.017695
vt 0.960388 0.480872
vt 0.974470 0.497582
vt 0.858850 0.552601
vt 0.865772 0.554652
vt 0.103322 0.042111
vt 0.852826 0.564135
vt 0.468483 0.568998
vt 0.951400 0.708813
vt 0.954741 0.709631
vt 0.949997 0.710942
vt 0.957480 0.712916
vt 0.964510 0.712896
vt 0.487147 0.954851
vt 0.479430 0.939339
vt 0.488468 0.951019
vt 0.839664 0.038401
vt 0.830323 0.039110
vt 0.856637 0.039878
vt 0.857637 0.043337
vt 0.601487 0.189264
vt 0.603301 0.190344
vt 0.601677 0.201122
vt 0.597098 0.197357
vt 0.607718 0.184952
vt 0.610214 0.195919
vt 0.591254 0.190577
vt 0.599948 0.184222
vt 0.597136 0.165005
vt 0.599491 0.175108
vt 0.588415 0.182238
vt 0.584994 0.172410
vt 0.962752 0.537710
vt 0.957950 0.549775
vt 0.953069 0.551490
vt 0.955861 0.537816
vt 0.961957 0.554630
vt 0.966274 0.542135
vt 0.951916 0.557705
vt 0.462165 0.575612
vt 0.472181 0.571771
vt 0.505486 0.571864
vt 0.511805 0.591862
vt 0.504441 0.595852
vt 0.500540 0.572466
vt 0.509835 0.579847
vt 0.508107 0.569095
vt 0.514922 0.602091
vt 0.512825 0.584653
vt 0.510891 0.566001
vt 0.510680 0.575216
vt 0.467685 0.582947
vt 0.463714 0.583783
vt 0.463662 0.587886
vt 0.467895 0.595354
vt 0.486660 0.321206
vt 0.506241 0.323530
vt 0.509252 0.330870
vt 0.496790 0.330772
vt 0.520400 0.314854
vt 0.486244 0.303878
vt 0.526788 0.323883
vt 0.495296 0.339593
vt 0.508470 0.337764
vt 0.520952 0.351239
vt 0.504700 0.354899
vt 0.503977 0.304320
vt 0.526817 0.307547
vt 0.453489 0.299931
vt 0.430548 0.287012
vt 0.451696 0.308613
vt 0.483901 0.345359
vt 0.483190 0.640118
vt 0.484072 0.649339
vt 0.481564 0.655229
vt 0.478308 0.634991
vt 0.488820 0.644787
vt 0.487208 0.653394
vt 0.486576 0.657509
vt 0.595959 0.297953
vt 0.591146 0.303895
vt 0.565421 0.312139
vt 0.560902 0.309038
vt 0.556660 0.012571
vt 0.552829 0.015610
vt 0.530503 0.013488
vt 0.538176 0.006730
vt 0.551344 0.020677
vt 0.560359 0.017024
vt 0.707312 0.486489
vt 0.703241 0.478213
vt 0.722973 0.457700
vt 0.725911 0.471412
vt 0.692410 0.494466
vt 0.694369 0.497986
vt 0.694825 0.514602
vt 0.692481 0.510918
vt 0.701234 0.504910
vt 0.704796 0.509358
vt 0.570044 0.005780
vt 0.577683 0.018696
vt 0.572868 0.025579
vt 0.563596 0.005266
vt 0.690635 0.518681
vt 0.700416 0.521642
vt 0.693106 0.524737
vt 0.708788 0.516179
vt 0.699896 0.469037
vt 0.716637 0.437240
vt 0.596346 0.304993
vt 0.602384 0.300261
vt 0.621763 0.296859
vt 0.626940 0.297772
vt 0.564297 0.016815
vt 0.565389 0.015320
vt 0.569194 0.025291
vt 0.564240 0.024884
vt 0.558474 0.009313
vt 0.560502 0.024051
vt 0.551222 0.027584
vt 0.554682 0.031059
vt 0.559026 0.036446
vt 0.564671 0.039845
vt 0.726104 0.426626
vt 0.734460 0.447921
vt 0.716032 0.409786
vt 0.720563 0.409568
vt 0.680821 0.744267
vt 0.684627 0.721900
vt 0.692002 0.729647
vt 0.688457 0.758942
vt 0.738234 0.904718
vt 0.751431 0.917910
vt 0.747814 0.923935
vt 0.738079 0.914158
vt 0.124652 0.223597
vt 0.125107 0.228921
vt 0.117279 0.232231
vt 0.115539 0.229538
vt 0.827441 0.112229
vt 0.828874 0.107738
vt 0.840437 0.114273
vt 0.837586 0.119668
vt 0.138189 0.224248
vt 0.136770 0.218875
vt 0.887664 0.575798
vt 0.887076 0.570273
vt 0.905448 0.561944
vt 0.910757 0.579471
vt 0.867255 0.568456
vt 0.886859 0.562027
vt 0.313129 0.382201
vt 0.317873 0.375271
vt 0.325389 0.379120
vt 0.322239 0.383612
vt 0.897075 0.084792
vt 0.891689 0.088630
vt 0.886237 0.086600
vt 0.892427 0.081286
vt 0.892978 0.077287
vt 0.901360 0.080288
vt 0.883406 0.077863
vt 0.882767 0.081688
vt 0.866145 0.084149
vt 0.863944 0.077901
vt 0.880410 0.066340
vt 0.863749 0.066532
vt 0.889091 0.073224
vt 0.888013 0.068064
vt 0.892920 0.073068
vt 0.891634 0.068841
vt 0.899014 0.063264
vt 0.904009 0.072565
vt 0.890358 0.061611
vt 0.863514 0.050239
vt 0.893467 0.047537
vt 0.883939 0.058439
vt 0.863636 0.057989
vt 0.896503 0.055037
vt 0.884699 0.103608
vt 0.882281 0.108036
vt 0.860738 0.104060
vt 0.862051 0.098129
vt 0.669432 0.209835
vt 0.653573 0.211297
vt 0.650827 0.207059
vt 0.661352 0.200310
vt 0.910573 0.141959
vt 0.922334 0.131422
vt 0.917206 0.142230
vt 0.916425 0.159463
vt 0.910231 0.122229
vt 0.903740 0.130269
vt 0.931749 0.126186
vt 0.926203 0.136988
vt 0.930694 0.166734
vt 0.923918 0.160261
vt 0.921373 0.149188
vt 0.932867 0.158309
vt 0.926968 0.170681
vt 0.933241 0.141981
vt 0.939129 0.142853
vt 0.941947 0.152494
vt 0.930700 0.149888
vt 0.945803 0.140473
vt 0.953054 0.150779
vt 0.937120 0.129268
vt 0.938293 0.169175
vt 0.940395 0.175555
vt 0.945736 0.161888
vt 0.955885 0.164011
vt 0.025295 0.722818
vt 0.016875 0.716967
vt 0.031843 0.719442
vt 0.039946 0.725606
vt 0.052387 0.712954
vt 0.056270 0.718799
vt 0.974631 0.145463
vt 0.965436 0.136763
vt 0.044692 0.759012
vt 0.039418 0.733190
vt 0.050403 0.738102
vt 0.053515 0.760928
vt 0.049225 0.730614
vt 0.058450 0.728035
vt 0.060101 0.738824
vt 0.026589 0.726529
vt 0.830201 0.296119
vt 0.820717 0.306673
vt 0.820482 0.294187
vt 0.821395 0.282139
vt 0.807770 0.302409
vt 0.810392 0.311300
vt 0.833748 0.272491
vt 0.839156 0.280624
vt 0.810447 0.286208
vt 0.807448 0.291984
vt 0.843988 0.294157
vt 0.831633 0.301659
vt 0.827965 0.313659
vt 0.815907 0.316371
vt 0.846015 0.306459
vt 0.804920 0.283597
vt 0.801507 0.294304
vt 0.805291 0.275688
vt 0.827327 0.266881
vt 0.794717 0.291540
vt 0.786829 0.285715
vt 0.835634 0.316360
vt 0.829631 0.318989
vt 0.836769 0.322239
vt 0.824948 0.324915
vt 0.853573 0.311554
vt 0.812132 0.319984
vt 0.804703 0.312624
vt 0.804300 0.269875
vt 0.795428 0.273930
vt 0.822093 0.261381
vt 0.799211 0.295416
vt 0.798582 0.302663
vt 0.795105 0.303384
vt 0.817583 0.330612
vt 0.835924 0.326602
vt 0.809994 0.323686
vt 0.805532 0.327736
vt 0.799748 0.315298
vt 0.792307 0.270189
vt 0.799383 0.267324
vt 0.717698 0.153716
vt 0.704925 0.158265
vt 0.706035 0.153638
vt 0.716513 0.146975
vt 0.804987 0.336570
vt 0.798713 0.333462
vt 0.794562 0.315670
vt 0.791341 0.300603
vt 0.713856 0.139839
vt 0.703601 0.150429
vt 0.701758 0.143228
vt 0.713243 0.135968
vt 0.725386 0.127570
vt 0.727043 0.130503
vt 0.712572 0.125052
vt 0.723114 0.121326
vt 0.206169 0.668759
vt 0.209803 0.658425
vt 0.217048 0.652428
vt 0.207133 0.670659
vt 0.719620 0.084298
vt 0.706231 0.082927
vt 0.705202 0.078157
vt 0.719510 0.080658
vt 0.708119 0.091106
vt 0.720784 0.090736
vt 0.700822 0.080229
vt 0.703879 0.090578
vt 0.790664 0.320181
vt 0.791686 0.329180
vt 0.787746 0.323982
vt 0.223107 0.633401
vt 0.213603 0.644800
vt 0.208090 0.634323
vt 0.220072 0.626751
vt 0.789112 0.315005
vt 0.785569 0.319642
vt 0.227679 0.636592
vt 0.264998 0.604371
vt 0.262115 0.609846
vt 0.247939 0.597508
vt 0.251528 0.594057
vt 0.287298 0.614156
vt 0.290251 0.610083
vt 0.437129 0.135945
vt 0.440430 0.136366
vt 0.444758 0.149989
vt 0.438856 0.147130
vt 0.439936 0.125329
vt 0.435963 0.124768
vt 0.252065 0.611903
vt 0.240964 0.601086
vt 0.461985 0.145982
vt 0.461976 0.137945
vt 0.823356 0.095172
vt 0.822845 0.091020
vt 0.838566 0.090939
vt 0.837696 0.094291
vt 0.431970 0.171119
vt 0.445090 0.158129
vt 0.434501 0.173814
vt 0.435479 0.158330
vt 0.426834 0.168929
vt 0.434985 0.153904
vt 0.352107 0.740223
vt 0.353007 0.734229
vt 0.361669 0.734443
vt 0.363630 0.739942
vt 0.350173 0.728525
vt 0.361740 0.728504
vt 0.377580 0.735736
vt 0.377502 0.740522
vt 0.377455 0.730057
vt 0.362290 0.702186
vt 0.358576 0.707698
vt 0.353472 0.706829
vt 0.352436 0.702540
vt 0.581068 0.998693
vt 0.585434 0.997025
vt 0.587259 0.997509
vt 0.586727 0.998961
vt 0.363167 0.993814
vt 0.368683 0.990007
vt 0.370345 0.996092
vt 0.369351 0.998913
vt 0.375155 0.992256
vt 0.375042 0.997712
vt 0.955588 0.729471
vt 0.956431 0.735844
vt 0.952012 0.737176
vt 0.949899 0.730768
vt 0.958521 0.739989
vt 0.959948 0.737119
vt 0.962448 0.739105
vt 0.962849 0.732370
vt 0.966015 0.737467
vt 0.547045 0.993813
vt 0.543077 0.995816
vt 0.503865 0.991471
vt 0.504329 0.993684
vt 0.391346 0.997981
vt 0.393614 0.994264
vt 0.395420 0.994086
vt 0.402036 0.998326
vt 0.923063 0.934793
vt 0.920732 0.934457
vt 0.925509 0.939019
vt 0.915632 0.936957
vt 0.908102 0.932401
vt 0.199083 0.938138
vt 0.204385 0.936715
vt 0.204823 0.946353
vt 0.200226 0.948317
vt 0.209617 0.934480
vt 0.209890 0.943305
vt 0.932526 0.940650
vt 0.030516 0.803944
vt 0.025462 0.804693
vt 0.023106 0.802294
vt 0.026849 0.796318
vt 0.021288 0.809723
vt 0.029948 0.810358
vt 0.018287 0.802917
vt 0.034089 0.803161
vt 0.034986 0.810457
vt 0.033167 0.796961
vt 0.018803 0.798380
vt 0.953083 0.175135
vt 0.948281 0.174189
vt 0.954025 0.170465
vt 0.957734 0.172996
vt 0.962110 0.181256
vt 0.967023 0.178349
vt 0.966966 0.186335
vt 0.963716 0.186536
vt 0.971874 0.179703
vt 0.969195 0.174090
vt 0.973161 0.176882
vt 0.964344 0.175080
vt 0.970776 0.169474
vt 0.959618 0.177528
vt 0.953608 0.178340
vt 0.942619 0.189721
vt 0.960227 0.190917
vt 0.956862 0.196202
vt 0.944012 0.195694
vt 0.949188 0.184501
vt 0.938012 0.184556
vt 0.932213 0.188540
vt 0.934496 0.194026
vt 0.930579 0.184955
vt 0.317232 0.998627
vt 0.316000 0.994938
vt 0.319442 0.994489
vt 0.322666 0.998576
vt 0.309557 0.994508
vt 0.311202 0.998879
vt 0.313708 0.991143
vt 0.318305 0.991050
vt 0.036821 0.420130
vt 0.040701 0.417599
vt 0.043626 0.419904
vt 0.036956 0.424962
vt 0.432558 0.968700
vt 0.432984 0.975392
vt 0.427726 0.986183
vt 0.428707 0.971327
vt 0.440003 0.970644
vt 0.438734 0.967198
vt 0.031149 0.419635
vt 0.040717 0.409327
vt 0.032460 0.422375
vt 0.445556 0.966409
vt 0.446147 0.970118
vt 0.024790 0.414937
vt 0.029277 0.414332
vt 0.024638 0.419052
vt 0.423915 0.957680
vt 0.427937 0.956386
vt 0.431581 0.962256
vt 0.426818 0.963920
vt 0.420929 0.951238
vt 0.417211 0.953017
vt 0.975997 0.167626
vt 0.973268 0.172392
vt 0.966080 0.165984
vt 0.961178 0.170523
vt 0.201991 0.980847
vt 0.196367 0.982136
vt 0.197584 0.976645
vt 0.201622 0.973847
vt 0.215043 0.953065
vt 0.216162 0.939636
vt 0.221440 0.938459
vt 0.220392 0.951064
vt 0.941967 0.940039
vt 0.507775 0.994324
vt 0.515041 0.996256
vt 0.512653 0.995865
vt 0.514835 0.992261
vt 0.518437 0.996229
vt 0.510126 0.997238
vt 0.510531 0.992150
vt 0.994970 0.705021
vt 0.990323 0.708058
vt 0.994608 0.710565
vt 0.992441 0.713051
vt 0.947722 0.715334
vt 0.996151 0.718874
vt 0.997391 0.725717
vt 0.992708 0.727378
vt 0.992529 0.720411
vt 0.948823 0.724163
vt 0.956038 0.720833
vt 0.986382 0.715271
vt 0.985370 0.709621
vt 0.987265 0.721551
vt 0.630198 0.956620
vt 0.628412 0.955008
vt 0.630156 0.954706
vt 0.631914 0.955485
vt 0.622170 0.957012
vt 0.624453 0.950799
vt 0.624760 0.953001
vt 0.623853 0.958619
vt 0.625548 0.953462
vt 0.627663 0.946049
vt 0.966952 0.724896
vt 0.961137 0.726768
vt 0.959763 0.720877
vt 0.965554 0.719144
vt 0.968994 0.731087
vt 0.967713 0.603943
vt 0.966910 0.608232
vt 0.962492 0.607392
vt 0.962140 0.603010
vt 0.959633 0.610615
vt 0.966668 0.611705
vt 0.952553 0.604213
vt 0.954942 0.600816
vt 0.034665 0.425848
vt 0.902464 0.824422
vt 0.904677 0.825482
vt 0.902627 0.829436
vt 0.900098 0.827960
vt 0.913926 0.829626
vt 0.906459 0.835951
vt 0.327417 0.996709
vt 0.324926 0.996011
vt 0.330068 0.996589
vt 0.327812 0.997259
vt 0.265719 0.997693
vt 0.275746 0.998011
vt 0.262112 0.998892
vt 0.264435 0.997504
vt 0.957835 0.066216
vt 0.959908 0.053421
vt 0.958053 0.077092
vt 0.954171 0.080085
vt 0.963173 0.046447
vt 0.962689 0.073087
vt 0.966183 0.744156
vt 0.962820 0.741865
vt 0.963759 0.740521
vt 0.966753 0.740869
vt 0.629918 0.967153
vt 0.634234 0.962163
vt 0.633915 0.973169
vt 0.024472 0.424241
vt 0.022532 0.422310
vt 0.629645 0.979110
vt 0.625291 0.978225
vt 0.029152 0.427980
vt 0.026385 0.425498
vt 0.619272 0.978539
vt 0.624545 0.966952
vt 0.641699 0.977437
vt 0.633479 0.983807
vt 0.925318 0.823269
vt 0.927220 0.824446
vt 0.915959 0.835009
vt 0.896196 0.832593
vt 0.897018 0.830210
vt 0.896334 0.846255
vt 0.894492 0.845269
vt 0.891937 0.840634
vt 0.896863 0.843148
vt 0.999000 0.744456
vt 0.997734 0.748081
vt 0.994164 0.742407
vt 0.997871 0.741851
vt 0.991560 0.749374
vt 0.989898 0.743627
vt 0.900412 0.850701
vt 0.898149 0.840429
vt 0.906634 0.854526
vt 0.884364 0.837806
vt 0.908404 0.839826
vt 0.652602 0.977679
vt 0.649070 0.973350
vt 0.919007 0.849011
vt 0.924792 0.837006
vt 0.926499 0.846175
vt 0.916218 0.852153
vt 0.895984 0.837408
vt 0.882177 0.835835
vt 0.912093 0.853198
vt 0.910424 0.861181
vt 0.264761 0.973304
vt 0.269702 0.985795
vt 0.264715 0.986010
vt 0.259252 0.975769
vt 0.989734 0.017165
vt 0.998394 0.013116
vt 0.996639 0.028452
vt 0.984895 0.029496
vt 0.992595 0.004846
vt 0.984482 0.016129
vt 0.975855 0.019917
vt 0.259029 0.987772
vt 0.254021 0.987690
vt 0.249949 0.980572
vt 0.253735 0.978442
vt 0.975159 0.011257
vt 0.977491 0.003865
vt 0.980761 0.001771
vt 0.979455 0.010135
vt 0.973675 0.001000
vt 0.971894 0.008126
vt 0.959428 0.017099
vt 0.959173 0.012595
vt 0.978715 0.043217
vt 0.984803 0.045393
vt 0.972306 0.028334
vt 0.973901 0.044728
vt 0.958019 0.021833
vt 0.242629 0.984217
vt 0.238699 0.973780
vt 0.242968 0.970347
vt 0.137170 0.952052
vt 0.132360 0.938061
vt 0.136495 0.937581
vt 0.143070 0.949860
vt 0.148565 0.966349
vt 0.150865 0.980102
vt 0.147953 0.983693
vt 0.142434 0.968615
vt 0.017018 0.279633
vt 0.014831 0.274142
vt 0.030775 0.272238
vt 0.030696 0.284376
vt 0.361732 0.724949
vt 0.347954 0.723793
vt 0.377355 0.725077
vt 0.343531 0.712578
vt 0.358661 0.712394
vt 0.360447 0.718312
vt 0.345671 0.717821
vt 0.377230 0.713198
vt 0.376563 0.707330
vt 0.377679 0.702799
vt 0.669465 0.595794
vt 0.670558 0.605140
vt 0.669967 0.611597
vt 0.669287 0.611542
vt 0.070414 0.237109
vt 0.065677 0.239100
vt 0.062111 0.236541
vt 0.069176 0.233374
vt 0.067771 0.230956
vt 0.074532 0.217155
vt 0.076339 0.228131
vt 0.057438 0.233145
vt 0.810799 0.808607
vt 0.802885 0.808776
vt 0.804221 0.804567
vt 0.811128 0.804742
vt 0.787275 0.805685
vt 0.794695 0.800415
vt 0.797004 0.811815
vt 0.807763 0.811259
vt 0.783379 0.810005
vt 0.046481 0.255476
vt 0.047850 0.242639
vt 0.057582 0.243443
vt 0.056348 0.255542
vt 0.049768 0.230169
vt 0.060500 0.218712
vt 0.083699 0.238730
vt 0.090750 0.242514
vt 0.080836 0.245397
vt 0.078969 0.237433
vt 0.821593 0.810427
vt 0.822653 0.806819
vt 0.804016 0.815099
vt 0.820891 0.813194
vt 0.053781 0.314260
vt 0.062663 0.312082
vt 0.047372 0.311669
vt 0.902171 0.091191
vt 0.912980 0.098656
vt 0.903700 0.107682
vt 0.895250 0.095378
vt 0.915522 0.091448
vt 0.909339 0.085120
vt 0.306763 0.534520
vt 0.309212 0.549832
vt 0.302439 0.552402
vt 0.302522 0.534201
vt 0.317566 0.535572
vt 0.317560 0.546957
vt 0.176287 0.475550
vt 0.183487 0.478215
vt 0.181052 0.489634
vt 0.173103 0.483537
vt 0.316243 0.522600
vt 0.311603 0.518991
vt 0.305958 0.517849
vt 0.165983 0.473994
vt 0.165943 0.483118
vt 0.156237 0.488710
vt 0.155125 0.475375
vt 0.920046 0.107534
vt 0.912272 0.111389
vt 0.270760 0.537160
vt 0.262508 0.539462
vt 0.263663 0.528670
vt 0.273238 0.518331
vt 0.263617 0.549841
vt 0.268802 0.549713
vt 0.862485 0.092714
vt 0.886310 0.097235
vt 0.898959 0.112155
vt 0.894715 0.116477
vt 0.296624 0.551001
vt 0.298750 0.534281
vt 0.919773 0.072999
vt 0.914037 0.072407
vt 0.299264 0.569799
vt 0.294439 0.569576
vt 0.319331 0.733999
vt 0.316471 0.730446
vt 0.330997 0.724078
vt 0.333274 0.729450
vt 0.315904 0.724984
vt 0.327704 0.718136
vt 0.683127 0.205887
vt 0.667127 0.196504
vt 0.912094 0.590336
vt 0.892072 0.584717
vt 0.889322 0.588777
vt 0.904551 0.600490
vt 0.352811 0.380870
vt 0.352557 0.378855
vt 0.360788 0.375615
vt 0.357683 0.380746
vt 0.877565 0.584313
vt 0.877153 0.585003
vt 0.876284 0.585183
vt 0.874908 0.584497
vt 0.877171 0.587693
vt 0.876799 0.588029
vt 0.685411 0.154786
vt 0.675516 0.155794
vt 0.696859 0.147876
vt 0.697043 0.150722
vt 0.665875 0.164653
vt 0.675885 0.162339
vt 0.667005 0.153747
vt 0.687690 0.147858
vt 0.877327 0.583647
vt 0.878497 0.583237
vt 0.272318 0.375313
vt 0.271134 0.371468
vt 0.280730 0.385639
vt 0.277709 0.383565
vt 0.918306 0.625949
vt 0.922105 0.631687
vt 0.918701 0.635813
vt 0.915733 0.631219
vt 0.884038 0.594355
vt 0.879950 0.596411
vt 0.910789 0.610448
vt 0.914866 0.604057
vt 0.927244 0.604167
vt 0.913152 0.613314
vt 0.927583 0.591157
vt 0.943338 0.274885
vt 0.933915 0.253684
vt 0.936795 0.248441
vt 0.947007 0.267200
vt 0.929877 0.225203
vt 0.925187 0.250128
vt 0.923551 0.225637
vt 0.934422 0.224483
vt 0.927679 0.691255
vt 0.920569 0.682920
vt 0.924746 0.678465
vt 0.932205 0.687461
vt 0.914980 0.687660
vt 0.921808 0.696642
vt 0.899483 0.188799
vt 0.900301 0.182981
vt 0.908634 0.181757
vt 0.907685 0.187005
vt 0.942053 0.697113
vt 0.948368 0.692363
vt 0.953702 0.700721
vt 0.949398 0.705275
vt 0.939623 0.684311
vt 0.952445 0.687077
vt 0.950331 0.680450
vt 0.035829 0.188168
vt 0.026967 0.183309
vt 0.028174 0.180533
vt 0.036764 0.183476
vt 0.943451 0.705731
vt 0.938400 0.700531
vt 0.938857 0.710944
vt 0.931025 0.706711
vt 0.943721 0.713851
vt 0.918050 0.184107
vt 0.913965 0.187543
vt 0.913735 0.195284
vt 0.906791 0.195409
vt 0.917364 0.194891
vt 0.034725 0.193304
vt 0.026227 0.188568
vt 0.023449 0.192903
vt 0.032158 0.196992
vt 0.927548 0.205972
vt 0.929994 0.206335
vt 0.939289 0.207427
vt 0.942318 0.226893
vt 0.047798 0.186899
vt 0.049187 0.193615
vt 0.908001 0.730594
vt 0.914267 0.717625
vt 0.916203 0.717985
vt 0.909855 0.731130
vt 0.930539 0.198071
vt 0.929265 0.196494
vt 0.921063 0.716494
vt 0.915241 0.701709
vt 0.923540 0.188395
vt 0.930088 0.191806
vt 0.922619 0.195444
vt 0.928894 0.720089
vt 0.912778 0.730903
vt 0.915896 0.734582
vt 0.054534 0.184883
vt 0.067732 0.188734
vt 0.067125 0.192141
vt 0.906326 0.740980
vt 0.901584 0.744386
vt 0.905612 0.747076
vt 0.900975 0.750048
vt 0.901805 0.739620
vt 0.085366 0.197461
vt 0.078493 0.198073
vt 0.077793 0.192764
vt 0.086466 0.193284
vt 0.068593 0.200146
vt 0.085643 0.202624
vt 0.082041 0.206510
vt 0.065256 0.206091
vt 0.046754 0.198511
vt 0.079090 0.210541
vt 0.039000 0.015367
vt 0.039445 0.021347
vt 0.032853 0.023143
vt 0.033075 0.016208
vt 0.908965 0.751996
vt 0.917305 0.738705
vt 0.031651 0.030185
vt 0.017834 0.026757
vt 0.020936 0.019518
vt 0.096025 0.203564
vt 0.093530 0.211909
vt 0.849861 0.964879
vt 0.852157 0.969647
vt 0.848029 0.984860
vt 0.841554 0.970297
vt 0.855031 0.967504
vt 0.855376 0.951182
vt 0.859036 0.975601
vt 0.840709 0.954757
vt 0.753556 0.895066
vt 0.738293 0.897162
vt 0.757118 0.889394
vt 0.716640 0.903145
vt 0.715712 0.899189
vt 0.715822 0.907235
vt 0.543116 0.171177
vt 0.546745 0.167687
vt 0.545894 0.169343
vt 0.545083 0.170385
vt 0.784363 0.910728
vt 0.776200 0.909403
vt 0.774819 0.903333
vt 0.784253 0.905006
vt 0.774723 0.910763
vt 0.771756 0.908946
vt 0.777345 0.912918
vt 0.783755 0.915335
vt 0.946836 0.447450
vt 0.959894 0.452972
vt 0.959326 0.459584
vt 0.957171 0.459276
vt 0.799012 0.906079
vt 0.800343 0.910859
vt 0.792369 0.908298
vt 0.792522 0.903922
vt 0.799694 0.916930
vt 0.791230 0.914693
vt 0.810800 0.915195
vt 0.810698 0.922112
vt 0.803788 0.908043
vt 0.811904 0.912175
vt 0.794413 0.932691
vt 0.799536 0.934072
vt 0.798093 0.941937
vt 0.793175 0.940798
vt 0.804926 0.929435
vt 0.796745 0.926266
vt 0.801896 0.942408
vt 0.543874 0.207567
vt 0.552628 0.206602
vt 0.549766 0.221034
vt 0.543659 0.223863
vt 0.550696 0.195265
vt 0.544268 0.194140
vt 0.772463 0.917459
vt 0.776889 0.918637
vt 0.559743 0.198326
vt 0.558760 0.194214
vt 0.772247 0.933903
vt 0.771348 0.938328
vt 0.766172 0.930998
vt 0.770006 0.928724
vt 0.762366 0.935881
vt 0.761988 0.925776
vt 0.567664 0.185082
vt 0.565685 0.193337
vt 0.562550 0.189353
vt 0.562151 0.182949
vt 0.766217 0.926212
vt 0.767391 0.922651
vt 0.559282 0.206561
vt 0.560982 0.202561
vt 0.568559 0.200693
vt 0.570932 0.204936
vt 0.772129 0.926315
vt 0.765861 0.907244
vt 0.768266 0.914446
vt 0.763335 0.911170
vt 0.778220 0.897557
vt 0.785379 0.901277
vt 0.768902 0.900073
vt 0.772144 0.896075
vt 0.761973 0.903397
vt 0.775350 0.923701
vt 0.772171 0.920883
vt 0.555529 0.182533
vt 0.762940 0.918453
vt 0.760488 0.921970
vt 0.560044 0.161765
vt 0.561744 0.165265
vt 0.551934 0.169098
vt 0.550431 0.167298
vt 0.758260 0.908638
vt 0.757599 0.915659
vt 0.560775 0.169659
vt 0.553202 0.171054
vt 0.538994 0.174308
vt 0.541122 0.174602
vt 0.543647 0.180336
vt 0.537879 0.182298
vt 0.548439 0.181279
vt 0.547143 0.174792
vt 0.550954 0.174649
vt 0.543814 0.176542
vt 0.544509 0.174008
vt 0.558503 0.175744
vt 0.531414 0.178960
vt 0.532853 0.184889
vt 0.542121 0.170697
vt 0.542435 0.172792
vt 0.006515 0.021287
vt 0.011421 0.013805
vt 0.005617 0.029881
vt 0.015480 0.032819
vt 0.957304 0.970090
vt 0.966516 0.963224
vt 0.967351 0.974076
vt 0.957000 0.974602
vt 0.962271 0.964420
vt 0.954854 0.963407
vt 0.955560 0.960355
vt 0.774581 0.879230
vt 0.771416 0.886276
vt 0.762510 0.889164
vt 0.763181 0.886848
vt 0.089977 0.218919
vt 0.085089 0.217278
vt 0.086392 0.212682
vt 0.764131 0.894873
vt 0.752532 0.902997
vt 0.112948 0.241033
vt 0.108453 0.236352
vt 0.768496 0.880839
vt 0.762007 0.882391
vt 0.771633 0.877487
vt 0.021927 0.042530
vt 0.023400 0.050308
vt 0.021168 0.049499
vt 0.018933 0.045943
vt 0.098456 0.190418
vt 0.101213 0.188515
vt 0.110240 0.194490
vt 0.104216 0.198338
vt 0.113464 0.223862
vt 0.114034 0.216372
vt 0.121344 0.211744
vt 0.123396 0.217941
vt 0.104248 0.206324
vt 0.113984 0.199376
vt 0.854330 0.115925
vt 0.865581 0.121151
vt 0.862651 0.125638
vt 0.851645 0.120791
vt 0.878864 0.110320
vt 0.862101 0.107993
vt 0.872887 0.124227
vt 0.868463 0.129063
vt 0.881030 0.127415
vt 0.859602 0.135256
vt 0.847574 0.128049
vt 0.857355 0.143075
vt 0.844984 0.131862
vt 0.867327 0.135236
vt 0.869572 0.139391
vt 0.891641 0.129338
vt 0.881649 0.110996
vt 0.892364 0.125364
vt 0.142914 0.200607
vt 0.158237 0.193449
vt 0.160406 0.197120
vt 0.145737 0.206398
vt 0.154460 0.182741
vt 0.137719 0.189204
vt 0.888848 0.134874
vt 0.880811 0.131941
vt 0.885722 0.136628
vt 0.908223 0.114264
vt 0.897998 0.127976
vt 0.901722 0.114320
vt 0.906107 0.142156
vt 0.901622 0.146267
vt 0.863338 0.159451
vt 0.870488 0.156425
vt 0.877150 0.141467
vt 0.876604 0.155112
vt 0.891687 0.151029
vt 0.874921 0.174951
vt 0.879884 0.190461
vt 0.872672 0.192577
vt 0.868942 0.177902
vt 0.086072 0.780921
vt 0.096811 0.775636
vt 0.100984 0.782180
vt 0.088453 0.787638
vt 0.114599 0.770247
vt 0.096462 0.769315
vt 0.111900 0.764328
vt 0.117730 0.774857
vt 0.884833 0.188238
vt 0.881963 0.173096
vt 0.763218 0.018723
vt 0.771597 0.012438
vt 0.776569 0.014225
vt 0.775841 0.018761
vt 0.891081 0.935258
vt 0.894276 0.947096
vt 0.890520 0.946561
vt 0.884880 0.933012
vt 0.911057 0.161136
vt 0.914926 0.175048
vt 0.907840 0.175694
vt 0.904296 0.163798
vt 0.834027 0.899861
vt 0.829364 0.912152
vt 0.822542 0.907896
vt 0.828630 0.897511
vt 0.835046 0.913999
vt 0.840214 0.902898
vt 0.752054 0.011056
vt 0.750138 0.016867
vt 0.887182 0.169490
vt 0.889413 0.183632
vt 0.899480 0.178690
vt 0.895831 0.167223
vt 0.090370 0.764991
vt 0.109443 0.757730
vt 0.092398 0.760257
vt 0.078459 0.765795
vt 0.077962 0.761756
vt 0.107831 0.751755
vt 0.677022 0.244327
vt 0.680811 0.245305
vt 0.668831 0.246304
vt 0.692406 0.244978
vt 0.668433 0.243211
vt 0.689574 0.244420
vt 0.676404 0.240460
vt 0.668319 0.240205
vt 0.188333 0.813932
vt 0.188566 0.808675
vt 0.203913 0.809710
vt 0.203915 0.813746
vt 0.685704 0.236989
vt 0.807402 0.007341
vt 0.810782 0.009771
vt 0.791273 0.013161
vt 0.789054 0.010081
vt 0.807477 0.014361
vt 0.791223 0.017430
vt 0.189083 0.803895
vt 0.188161 0.798222
vt 0.203515 0.800053
vt 0.203624 0.804137
vt 0.792686 0.020757
vt 0.812357 0.015992
vt 0.810400 0.021886
vt 0.793074 0.025228
vt 0.355610 0.802990
vt 0.354906 0.794038
vt 0.363981 0.794242
vt 0.363379 0.800218
vt 0.861601 0.337219
vt 0.838041 0.337711
vt 0.850859 0.331602
vt 0.866436 0.331732
vt 0.861760 0.321617
vt 0.871600 0.326653
vt 0.376221 0.833270
vt 0.364638 0.827615
vt 0.360364 0.819918
vt 0.373772 0.827659
vt 0.370454 0.801836
vt 0.356731 0.808677
vt 0.876796 0.316946
vt 0.878883 0.305687
vt 0.894445 0.328614
vt 0.891581 0.334058
vt 0.887053 0.301792
vt 0.901521 0.324184
vt 0.820029 0.142797
vt 0.819899 0.132922
vt 0.826480 0.130166
vt 0.824728 0.139099
vt 0.863631 0.318327
vt 0.873820 0.322505
vt 0.835587 0.145209
vt 0.831851 0.132189
vt 0.836378 0.128595
vt 0.839240 0.141284
vt 0.828332 0.136407
vt 0.832911 0.149476
vt 0.033859 0.834012
vt 0.035338 0.839218
vt 0.029061 0.838133
vt 0.028720 0.829816
vt 0.035692 0.847912
vt 0.029200 0.845082
vt 0.305164 0.014424
vt 0.303744 0.009402
vt 0.311979 0.010696
vt 0.311941 0.015529
vt 0.037449 0.836539
vt 0.037756 0.831148
vt 0.305344 0.006192
vt 0.311600 0.006921
vt 0.045687 0.402576
vt 0.042261 0.405393
vt 0.039515 0.393535
vt 0.044251 0.395230
vt 0.970274 0.890124
vt 0.976991 0.892694
vt 0.975473 0.897196
vt 0.969237 0.896964
vt 0.036349 0.404190
vt 0.033624 0.392314
vt 0.963874 0.895883
vt 0.964662 0.890170
vt 0.965126 0.914857
vt 0.971195 0.902380
vt 0.968869 0.915950
vt 0.960396 0.912687
vt 0.031749 0.405632
vt 0.027136 0.404612
vt 0.024030 0.394860
vt 0.028139 0.392146
vt 0.960006 0.929982
vt 0.959410 0.939180
vt 0.953216 0.936622
vt 0.955019 0.925631
vt 0.954870 0.941869
vt 0.948307 0.943118
vt 0.967137 0.947327
vt 0.967725 0.936825
vt 0.386881 0.017574
vt 0.387911 0.021744
vt 0.378387 0.022484
vt 0.377947 0.018544
vt 0.386053 0.014011
vt 0.390246 0.013013
vt 0.392421 0.015391
vt 0.385446 0.011139
vt 0.396694 0.007819
vt 0.040834 0.713296
vt 0.038953 0.711614
vt 0.037049 0.703427
vt 0.039881 0.700491
vt 0.972292 0.956438
vt 0.973928 0.954461
vt 0.377297 0.028892
vt 0.388429 0.032657
vt 0.387549 0.033369
vt 0.378243 0.034108
vt 0.030965 0.714547
vt 0.030315 0.714462
vt 0.029510 0.705723
vt 0.032263 0.704700
vt 0.972243 0.937895
vt 0.976588 0.953353
vt 0.305939 0.020236
vt 0.311780 0.019739
vt 0.299801 0.015630
vt 0.300667 0.020471
vt 0.223926 0.994471
vt 0.222440 0.997885
vt 0.212799 0.998834
vt 0.212688 0.994270
vt 0.227445 0.998560
vt 0.228252 0.994750
vt 0.694327 0.971324
vt 0.684967 0.970257
vt 0.683430 0.966099
vt 0.694193 0.966486
vt 0.222773 0.990563
vt 0.227467 0.990085
vt 0.212760 0.990095
vt 0.684957 0.959213
vt 0.683903 0.954914
vt 0.693619 0.954320
vt 0.694007 0.958627
vt 0.682889 0.962488
vt 0.694078 0.962804
vt 0.489932 0.923569
vt 0.483131 0.935813
vt 0.494700 0.922360
vt 0.489945 0.937363
vt 0.826170 0.043342
vt 0.838693 0.042679
vt 0.733419 0.942093
vt 0.733440 0.936733
vt 0.737836 0.936140
vt 0.737914 0.942114
vt 0.032942 0.857605
vt 0.028182 0.849996
vt 0.028133 0.866346
vt 0.022560 0.869703
vt 0.018602 0.864925
vt 0.022071 0.860332
vt 0.034350 0.830010
vt 0.038572 0.825130
vt 0.737602 0.946940
vt 0.732739 0.946940
vt 0.030875 0.863652
vt 0.034920 0.864211
vt 0.036926 0.858067
vt 0.683251 0.770391
vt 0.700448 0.730728
vt 0.588313 0.636880
vt 0.562108 0.610658
vt 0.581074 0.618670
vt 0.597044 0.646351
vt 0.568054 0.602464
vt 0.575311 0.605367
vt 0.043630 0.119834
vt 0.036028 0.131811
vt 0.011676 0.147181
vt 0.020459 0.132165
vt 0.030934 0.088464
vt 0.018241 0.080418
vt 0.017916 0.062610
vt 0.029193 0.069133
vt 0.013401 0.070475
vt 0.012429 0.057218
vt 0.377529 0.263757
vt 0.390948 0.269361
vt 0.420820 0.292618
vt 0.404960 0.283437
vt 0.540232 0.609762
vt 0.553867 0.600417
vt 0.046905 0.081527
vt 0.048714 0.087846
vt 0.524728 0.604131
vt 0.535797 0.587451
vt 0.548025 0.584275
vt 0.528608 0.604408
vt 0.948219 0.549326
vt 0.948883 0.538158
vt 0.942180 0.554152
vt 0.942636 0.541421
vt 0.111334 0.091964
vt 0.106313 0.086641
vt 0.109449 0.083159
vt 0.115698 0.085680
vt 0.095868 0.084693
vt 0.101349 0.082189
vt 0.110347 0.080324
vt 0.120151 0.083148
vt 0.937288 0.553705
vt 0.934042 0.545827
vt 0.106921 0.079285
vt 0.091321 0.079303
vt 0.076650 0.086883
vt 0.076718 0.081904
vt 0.107811 0.918516
vt 0.106641 0.914071
vt 0.114296 0.911876
vt 0.116217 0.918250
vt 0.102112 0.935893
vt 0.105754 0.923886
vt 0.115779 0.924698
vt 0.113242 0.933253
vt 0.130746 0.904861
vt 0.109549 0.899841
vt 0.103554 0.892948
vt 0.128108 0.899547
vt 0.103690 0.890684
vt 0.129247 0.894480
vt 0.107991 0.939153
vt 0.096403 0.944846
vt 0.236429 0.180697
vt 0.232446 0.182119
vt 0.225884 0.180070
vt 0.228689 0.172258
vt 0.236256 0.187482
vt 0.241088 0.187157
vt 0.230981 0.187950
vt 0.240673 0.901024
vt 0.245479 0.900939
vt 0.248389 0.903741
vt 0.240035 0.903426
vt 0.226690 0.164939
vt 0.238391 0.165474
vt 0.242237 0.174551
vt 0.232504 0.903108
vt 0.228721 0.896430
vt 0.235197 0.894971
vt 0.235412 0.898966
vt 0.220496 0.901160
vt 0.222514 0.908064
vt 0.242964 0.906702
vt 0.244079 0.911665
vt 0.252157 0.194681
vt 0.243303 0.192878
vt 0.245775 0.188245
vt 0.254320 0.188807
vt 0.216373 0.904711
vt 0.215127 0.912632
vt 0.201256 0.913169
vt 0.200081 0.907209
vt 0.229305 0.929918
vt 0.229343 0.916704
vt 0.197958 0.894863
vt 0.220004 0.891177
vt 0.216759 0.898968
vt 0.199247 0.902074
vt 0.211743 0.885057
vt 0.196787 0.888874
vt 0.764032 0.272490
vt 0.778665 0.288985
vt 0.769511 0.291188
vt 0.757424 0.274102
vt 0.239879 0.915996
vt 0.214946 0.924440
vt 0.225730 0.929913
vt 0.234270 0.939248
vt 0.215673 0.926877
vt 0.281900 0.213991
vt 0.269786 0.218018
vt 0.268584 0.213765
vt 0.289794 0.205717
vt 0.683102 0.219477
vt 0.693266 0.218694
vt 0.335129 0.736006
vt 0.323126 0.740407
vt 0.269194 0.556682
vt 0.261473 0.561176
vt 0.275706 0.549748
vt 0.271241 0.562378
vt 0.317284 0.716007
vt 0.313493 0.711592
vt 0.327262 0.712493
vt 0.906401 0.055790
vt 0.911651 0.049916
vt 0.293013 0.588834
vt 0.296746 0.591250
vt 0.296060 0.617775
vt 0.292876 0.612731
vt 0.695095 0.204298
vt 0.693012 0.195725
vt 0.696992 0.187400
vt 0.700325 0.200015
vt 0.096479 0.459954
vt 0.092382 0.455447
vt 0.102241 0.455275
vt 0.103090 0.465926
vt 0.285427 0.568949
vt 0.279543 0.568359
vt 0.282532 0.550312
vt 0.286946 0.550560
vt 0.303099 0.709183
vt 0.304666 0.702903
vt 0.315124 0.705399
vt 0.279742 0.580201
vt 0.284053 0.583400
vt 0.063668 0.446913
vt 0.068809 0.437282
vt 0.079549 0.441813
vt 0.067707 0.450432
vt 0.712928 0.198908
vt 0.704477 0.195254
vt 0.703817 0.180005
vt 0.709528 0.181486
vt 0.698439 0.182199
vt 0.088885 0.441895
vt 0.079454 0.454484
vt 0.049334 0.455542
vt 0.041610 0.466393
vt 0.038782 0.458461
vt 0.046089 0.447693
vt 0.048689 0.471816
vt 0.054873 0.459744
vt 0.033117 0.466138
vt 0.034106 0.458917
vt 0.038894 0.477707
vt 0.045240 0.485401
vt 0.031385 0.472864
vt 0.096228 0.482025
vt 0.088576 0.485180
vt 0.088101 0.473576
vt 0.099346 0.478328
vt 0.077984 0.483305
vt 0.082032 0.471929
vt 0.083325 0.496470
vt 0.072909 0.495918
vt 0.026061 0.454530
vt 0.018081 0.451701
vt 0.014486 0.448188
vt 0.020792 0.447905
vt 0.018738 0.457685
vt 0.016553 0.458688
vt 0.024562 0.462652
vt 0.024413 0.646776
vt 0.023343 0.630234
vt 0.027974 0.627831
vt 0.028667 0.644849
vt 0.022017 0.614539
vt 0.027133 0.612814
vt 0.035856 0.266052
vt 0.038881 0.265828
vt 0.040305 0.283188
vt 0.036871 0.285709
vt 0.033130 0.265722
vt 0.033326 0.286857
vt 0.021520 0.466006
vt 0.047845 0.652854
vt 0.050350 0.630290
vt 0.053737 0.630565
vt 0.052344 0.649392
vt 0.050268 0.618063
vt 0.043035 0.636452
vt 0.043199 0.621494
vt 0.021469 0.596546
vt 0.026185 0.596420
vt 0.011124 0.459075
vt 0.019091 0.469876
vt 0.900475 0.780866
vt 0.886755 0.793540
vt 0.886551 0.787647
vt 0.898225 0.778779
vt 0.046912 0.610693
vt 0.043000 0.610349
vt 0.613439 0.104863
vt 0.606190 0.094469
vt 0.617804 0.095254
vt 0.617309 0.101063
vt 0.618105 0.083395
vt 0.625968 0.081390
vt 0.596876 0.096638
vt 0.596234 0.100048
vt 0.606813 0.121287
vt 0.595526 0.115482
vt 0.595874 0.108773
vt 0.608988 0.116618
vt 0.627839 0.097578
vt 0.621444 0.105236
vt 0.628995 0.127757
vt 0.633644 0.122718
vt 0.610683 0.111811
vt 0.627011 0.131372
vt 0.730975 0.024480
vt 0.742226 0.030287
vt 0.740713 0.040634
vt 0.728845 0.029047
vt 0.748612 0.021872
vt 0.731455 0.018661
vt 0.749870 0.035563
vt 0.745541 0.042836
vt 0.759741 0.024679
vt 0.847345 0.906097
vt 0.841408 0.917443
vt 0.845936 0.919819
vt 0.851973 0.908410
vt 0.775278 0.023450
vt 0.763320 0.033905
vt 0.752456 0.042748
vt 0.883548 0.921081
vt 0.890128 0.924041
vt 0.928448 0.584070
vt 0.852809 0.851755
vt 0.852018 0.839746
vt 0.861325 0.843307
vt 0.858820 0.855088
vt 0.846969 0.838184
vt 0.847536 0.849354
vt 0.630413 0.140132
vt 0.639206 0.135453
vt 0.645206 0.146559
vt 0.636658 0.149981
vt 0.663079 0.181173
vt 0.664487 0.184301
vt 0.661563 0.191662
vt 0.657627 0.182710
vt 0.671865 0.176491
vt 0.670634 0.182655
vt 0.666667 0.193165
vt 0.616076 0.155156
vt 0.612460 0.144655
vt 0.618751 0.143829
vt 0.622688 0.153485
vt 0.610638 0.137473
vt 0.611799 0.136098
vt 0.605463 0.151577
vt 0.607605 0.159657
vt 0.645819 0.200359
vt 0.639401 0.194656
vt 0.646687 0.188221
vt 0.650554 0.197872
vt 0.637981 0.185916
vt 0.644718 0.181218
vt 0.597575 0.136714
vt 0.600824 0.132599
vt 0.606467 0.138102
vt 0.601518 0.144195
vt 0.887645 0.860112
vt 0.894004 0.862180
vt 0.890813 0.869772
vt 0.884299 0.867766
vt 0.631067 0.198061
vt 0.629221 0.192417
vt 0.636713 0.177708
vt 0.643618 0.173419
vt 0.628129 0.171299
vt 0.629581 0.175380
vt 0.625736 0.180567
vt 0.622789 0.176208
vt 0.632240 0.158118
vt 0.640233 0.156944
vt 0.638925 0.163580
vt 0.633499 0.166377
vt 0.623556 0.160621
vt 0.616991 0.163439
vt 0.634656 0.172921
vt 0.618428 0.167235
vt 0.626348 0.166150
vt 0.620443 0.171013
vt 0.618464 0.191506
vt 0.616190 0.183952
vt 0.627373 0.185366
vt 0.617468 0.178919
vt 0.581297 0.154847
vt 0.576867 0.165098
vt 0.571386 0.166232
vt 0.573883 0.159083
vt 0.568929 0.168315
vt 0.568201 0.163612
vt 0.278511 0.260641
vt 0.279176 0.264159
vt 0.273529 0.270166
vt 0.274617 0.265203
vt 0.575862 0.184016
vt 0.571567 0.175801
vt 0.271489 0.264595
vt 0.269456 0.270273
vt 0.274413 0.257614
vt 0.568368 0.149519
vt 0.574656 0.151208
vt 0.587323 0.205366
vt 0.583107 0.199607
vt 0.609104 0.603808
vt 0.614658 0.608642
vt 0.608257 0.614219
vt 0.605295 0.613651
vt 0.619765 0.575795
vt 0.611149 0.577334
vt 0.622405 0.608410
vt 0.628540 0.575598
vt 0.268766 0.276470
vt 0.268498 0.280370
vt 0.267124 0.283065
vt 0.266054 0.281093
vt 0.270436 0.282606
vt 0.270152 0.284009
vt 0.653169 0.623967
vt 0.647926 0.622906
vt 0.647754 0.617558
vt 0.653405 0.617511
vt 0.264493 0.270070
vt 0.264536 0.264407
vt 0.268617 0.265155
vt 0.265720 0.271267
vt 0.641328 0.623932
vt 0.641236 0.618873
vt 0.632889 0.601003
vt 0.634130 0.575381
vt 0.621734 0.620736
vt 0.632240 0.614271
vt 0.262635 0.282373
vt 0.264247 0.277374
vt 0.261443 0.287817
vt 0.266562 0.288354
vt 0.254872 0.302918
vt 0.261678 0.306721
vt 0.255242 0.284912
vt 0.246691 0.298313
vt 0.257438 0.282327
vt 0.259576 0.276617
vt 0.257388 0.276292
vt 0.221610 0.455903
vt 0.221061 0.457423
vt 0.223561 0.441878
vt 0.228513 0.460565
vt 0.213841 0.493484
vt 0.214124 0.474386
vt 0.215913 0.437041
vt 0.556467 0.306382
vt 0.562431 0.300329
vt 0.533520 0.326953
vt 0.526211 0.345866
vt 0.233016 0.481480
vt 0.232039 0.494575
vt 0.226983 0.494228
vt 0.228473 0.476893
vt 0.238952 0.495635
vt 0.239303 0.486189
vt 0.510726 0.302669
vt 0.512759 0.297842
vt 0.526874 0.300440
vt 0.527852 0.304293
vt 0.062248 0.561625
vt 0.055204 0.561135
vt 0.055116 0.543545
vt 0.061832 0.545719
vt 0.065580 0.563005
vt 0.067111 0.547886
vt 0.546396 0.346610
vt 0.541613 0.341247
vt 0.581298 0.312086
vt 0.577603 0.320243
vt 0.073164 0.549320
vt 0.069175 0.564348
vt 0.016464 0.550318
vt 0.012490 0.544688
vt 0.024665 0.534194
vt 0.028671 0.535688
vt 0.538675 0.332849
vt 0.534819 0.360411
vt 0.529083 0.348587
vt 0.042774 0.553488
vt 0.029398 0.557693
vt 0.038019 0.538683
vt 0.047180 0.540814
vt 0.021259 0.558414
vt 0.034306 0.536957
vt 0.075382 0.510995
vt 0.088686 0.499575
vt 0.082340 0.511803
vt 0.067361 0.509239
vt 0.094418 0.503083
vt 0.090342 0.511911
vt 0.039878 0.498125
vt 0.033919 0.490054
vt 0.029680 0.477897
vt 0.059845 0.507841
vt 0.066363 0.495977
vt 0.071318 0.481737
vt 0.055791 0.475469
vt 0.051106 0.488526
vt 0.048802 0.495990
vt 0.045690 0.502952
vt 0.058931 0.490464
vt 0.064107 0.478926
vt 0.051881 0.493060
vt 0.055089 0.494009
vt 0.056287 0.498543
vt 0.052579 0.505693
vt 0.046093 0.519351
vt 0.054124 0.521839
vt 0.040771 0.517485
vt 0.034357 0.515395
vt 0.029688 0.513523
vt 0.081133 0.530909
vt 0.074700 0.529343
vt 0.068507 0.527045
vt 0.061236 0.524470
vt 0.070402 0.467381
vt 0.075652 0.470123
vt 0.061266 0.463616
vt 0.083707 0.453806
vt 0.105910 0.500728
vt 0.103733 0.494355
vt 0.101322 0.493249
vt 0.246923 0.507665
vt 0.245475 0.494922
vt 0.254707 0.507643
vt 0.255495 0.524830
vt 0.246371 0.482661
vt 0.239860 0.473785
vt 0.239978 0.451976
vt 0.247039 0.458187
vt 0.234170 0.466603
vt 0.232987 0.446352
vt 0.232281 0.418206
vt 0.240040 0.422432
vt 0.224574 0.413134
vt 0.225018 0.385639
vt 0.232692 0.390471
vt 0.216795 0.408034
vt 0.217074 0.381136
vt 0.262023 0.381977
vt 0.262412 0.408886
vt 0.255063 0.404278
vt 0.254801 0.377748
vt 0.262824 0.438354
vt 0.255803 0.431002
vt 0.256909 0.484269
vt 0.261645 0.475868
vt 0.247921 0.426611
vt 0.247667 0.399620
vt 0.240105 0.395134
vt 0.240288 0.368707
vt 0.247315 0.373157
vt 0.232672 0.363983
vt 0.232662 0.337613
vt 0.240436 0.342052
vt 0.225048 0.359142
vt 0.224082 0.333320
vt 0.217088 0.354832
vt 0.216047 0.329121
vt 0.261690 0.329711
vt 0.261771 0.355679
vt 0.254679 0.351545
vt 0.254756 0.325551
vt 0.247311 0.346795
vt 0.247565 0.320456
vt 0.239462 0.317159
vt 0.236312 0.294824
vt 0.231577 0.312659
vt 0.219760 0.285384
vt 0.221390 0.310184
vt 0.212733 0.287947
vt 0.212322 0.306765
vt 0.204612 0.288842
vt 0.049946 0.585434
vt 0.048429 0.567472
vt 0.052929 0.571161
vt 0.054074 0.593109
vt 0.046380 0.555765
vt 0.052143 0.559457
vt 0.257492 0.547514
vt 0.251000 0.533013
vt 0.056710 0.577907
vt 0.057970 0.602038
vt 0.599969 0.636276
vt 0.614617 0.669008
vt 0.606171 0.657426
vt 0.591544 0.628220
vt 0.625154 0.693017
vt 0.620615 0.688651
vt 0.616106 0.684193
vt 0.582060 0.609654
vt 0.584446 0.609020
vt 0.582585 0.586647
vt 0.585656 0.588653
vt 0.577705 0.585222
vt 0.582680 0.550674
vt 0.587746 0.551238
vt 0.573503 0.584095
vt 0.578740 0.549558
vt 0.565363 0.582781
vt 0.572837 0.548184
vt 0.558124 0.582589
vt 0.568444 0.547012
vt 0.547628 0.599109
vt 0.522309 0.612597
vt 0.499305 0.620762
vt 0.562328 0.546072
vt 0.570754 0.503670
vt 0.575901 0.504845
vt 0.556631 0.546344
vt 0.565655 0.502177
vt 0.551058 0.542536
vt 0.560895 0.500790
vt 0.530843 0.578238
vt 0.545430 0.540258
vt 0.555363 0.499080
vt 0.528056 0.573529
vt 0.597139 0.510169
vt 0.591620 0.552311
vt 0.593531 0.509480
vt 0.599249 0.470905
vt 0.602699 0.471531
vt 0.588679 0.508489
vt 0.594363 0.469618
vt 0.584912 0.507522
vt 0.590643 0.468674
vt 0.579968 0.506049
vt 0.585938 0.467510
vt 0.581998 0.466601
vt 0.577270 0.465362
vt 0.572426 0.464110
vt 0.568005 0.462707
vt 0.562983 0.460944
vt 0.417173 0.281563
vt 0.437070 0.301584
vt 0.397137 0.261735
vt 0.379418 0.255918
vt 0.406561 0.262100
vt 0.051367 0.104293
vt 0.027448 0.112731
vt 0.028111 0.102006
vt 0.049559 0.095071
vt 0.421576 0.269627
vt 0.021024 0.126645
vt 0.047945 0.112526
vt 0.958590 0.522135
vt 0.953790 0.502348
vt 0.960470 0.502079
vt 0.963011 0.518299
vt 0.947550 0.499480
vt 0.953158 0.523176
vt 0.946242 0.522930
vt 0.937801 0.494279
vt 0.941464 0.527310
vt 0.937264 0.508338
vt 0.934614 0.530658
vt 0.933520 0.517289
vt 0.076919 0.092741
vt 0.081409 0.098184
vt 0.092907 0.091327
vt 0.094279 0.096786
vt 0.427818 0.271117
vt 0.452315 0.292511
vt 0.221615 0.492991
vt 0.223255 0.474066
vt 0.497392 0.630219
vt 0.495824 0.672238
vt 0.492913 0.667249
vt 0.492871 0.623918
vt 0.524688 0.298152
vt 0.566890 0.283248
vt 0.570209 0.287366
vt 0.621072 0.274430
vt 0.617908 0.278874
vt 0.668693 0.271243
vt 0.669711 0.266696
vt 0.615478 0.283187
vt 0.568994 0.291759
vt 0.664764 0.274896
vt 0.613279 0.286378
vt 0.566881 0.295828
vt 0.668060 0.278272
vt 0.605263 0.289839
vt 0.647195 0.282732
vt 0.601625 0.293629
vt 0.633930 0.288902
vt 0.668443 0.281674
vt 0.678069 0.276725
vt 0.624987 0.294129
vt 0.474006 0.628369
vt 0.473724 0.602263
vt 0.477378 0.607721
vt 0.476872 0.587927
vt 0.472194 0.585611
vt 0.482000 0.611964
vt 0.481455 0.589995
vt 0.480870 0.573166
vt 0.476297 0.573143
vt 0.486314 0.591703
vt 0.487179 0.617031
vt 0.485390 0.573143
vt 0.488766 0.573110
vt 0.490841 0.592681
vt 0.493434 0.572352
vt 0.497289 0.571925
vt 0.499357 0.596307
vt 0.496338 0.593899
vt 0.635425 0.505324
vt 0.642649 0.505511
vt 0.629853 0.505283
vt 0.629449 0.540453
vt 0.634939 0.540559
vt 0.621715 0.505084
vt 0.621119 0.540180
vt 0.611855 0.539858
vt 0.612426 0.504848
vt 0.688626 0.507183
vt 0.688002 0.542103
vt 0.669457 0.541470
vt 0.670044 0.506419
vt 0.687441 0.579600
vt 0.668928 0.575440
vt 0.662471 0.541335
vt 0.665161 0.506302
vt 0.661135 0.575431
vt 0.660810 0.598835
vt 0.654002 0.575533
vt 0.655459 0.541201
vt 0.653608 0.598177
vt 0.653717 0.609669
vt 0.660563 0.609901
vt 0.647263 0.597891
vt 0.647608 0.575443
vt 0.647868 0.610170
vt 0.641543 0.611033
vt 0.640299 0.598130
vt 0.635544 0.619476
vt 0.641331 0.575540
vt 0.641894 0.540877
vt 0.648354 0.540981
vt 0.649296 0.505816
vt 0.657188 0.505845
vt 0.660154 0.617917
vt 0.668723 0.618700
vt 0.634690 0.623948
vt 0.659301 0.624029
vt 0.604523 0.613606
vt 0.607019 0.607237
vt 0.590567 0.211805
vt 0.581160 0.146777
vt 0.613315 0.208794
vt 0.606242 0.212797
vt 0.600959 0.209047
vt 0.611884 0.203831
vt 0.620914 0.198575
vt 0.622935 0.203560
vt 0.590395 0.141528
vt 0.593084 0.149200
vt 0.594063 0.157075
vt 0.669727 0.620297
vt 0.614421 0.174096
vt 0.613230 0.169942
vt 0.608601 0.168351
vt 0.608875 0.175874
vt 0.633524 0.176216
vt 0.649245 0.152250
vt 0.629034 0.151690
vt 0.643889 0.161069
vt 0.652347 0.158023
vt 0.661086 0.147519
vt 0.655896 0.162568
vt 0.646807 0.166514
vt 0.654837 0.168780
vt 0.648293 0.171371
vt 0.655811 0.175613
vt 0.650324 0.178413
vt 0.662948 0.172512
vt 0.672256 0.168749
vt 0.679879 0.165766
vt 0.689381 0.161395
vt 0.680701 0.172176
vt 0.273367 0.368170
vt 0.279975 0.371045
vt 0.290796 0.399313
vt 0.940283 0.620986
vt 0.927694 0.626911
vt 0.928041 0.618331
vt 0.944521 0.613647
vt 0.927606 0.611284
vt 0.945401 0.607115
vt 0.921325 0.622297
vt 0.917077 0.617075
vt 0.914128 0.620932
vt 0.910718 0.616581
vt 0.911531 0.626451
vt 0.907849 0.622281
vt 0.913661 0.264667
vt 0.908543 0.264420
vt 0.906594 0.250011
vt 0.913178 0.250170
vt 0.902250 0.264950
vt 0.897037 0.249948
vt 0.897316 0.224735
vt 0.905664 0.225037
vt 0.891613 0.249382
vt 0.889965 0.223695
vt 0.914927 0.656123
vt 0.913191 0.654687
vt 0.376546 0.333753
vt 0.365708 0.359803
vt 0.360220 0.360170
vt 0.372807 0.331807
vt 0.347345 0.368773
vt 0.365218 0.331587
vt 0.340612 0.390378
vt 0.349134 0.390057
vt 0.328651 0.405241
vt 0.333061 0.374067
vt 0.324248 0.440627
vt 0.330070 0.436192
vt 0.323172 0.412133
vt 0.326219 0.392402
vt 0.319218 0.440768
vt 0.315409 0.467863
vt 0.320709 0.468466
vt 0.313526 0.440337
vt 0.316259 0.413101
vt 0.309799 0.467348
vt 0.305824 0.494802
vt 0.310691 0.495487
vt 0.304564 0.466898
vt 0.308233 0.439411
vt 0.300525 0.493925
vt 0.296895 0.516495
vt 0.301471 0.517114
vt 0.294123 0.492958
vt 0.297222 0.466145
vt 0.291443 0.515960
vt 0.288915 0.534359
vt 0.294062 0.534283
vt 0.286895 0.515754
vt 0.289318 0.492257
vt 0.284534 0.534833
vt 0.277644 0.535608
vt 0.280080 0.515932
vt 0.282891 0.491493
vt 0.276221 0.491008
vt 0.278769 0.464148
vt 0.285463 0.465079
vt 0.269360 0.492538
vt 0.272533 0.463314
vt 0.262871 0.490315
vt 0.265792 0.462478
vt 0.258638 0.515892
vt 0.325194 0.468879
vt 0.320766 0.496956
vt 0.316420 0.496082
vt 0.268696 0.430086
vt 0.275144 0.429829
vt 0.280353 0.431146
vt 0.270438 0.386655
vt 0.287763 0.436113
vt 0.294515 0.438302
vt 0.292054 0.465767
vt 0.296601 0.409640
vt 0.301870 0.412089
vt 0.300120 0.438744
vt 0.297034 0.384933
vt 0.302216 0.390952
vt 0.311736 0.393271
vt 0.310392 0.412758
vt 0.299005 0.377843
vt 0.289620 0.369591
vt 0.318662 0.393787
vt 0.326706 0.382989
vt 0.328094 0.378987
vt 0.292148 0.550703
vt 0.290605 0.568911
vt 0.288998 0.586202
vt 0.720240 0.199820
vt 0.713136 0.179315
vt 0.716554 0.179590
vt 0.727083 0.200021
vt 0.731622 0.216156
vt 0.739118 0.216515
vt 0.723816 0.217034
vt 0.734429 0.232886
vt 0.743867 0.233720
vt 0.717104 0.216826
vt 0.727634 0.232106
vt 0.742184 0.253148
vt 0.749838 0.254269
vt 0.719345 0.232941
vt 0.708779 0.217143
vt 0.733476 0.252646
vt 0.751374 0.275153
vt 0.726300 0.251007
vt 0.712433 0.232360
vt 0.741705 0.270929
vt 0.717398 0.250778
vt 0.704063 0.233101
vt 0.732821 0.270222
vt 0.276524 0.199990
vt 0.295415 0.195813
vt 0.725523 0.269042
vt 0.709756 0.249904
vt 0.300707 0.188447
vt 0.279854 0.193281
vt 0.264198 0.195937
vt 0.262855 0.209357
vt 0.282395 0.186155
vt 0.306647 0.179742
vt 0.265963 0.188856
vt 0.267232 0.182016
vt 0.284829 0.179370
vt 0.254704 0.182366
vt 0.244656 0.181741
vt 0.253505 0.176117
vt 0.269098 0.173103
vt 0.284449 0.173581
vt 0.759667 0.253556
vt 0.772612 0.267973
vt 0.263186 0.167085
vt 0.246426 0.165648
vt 0.766564 0.250947
vt 0.752843 0.234632
vt 0.312231 0.173459
vt 0.334730 0.166648
vt 0.331444 0.171945
vt 0.717005 0.268124
vt 0.701563 0.250111
vt 0.688153 0.234407
vt 0.696321 0.233683
vt 0.352720 0.166965
vt 0.356861 0.162582
vt 0.666713 0.218343
vt 0.249449 0.915886
vt 0.260776 0.224058
vt 0.701476 0.217730
vt 0.382997 0.314062
vt 0.388888 0.318202
vt 0.946228 0.207364
vt 0.948475 0.220880
vt 0.889884 0.207051
vt 0.897721 0.206792
vt 0.905967 0.206673
vt 0.898288 0.195583
vt 0.889764 0.197719
vt 0.889088 0.190852
vt 0.912966 0.206680
vt 0.912694 0.225250
vt 0.917452 0.225480
vt 0.917385 0.206622
vt 0.917879 0.249953
vt 0.917512 0.265419
vt 0.923891 0.269315
vt 0.935381 0.276030
vt 0.922535 0.275521
vt 0.916972 0.270938
vt 0.935304 0.281108
vt 0.908151 0.613757
vt 0.901725 0.606678
vt 0.914358 0.269744
vt 0.922362 0.206252
vt 0.950102 0.603102
vt 0.652423 0.184990
vt 0.656383 0.194533
vt 0.897365 0.872532
vt 0.904064 0.875285
vt 0.896842 0.890498
vt 0.889983 0.887213
vt 0.909786 0.877795
vt 0.902960 0.893213
vt 0.909067 0.895869
vt 0.915227 0.880592
vt 0.896078 0.911793
vt 0.889118 0.907895
vt 0.901584 0.915340
vt 0.834300 0.883816
vt 0.827426 0.880719
vt 0.834725 0.861089
vt 0.842340 0.864305
vt 0.895925 0.928982
vt 0.821948 0.894651
vt 0.895413 0.936944
vt 0.817258 0.905083
vt 0.897175 0.947094
vt 0.104273 0.786392
vt 0.089627 0.791220
vt 0.108143 0.790271
vt 0.119852 0.779427
vt 0.123752 0.783265
vt 0.137870 0.771767
vt 0.141216 0.775833
vt 0.135168 0.767087
vt 0.132816 0.762371
vt 0.129839 0.756687
vt 0.126666 0.749887
vt 0.123733 0.743768
vt 0.121538 0.737643
vt 0.105743 0.745038
vt 0.118516 0.730300
vt 0.144969 0.780442
vt 0.117235 0.723999
vt 0.103713 0.737574
vt 0.102234 0.731973
vt 0.845263 0.950905
vt 0.842574 0.948422
vt 0.850348 0.936673
vt 0.853210 0.939329
vt 0.839765 0.945978
vt 0.845297 0.934019
vt 0.851817 0.922911
vt 0.857435 0.925805
vt 0.841523 0.930375
vt 0.090252 0.752087
vt 0.857924 0.911332
vt 0.864242 0.914571
vt 0.864447 0.896333
vt 0.870952 0.899312
vt 0.859053 0.894060
vt 0.867486 0.876264
vt 0.871897 0.878410
vt 0.853024 0.891634
vt 0.860894 0.873076
vt 0.845850 0.888452
vt 0.853604 0.869622
vt 0.839266 0.885639
vt 0.847346 0.866622
vt 0.866165 0.858681
vt 0.874214 0.861912
vt 0.867181 0.846372
vt 0.871590 0.849538
vt 0.624012 0.142586
vt 0.877303 0.863550
vt 0.878367 0.881561
vt 0.883858 0.884275
vt 0.875895 0.901717
vt 0.882059 0.905589
vt 0.868556 0.918720
vt 0.876068 0.923445
vt 0.860916 0.929035
vt 0.776607 0.028730
vt 0.126273 0.786826
vt 0.114027 0.790431
vt 0.840427 0.845186
vt 0.641705 0.168931
vt 0.658378 0.141621
vt 0.882954 0.854740
vt 0.841228 0.835079
vt 0.653923 0.131941
vt 0.678813 0.143289
vt 0.731148 0.012856
vt 0.624798 0.135438
vt 0.622750 0.139586
vt 0.596369 0.104101
vt 0.579074 0.098147
vt 0.580335 0.095255
vt 0.577161 0.102065
vt 0.553878 0.093296
vt 0.557955 0.090254
vt 0.575534 0.104760
vt 0.551503 0.095043
vt 0.527839 0.087119
vt 0.528359 0.086647
vt 0.864345 0.819486
vt 0.842461 0.817833
vt 0.842443 0.813492
vt 0.863581 0.814893
vt 0.842608 0.808774
vt 0.862819 0.810446
vt 0.842473 0.806139
vt 0.862491 0.805552
vt 0.823231 0.802904
vt 0.561655 0.087265
vt 0.582506 0.092446
vt 0.560058 0.089097
vt 0.844377 0.801039
vt 0.862205 0.801505
vt 0.846338 0.798688
vt 0.863234 0.797854
vt 0.882808 0.799151
vt 0.882637 0.802520
vt 0.863925 0.793890
vt 0.883393 0.794838
vt 0.847156 0.794072
vt 0.948886 0.739388
vt 0.952618 0.741425
vt 0.946627 0.757982
vt 0.941139 0.757326
vt 0.955603 0.742827
vt 0.951251 0.758582
vt 0.884098 0.791525
vt 0.866755 0.791544
vt 0.921932 0.747054
vt 0.931880 0.728426
vt 0.935276 0.730782
vt 0.925817 0.749699
vt 0.883956 0.816004
vt 0.884834 0.820803
vt 0.938900 0.733219
vt 0.929248 0.751748
vt 0.883180 0.811180
vt 0.942577 0.735622
vt 0.932852 0.754088
vt 0.882714 0.806553
vt 0.946017 0.737673
vt 0.936742 0.756768
vt 0.925900 0.771713
vt 0.921960 0.770557
vt 0.033874 0.578832
vt 0.034551 0.559878
vt 0.036991 0.559706
vt 0.037292 0.578849
vt 0.037965 0.596315
vt 0.034473 0.596316
vt 0.041540 0.578798
vt 0.042248 0.596263
vt 0.040844 0.559540
vt 0.045099 0.578658
vt 0.046018 0.596169
vt 0.044179 0.559476
vt 0.910508 0.764615
vt 0.913861 0.766697
vt 0.917466 0.769181
vt 0.903985 0.781806
vt 0.025986 0.578953
vt 0.030041 0.578862
vt 0.030377 0.596312
vt 0.030985 0.611731
vt 0.035127 0.611212
vt 0.035608 0.625525
vt 0.031405 0.626478
vt 0.038667 0.610708
vt 0.039078 0.624043
vt 0.039193 0.639833
vt 0.035870 0.641853
vt 0.039679 0.659803
vt 0.036430 0.662228
vt 0.043767 0.656738
vt 0.044682 0.678017
vt 0.040326 0.681735
vt 0.048094 0.674762
vt 0.026546 0.317774
vt 0.030328 0.314137
vt 0.031220 0.334771
vt 0.027808 0.337998
vt 0.033699 0.311219
vt 0.035262 0.332641
vt 0.029803 0.290412
vt 0.037970 0.308964
vt 0.038827 0.330937
vt 0.041798 0.306860
vt 0.042721 0.330448
vt 0.025592 0.691442
vt 0.025143 0.669196
vt 0.029058 0.666928
vt 0.029376 0.689199
vt 0.032155 0.664623
vt 0.032650 0.687068
vt 0.031671 0.643306
vt 0.037039 0.684621
vt 0.026535 0.707399
vt 0.041631 0.346929
vt 0.039371 0.349723
vt 0.036559 0.350574
vt 0.032776 0.351907
vt 0.039822 0.363953
vt 0.034573 0.363891
vt 0.046702 0.364553
vt 0.040564 0.378739
vt 0.036823 0.378647
vt 0.044769 0.381620
vt 0.975659 0.904660
vt 0.975300 0.918265
vt 0.031807 0.376762
vt 0.029946 0.363816
vt 0.025347 0.363712
vt 0.026900 0.375075
vt 0.028973 0.353995
vt 0.023541 0.355515
vt 0.023055 0.340878
vt 0.021874 0.321909
vt 0.730198 0.006081
vt 0.635447 0.089445
vt 0.637427 0.078948
vt 0.103697 0.490182
vt 0.103244 0.485683
vt 0.056446 0.442041
vt 0.423599 0.713735
vt 0.423671 0.707542
vt 0.423423 0.718714
vt 0.397008 0.718569
vt 0.397108 0.713669
vt 0.423334 0.725277
vt 0.397145 0.725239
vt 0.423275 0.731014
vt 0.423041 0.740577
vt 0.423135 0.736430
vt 0.423096 0.745149
vt 0.397093 0.744979
vt 0.397042 0.740340
vt 0.397692 0.694432
vt 0.423703 0.694572
vt 0.423693 0.699159
vt 0.397485 0.699013
vt 0.423664 0.703218
vt 0.397390 0.703080
vt 0.397244 0.707393
vt 0.377874 0.698822
vt 0.377950 0.694265
vt 0.363824 0.698729
vt 0.364220 0.694141
vt 0.352349 0.698388
vt 0.352354 0.693733
vt 0.339308 0.697928
vt 0.338708 0.692705
vt 0.340320 0.702442
vt 0.324907 0.702140
vt 0.324672 0.696697
vt 0.341698 0.706363
vt 0.326192 0.705783
vt 0.324048 0.690190
vt 0.351811 0.744487
vt 0.337357 0.743138
vt 0.340203 0.739793
vt 0.363677 0.744575
vt 0.377451 0.745234
vt 0.397172 0.736113
vt 0.397138 0.730709
vt 0.377293 0.718421
vt 0.673523 0.192939
vt 0.684680 0.194447
vt 0.767454 0.293646
vt 0.201463 0.925892
vt 0.201093 0.920596
vt 0.217259 0.930381
vt 0.202195 0.931679
vt 0.179785 0.927032
vt 0.179165 0.921096
vt 0.180271 0.932959
vt 0.156809 0.934268
vt 0.156216 0.928852
vt 0.152031 0.893840
vt 0.175299 0.891824
vt 0.176122 0.897471
vt 0.152780 0.899507
vt 0.177123 0.904157
vt 0.153636 0.905521
vt 0.177793 0.909213
vt 0.154259 0.910933
vt 0.178595 0.915285
vt 0.155032 0.916978
vt 0.155549 0.922389
vt 0.133283 0.923757
vt 0.132620 0.917890
vt 0.134021 0.930583
vt 0.133976 0.934979
vt 0.131892 0.911304
vt 0.499956 0.618013
vt 0.066756 0.079010
vt 0.436512 0.274145
vt 0.611303 0.684590
vt 0.510606 0.045832
vt 0.499899 0.027638
vt 0.532165 0.026806
vt 0.535633 0.035650
vt 0.497993 0.018035
vt 0.531265 0.019621
vt 0.470263 0.038652
vt 0.487738 0.059574
vt 0.498570 0.072004
vt 0.520109 0.055948
vt 0.527738 0.062012
vt 0.504975 0.078951
vt 0.533227 0.065308
vt 0.548216 0.049060
vt 0.552189 0.051826
vt 0.541939 0.043658
vt 0.574120 0.042038
vt 0.557373 0.054882
vt 0.539587 0.068967
vt 0.573371 0.045898
vt 0.708828 0.558410
vt 0.699532 0.538878
vt 0.706065 0.534262
vt 0.714248 0.551997
vt 0.714630 0.528516
vt 0.722031 0.545038
vt 0.727252 0.521807
vt 0.734895 0.538248
vt 0.721193 0.509873
vt 0.717049 0.502431
vt 0.736626 0.501550
vt 0.742663 0.512896
vt 0.732784 0.493559
vt 0.729990 0.486379
vt 0.713125 0.496861
vt 0.746308 0.485440
vt 0.749840 0.493794
vt 0.743257 0.478411
vt 0.741619 0.471469
vt 0.728111 0.480179
vt 0.752655 0.474983
vt 0.756095 0.480800
vt 0.753530 0.470436
vt 0.754719 0.463704
vt 0.739895 0.462125
vt 0.762937 0.469709
vt 0.758110 0.474452
vt 0.762629 0.461122
vt 0.920376 0.381301
vt 0.912382 0.371997
vt 0.914521 0.368691
vt 0.920145 0.376467
vt 0.901074 0.358426
vt 0.903157 0.355525
vt 0.908022 0.376728
vt 0.897069 0.363262
vt 0.881142 0.344971
vt 0.884913 0.340359
vt 0.892211 0.370872
vt 0.875332 0.351184
vt 0.901986 0.384431
vt 0.887679 0.338007
vt 0.906444 0.351684
vt 0.917484 0.365169
vt 0.910548 0.347493
vt 0.921434 0.361230
vt 0.916607 0.342733
vt 0.926681 0.355347
vt 0.753471 0.505365
vt 0.923535 0.333962
vt 0.911304 0.317196
vt 0.746360 0.528618
vt 0.917905 0.304509
vt 0.897008 0.293675
vt 0.907234 0.284046
vt 0.898889 0.267366
vt 0.382997 0.805331
vt 0.388589 0.809771
vt 0.576421 0.862220
vt 0.581080 0.855763
vt 0.731785 0.565799
vt 0.725627 0.574300
vt 0.737246 0.558415
vt 0.758776 0.489281
vt 0.928620 0.370445
vt 0.924807 0.374528
vt 0.763021 0.477455
vt 0.710512 0.492449
vt 0.695165 0.501686
vt 0.722851 0.587391
vt 0.512580 0.088074
vt 0.509175 0.083910
vt 0.498709 0.006917
vt 0.732724 0.930238
vt 0.737623 0.930754
vt 0.026022 0.855241
vt 0.020526 0.847741
vt 0.016878 0.853074
vt 0.021137 0.842242
vt 0.011814 0.830999
vt 0.011304 0.836469
vt 0.022491 0.837023
vt 0.012446 0.825764
vt 0.844189 0.167553
vt 0.857360 0.187716
vt 0.856013 0.192092
vt 0.842981 0.172400
vt 0.013649 0.819331
vt 0.022847 0.829533
vt 0.859492 0.182871
vt 0.846245 0.162394
vt 0.847975 0.157543
vt 0.861080 0.177903
vt 0.835919 0.194511
vt 0.822447 0.174238
vt 0.824361 0.168798
vt 0.837744 0.188640
vt 0.811340 0.158420
vt 0.813475 0.153641
vt 0.802198 0.143009
vt 0.800282 0.146367
vt 0.815812 0.148247
vt 0.826567 0.163569
vt 0.806125 0.137336
vt 0.839705 0.182935
vt 0.828457 0.158558
vt 0.841224 0.177696
vt 0.830711 0.153645
vt 0.854032 0.197122
vt 0.852069 0.201995
vt 0.849984 0.207151
vt 0.860265 0.215145
vt 0.857570 0.219395
vt 0.862297 0.211214
vt 0.029680 0.815024
vt 0.032330 0.823611
vt 0.024359 0.823376
vt 0.012381 0.858024
vt 0.014056 0.812931
vt 0.847525 0.212028
vt 0.788666 0.135259
vt 0.788063 0.138315
vt 0.790662 0.130989
vt 0.341593 0.813510
vt 0.358049 0.815022
vt 0.341794 0.818896
vt 0.341412 0.808504
vt 0.321015 0.808642
vt 0.321162 0.813674
vt 0.341449 0.803842
vt 0.320939 0.804477
vt 0.297575 0.805214
vt 0.297700 0.809435
vt 0.320748 0.798931
vt 0.340985 0.797826
vt 0.297321 0.799892
vt 0.272777 0.800875
vt 0.273055 0.805927
vt 0.321789 0.831306
vt 0.298411 0.831560
vt 0.298245 0.824847
vt 0.321660 0.824473
vt 0.273917 0.831959
vt 0.273704 0.825296
vt 0.249340 0.825381
vt 0.249455 0.830462
vt 0.273618 0.820175
vt 0.298096 0.819468
vt 0.249183 0.820393
vt 0.225740 0.819246
vt 0.225938 0.824056
vt 0.249058 0.815730
vt 0.273473 0.815108
vt 0.225590 0.814943
vt 0.225332 0.809902
vt 0.204104 0.817495
vt 0.248798 0.810789
vt 0.273197 0.810186
vt 0.248572 0.805923
vt 0.225131 0.805394
vt 0.224901 0.801147
vt 0.248276 0.801228
vt 0.226045 0.829405
vt 0.204817 0.827554
vt 0.204397 0.821951
vt 0.297938 0.814427
vt 0.321487 0.819132
vt 0.343073 0.824689
vt 0.341969 0.831203
vt 0.356696 0.831861
vt 0.188552 0.816278
vt 0.188253 0.818694
vt 0.668763 0.241936
vt 0.743116 0.936700
vt 0.743572 0.944469
vt 0.305874 0.025539
vt 0.300790 0.025737
vt 0.305896 0.031651
vt 0.311678 0.024631
vt 0.311889 0.030745
vt 0.319601 0.024134
vt 0.319837 0.030202
vt 0.319555 0.019629
vt 0.332654 0.019247
vt 0.332786 0.023639
vt 0.319571 0.015590
vt 0.332584 0.015286
vt 0.319387 0.010899
vt 0.332309 0.010668
vt 0.319331 0.006687
vt 0.332100 0.006278
vt 0.332894 0.035326
vt 0.320246 0.035750
vt 0.332843 0.029763
vt 0.312580 0.036128
vt 0.351335 0.029230
vt 0.351429 0.034779
vt 0.351274 0.023301
vt 0.366854 0.022936
vt 0.366789 0.028993
vt 0.351173 0.018855
vt 0.366875 0.018652
vt 0.351021 0.014952
vt 0.366778 0.014646
vt 0.350847 0.010319
vt 0.366400 0.009916
vt 0.350713 0.005808
vt 0.366184 0.005241
vt 0.377438 0.005216
vt 0.377734 0.010178
vt 0.366859 0.034448
vt 0.377920 0.014463
vt 0.386054 0.007153
vt 0.748977 0.944073
vt 0.749122 0.946866
vt 0.742553 0.947023
vt 0.497438 0.924387
vt 0.494502 0.936462
vt 0.501257 0.952687
vt 0.496965 0.953062
vt 0.857528 0.046275
vt 0.736159 0.965077
vt 0.736188 0.970322
vt 0.715067 0.970316
vt 0.714943 0.965716
vt 0.736047 0.975337
vt 0.715111 0.974940
vt 0.714929 0.979231
vt 0.735959 0.980213
vt 0.694608 0.975646
vt 0.695039 0.979550
vt 0.714511 0.956725
vt 0.713991 0.952052
vt 0.734919 0.949138
vt 0.736401 0.954479
vt 0.714806 0.961620
vt 0.736025 0.959921
vt 0.492963 0.952049
vt 0.820290 0.046167
vt 0.034990 0.714626
vt 0.955211 0.911940
vt 0.864754 0.316012
vt 0.778028 0.011216
vt 0.884086 0.153446
vt 0.135907 0.179428
vt 0.136729 0.183762
vt 0.122906 0.188558
vt 0.121185 0.184639
vt 0.124657 0.195048
vt 0.129875 0.206185
vt 0.133413 0.212863
vt 0.148769 0.213076
vt 0.833792 0.122062
vt 0.813989 0.114752
vt 0.842350 0.110727
vt 0.104816 0.233038
vt 0.035296 0.011835
vt 0.042143 0.012464
vt 0.011417 0.042609
vt 0.013465 0.038108
vt 0.024716 0.009688
vt 0.022942 0.014100
vt 0.013586 0.010105
vt 0.014371 0.006025
vt 0.003175 0.003929
vt 0.004924 0.001132
vt 0.002459 0.006830
vt 0.957897 0.951318
vt 0.957779 0.955544
vt 0.968844 0.957074
vt 0.956580 0.978887
vt 0.967768 0.978732
vt 0.956561 0.982212
vt 0.968004 0.982775
vt 0.957870 0.946711
vt 0.004648 0.034641
vt 0.003459 0.038791
vt 0.024750 0.036764
vt 0.715777 0.895581
vt 0.738207 0.894764
vt 0.754940 0.948378
vt 0.737831 0.918018
vt 0.715488 0.911461
vt 0.077324 0.214155
vt 0.532737 0.193989
vt 0.539241 0.193785
vt 0.527513 0.186536
vt 0.526527 0.180766
vt 0.528371 0.194505
vt 0.529053 0.204766
vt 0.532829 0.205250
vt 0.521101 0.194599
vt 0.520063 0.188084
vt 0.521653 0.203216
vt 0.522627 0.213134
vt 0.530459 0.215165
vt 0.813891 0.905322
vt 0.806437 0.902682
vt 0.800266 0.900424
vt 0.793855 0.897946
vt 0.787283 0.895418
vt 0.780940 0.892599
vt 0.517706 0.170551
vt 0.518360 0.176470
vt 0.774610 0.890377
vt 0.523932 0.169909
vt 0.525296 0.175213
vt 0.529831 0.173470
vt 0.528107 0.167493
vt 0.519117 0.182212
vt 0.535399 0.171407
vt 0.532169 0.165163
vt 0.533422 0.218074
vt 0.539962 0.206601
vt 0.540039 0.223127
vt 0.565560 0.177711
vt 0.756411 0.919056
vt 0.570026 0.179330
vt 0.780536 0.927993
vt 0.777445 0.933224
vt 0.782703 0.921156
vt 0.788623 0.924874
vt 0.787048 0.931516
vt 0.790416 0.919005
vt 0.798054 0.921119
vt 0.809262 0.925366
vt 0.782781 0.939159
vt 0.094384 0.189692
vt 0.099231 0.200596
vt 0.084513 0.186217
vt 0.903635 0.761216
vt 0.899163 0.757477
vt 0.063546 0.209395
vt 0.044632 0.202427
vt 0.932099 0.723158
vt 0.078766 0.186463
vt 0.910396 0.692836
vt 0.942530 0.278597
vt 0.876873 0.583717
vt 0.876298 0.583367
vt 0.869988 0.583353
vt 0.837932 0.080369
vt 0.166006 0.456144
vt 0.175884 0.456256
vt 0.155278 0.455976
vt 0.155305 0.423848
vt 0.166062 0.423803
vt 0.194964 0.423957
vt 0.194591 0.456120
vt 0.184244 0.455942
vt 0.184785 0.423872
vt 0.194524 0.475495
vt 0.176041 0.423863
vt 0.176107 0.390404
vt 0.185081 0.390355
vt 0.166060 0.390356
vt 0.155222 0.390361
vt 0.195269 0.390426
vt 0.085820 0.310907
vt 0.094956 0.311141
vt 0.046919 0.296786
vt 0.055129 0.297259
vt 0.094499 0.296332
vt 0.084862 0.296954
vt 0.071147 0.297406
vt 0.071259 0.310551
vt 0.084021 0.273100
vt 0.094100 0.273088
vt 0.071188 0.273073
vt 0.062560 0.273296
vt 0.062840 0.297170
vt 0.070825 0.255948
vt 0.083022 0.256140
vt 0.064078 0.255601
vt 0.055282 0.273407
vt 0.064362 0.243888
vt 0.070499 0.243832
vt 0.045984 0.273450
vt 0.092923 0.255175
vt 0.023540 0.290075
vt 0.012806 0.281652
vt 0.136124 0.969307
vt 0.131580 0.955418
vt 0.150789 0.948305
vt 0.156333 0.961522
vt 0.922252 0.865868
vt 0.919914 0.870521
vt 0.246724 0.967417
vt 0.925974 0.863413
vt 0.252598 0.964856
vt 0.241999 0.957935
vt 0.247280 0.955345
vt 0.258345 0.962002
vt 0.252976 0.952369
vt 0.932133 0.836698
vt 0.933685 0.843715
vt 0.260939 0.948172
vt 0.266392 0.957574
vt 0.908043 0.865475
vt 0.909824 0.874227
vt 0.901127 0.868097
vt 0.904848 0.861133
vt 0.902590 0.857178
vt 0.898591 0.864178
vt 0.976280 0.745335
vt 0.977150 0.751198
vt 0.971460 0.751177
vt 0.971719 0.745140
vt 0.976362 0.757082
vt 0.972286 0.757547
vt 0.986017 0.750312
vt 0.985110 0.744492
vt 0.984355 0.739292
vt 0.975520 0.740009
vt 0.988670 0.738486
vt 0.988113 0.733527
vt 0.983611 0.733916
vt 0.992849 0.737635
vt 0.992731 0.732832
vt 0.982886 0.728372
vt 0.974757 0.734724
vt 0.974027 0.729391
vt 0.987671 0.728093
vt 0.982122 0.722521
vt 0.981282 0.716519
vt 0.973231 0.723634
vt 0.972429 0.717878
vt 0.971642 0.712091
vt 0.980483 0.710790
vt 0.970282 0.735984
vt 0.971083 0.740241
vt 0.964756 0.751528
vt 0.266754 0.944609
vt 0.270670 0.952133
vt 0.271613 0.968718
vt 0.917639 0.874642
vt 0.879998 0.831720
vt 0.869494 0.833565
vt 0.864168 0.829974
vt 0.873439 0.836377
vt 0.859016 0.832525
vt 0.855984 0.830454
vt 0.877297 0.840619
vt 0.862410 0.835980
vt 0.856894 0.823938
vt 0.874521 0.826983
vt 0.877208 0.830038
vt 0.861221 0.828111
vt 0.889317 0.826604
vt 0.836808 0.822903
vt 0.832976 0.818961
vt 0.840138 0.825842
vt 0.968831 0.066056
vt 0.963886 0.069729
vt 0.964833 0.050142
vt 0.967112 0.048937
vt 0.965858 0.028795
vt 0.967838 0.031285
vt 0.964527 0.029247
vt 0.654879 0.021969
vt 0.652683 0.025894
vt 0.634980 0.025286
vt 0.634681 0.020305
vt 0.652411 0.028094
vt 0.634985 0.027363
vt 0.616782 0.026544
vt 0.616832 0.024606
vt 0.617235 0.012533
vt 0.635619 0.013584
vt 0.635167 0.017627
vt 0.617120 0.016698
vt 0.653233 0.015426
vt 0.653302 0.019436
vt 0.616995 0.019129
vt 0.596116 0.018612
vt 0.596311 0.015977
vt 0.598527 0.023833
vt 0.598871 0.012241
vt 0.598507 0.025897
vt 0.584210 0.023497
vt 0.584662 0.020189
vt 0.594659 0.027249
vt 0.579555 0.025791
vt 0.948239 0.081891
vt 0.955586 0.066565
vt 0.969408 0.091703
vt 0.967279 0.095339
vt 0.998818 0.736742
vt 0.958628 0.613096
vt 0.951257 0.610699
vt 0.952229 0.608165
vt 0.964611 0.615191
vt 0.225764 0.937764
vt 0.225397 0.949164
vt 0.946986 0.939131
vt 0.905698 0.931193
vt 0.899170 0.942283
vt 0.903004 0.942024
vt 0.224380 0.963056
vt 0.219515 0.965275
vt 0.196303 0.964723
vt 0.196307 0.950641
vt 0.200873 0.961925
vt 0.204898 0.959044
vt 0.205493 0.971648
vt 0.209913 0.955955
vt 0.210402 0.969354
vt 0.214836 0.967281
vt 0.214391 0.978407
vt 0.210553 0.978968
vt 0.219888 0.977954
vt 0.205619 0.980038
vt 0.209345 0.984611
vt 0.206023 0.985279
vt 0.957920 0.167286
vt 0.962760 0.163250
vt 0.417070 0.947542
vt 0.414086 0.943408
vt 0.415445 0.940139
vt 0.418256 0.943618
vt 0.414761 0.950616
vt 0.421296 0.945156
vt 0.224356 0.974949
vt 0.437867 0.962599
vt 0.444461 0.962401
vt 0.975146 0.174844
vt 0.048594 0.426396
vt 0.044212 0.427868
vt 0.925966 0.183677
vt 0.923860 0.180918
vt 0.929941 0.181516
vt 0.935547 0.181832
vt 0.945234 0.181394
vt 0.957543 0.185331
vt 0.957647 0.180844
vt 0.998766 0.731108
vt 0.967154 0.617252
vt 0.969961 0.616891
vt 0.422859 0.165715
vt 0.430539 0.158755
vt 0.432521 0.156783
vt 0.426394 0.159548
vt 0.420003 0.162626
vt 0.401710 0.167169
vt 0.403349 0.171900
vt 0.419037 0.158089
vt 0.428991 0.156870
vt 0.399984 0.162210
vt 0.398456 0.156140
vt 0.418802 0.152421
vt 0.397993 0.149719
vt 0.407095 0.176422
vt 0.410036 0.180498
vt 0.413269 0.184400
vt 0.416772 0.188739
vt 0.394311 0.198268
vt 0.436893 0.177255
vt 0.257205 0.566250
vt 0.269739 0.582258
vt 0.264216 0.585564
vt 0.251675 0.569581
vt 0.281462 0.595313
vt 0.276433 0.599205
vt 0.449469 0.162778
vt 0.816278 0.055194
vt 0.816009 0.048602
vt 0.837805 0.049735
vt 0.838003 0.056662
vt 0.467964 0.158457
vt 0.465062 0.154302
vt 0.837638 0.099922
vt 0.837962 0.064948
vt 0.816456 0.062918
vt 0.837560 0.074334
vt 0.816009 0.067915
vt 0.257605 0.589762
vt 0.270256 0.603692
vt 0.244907 0.574312
vt 0.239236 0.578506
vt 0.235594 0.581669
vt 0.229613 0.586227
vt 0.221153 0.592741
vt 0.230962 0.607042
vt 0.215199 0.617134
vt 0.205577 0.602177
vt 0.238753 0.616282
vt 0.243394 0.621693
vt 0.255630 0.614032
vt 0.248835 0.626437
vt 0.259984 0.618825
vt 0.417018 0.126217
vt 0.429026 0.124782
vt 0.431077 0.134730
vt 0.417370 0.135447
vt 0.268327 0.626366
vt 0.256728 0.633443
vt 0.268240 0.644358
vt 0.280868 0.638290
vt 0.234456 0.643413
vt 0.247110 0.655594
vt 0.287339 0.663961
vt 0.231193 0.670802
vt 0.221996 0.660769
vt 0.218076 0.683285
vt 0.195572 0.607981
vt 0.123349 0.288595
vt 0.126183 0.290895
vt 0.131335 0.272166
vt 0.133657 0.273957
vt 0.204073 0.623956
vt 0.136890 0.262584
vt 0.139098 0.263223
vt 0.137878 0.276112
vt 0.130467 0.292835
vt 0.144118 0.265318
vt 0.147299 0.279083
vt 0.140124 0.296543
vt 0.150068 0.267771
vt 0.682877 0.081201
vt 0.695447 0.086563
vt 0.698573 0.098395
vt 0.683211 0.093973
vt 0.707519 0.101523
vt 0.708792 0.111352
vt 0.699896 0.108390
vt 0.710901 0.101449
vt 0.711096 0.112472
vt 0.721875 0.100651
vt 0.723280 0.111008
vt 0.739080 0.098881
vt 0.740993 0.109554
vt 0.739825 0.088802
vt 0.740199 0.082855
vt 0.769733 0.079952
vt 0.740618 0.079479
vt 0.769481 0.076424
vt 0.109403 0.482977
vt 0.107030 0.477951
vt 0.746443 0.134614
vt 0.745928 0.141704
vt 0.728717 0.146374
vt 0.728387 0.138390
vt 0.746694 0.127610
vt 0.102914 0.476828
vt 0.775472 0.122323
vt 0.745829 0.124294
vt 0.774829 0.119437
vt 0.744423 0.118269
vt 0.774042 0.114758
vt 0.772653 0.105214
vt 0.197421 0.687467
vt 0.198446 0.682236
vt 0.204194 0.691592
vt 0.211761 0.675278
vt 0.210115 0.699481
vt 0.198423 0.709525
vt 0.195052 0.700788
vt 0.148719 0.298749
vt 0.373412 0.131216
vt 0.398496 0.128403
vt 0.397860 0.138711
vt 0.298765 0.656971
vt 0.418508 0.145744
vt 0.431351 0.144463
vt 0.430545 0.152107
vt 0.861999 0.314048
vt 0.814753 0.256158
vt 0.869382 0.298274
vt 0.867141 0.292200
vt 0.837400 0.240920
vt 0.843997 0.247665
vt 0.858216 0.229723
vt 0.859837 0.222715
vt 0.852017 0.253070
vt 0.865152 0.230489
vt 0.854036 0.259239
vt 0.073343 0.691833
vt 0.075674 0.694826
vt 0.858090 0.266066
vt 0.072085 0.688217
vt 0.054959 0.703769
vt 0.861839 0.276289
vt 0.073196 0.681177
vt 0.052820 0.696130
vt 0.954165 0.125762
vt 0.965421 0.103259
vt 0.948361 0.118041
vt 0.965515 0.098018
vt 0.943941 0.112994
vt 0.962695 0.095247
vt 0.862928 0.285400
vt 0.953960 0.088917
vt 0.937766 0.115003
vt 0.916064 0.113108
vt 0.929410 0.119445
vt 0.061631 0.758685
vt 0.036679 0.797838
vt 0.028562 0.772103
vt 0.036400 0.765424
vt 0.044570 0.795739
vt 0.067852 0.793132
vt 0.060173 0.793834
vt 0.067048 0.831374
vt 0.074522 0.831488
vt 0.052815 0.793933
vt 0.058849 0.831814
vt 0.050264 0.832966
vt 0.042632 0.834731
vt 0.926916 0.146415
vt 0.861956 0.581913
vt 0.370253 0.788775
vt 0.369276 0.785621
vt 0.767422 0.472088
vt 0.773805 0.009798
vt 0.200997 0.651964
vt 0.083217 0.226976
vt 0.153834 0.180440
vt 0.250171 0.905916
vt 0.029405 0.408447
vt 0.488260 0.659531
vt 0.680774 0.757124
vt 0.678958 0.751585
vt 0.679224 0.763865
vt 0.807254 0.128619
vt 0.568334 0.170098
vt 0.688475 0.605860
vt 0.880633 0.580722
vt 0.861170 0.940958
vt 0.101411 0.209986
vt 0.573226 0.187625
vt 0.574140 0.198269
vt 0.629065 0.623794
vt 0.618806 0.628769
vt 0.314907 0.699763
vt 0.051112 0.436315
vt 0.959204 0.721693
vt 0.960712 0.726921
vt 0.626614 0.958444
vt 0.958481 0.049332
vt 0.392786 0.990957
vt 0.396111 0.990149
vt 0.397418 0.990734
vt 0.401750 0.992130
vt 0.512259 0.997274
vt 0.402507 0.990088
vt 0.337903 0.996599
vt 0.328526 0.997956
vt 0.923107 0.630506
vt 0.097851 0.086363
vt 0.255088 0.487327
vt 0.590514 0.211994
vt 0.690594 0.618614
vt 0.676051 0.609772
vt 0.688065 0.609122
vt 0.877517 0.586113
vt 0.254845 0.500444
vt 0.255424 0.501761
vt 0.137379 0.990289
vt 0.137323 0.990051
vt 0.137379 0.990049
vt 0.860120 0.991516
vt 0.860172 0.991515
vt 0.860172 0.991852
vt 0.141639 0.992638
vt 0.141649 0.992692
vt 0.141162 0.992743
vt 0.860071 0.991530
vt 0.808520 0.995125
vt 0.857319 0.989569
vt 0.857822 0.989570
vt 0.857822 0.989668
vt 0.138968 0.992673
vt 0.139026 0.992693
vt 0.138686 0.992689
vt 0.138968 0.992713
vt 0.854681 0.987330
vt 0.640266 0.991323
vt 0.862294 0.986792
vt 0.862024 0.986657
vt 0.862091 0.986524
vt 0.862299 0.986478
vt 0.838484 0.987116
vt 0.840442 0.987095
vt 0.840442 0.987140
vt 0.840441 0.987185
vt 0.840096 0.998687
vt 0.840550 0.998107
vt 0.841890 0.998107
vt 0.840808 0.998890
vt 0.164728 0.998754
vt 0.167053 0.998751
vt 0.167046 0.998754
vt 0.854336 0.989559
vt 0.854809 0.989542
vt 0.855195 0.989763
vt 0.167046 0.998748
vt 0.741817 0.996811
vt 0.738260 0.996882
vt 0.737153 0.996371
vt 0.695022 0.998818
vt 0.694256 0.998818
vt 0.699019 0.998683
vt 0.716847 0.990625
vt 0.713425 0.990685
vt 0.712135 0.990343
vt 0.755043 0.990174
vt 0.759634 0.990169
vt 0.759520 0.990174
vt 0.848361 0.997134
vt 0.848419 0.997730
vt 0.848419 0.998348
vt 0.592214 0.991000
vt 0.595464 0.993465
vt 0.590673 0.996910
vt 0.828742 0.993582
vt 0.825189 0.992233
vt 0.828209 0.991959
vt 0.762577 0.317698
vt 0.665523 0.997757
vt 0.668304 0.993524
vt 0.670161 0.995362
vt 0.659404 0.991240
vt 0.664499 0.990978
vt 0.664089 0.993544
vt 0.541574 0.995765
vt 0.835515 0.994571
vt 0.837046 0.995123
vt 0.835506 0.996872
vt 0.351150 0.992039
vt 0.355227 0.994530
vt 0.350407 0.997870
vt 0.362920 0.997890
vt 0.564974 0.991308
vt 0.562320 0.994878
vt 0.558530 0.991127
vt 0.418339 0.993486
vt 0.420094 0.995163
vt 0.411060 0.998967
vt 0.382425 0.989983
vt 0.848458 0.988722
vt 0.846796 0.987091
vt 0.848312 0.987073
vt 0.816190 0.991431
vt 0.817221 0.994459
vt 0.816190 0.993308
vt 0.841792 0.995642
vt 0.840269 0.994351
vt 0.841792 0.994042
vt 0.793776 0.989384
vt 0.797924 0.987612
vt 0.795708 0.990773
vt 0.497129 0.995184
vt 0.488586 0.998462
vt 0.491734 0.995184
vt 0.860113 0.988986
vt 0.860142 0.989087
vt 0.860142 0.989332
vt 0.996548 0.701509
vt 0.670623 0.997920
vt 0.662269 0.995418
vt 0.794079 0.987041
vt 0.493144 0.998784
vt 0.860100 0.989090
vt 0.844209 0.998823
vt 0.844209 0.997569
vt 0.845938 0.998793
vt 0.812804 0.992718
vt 0.811076 0.992769
vt 0.811076 0.989588
vt 0.779688 0.990566
vt 0.775286 0.988545
vt 0.778308 0.988616
vt 0.693829 0.993738
vt 0.693648 0.992138
vt 0.696598 0.993805
vt 0.470899 0.179667
vt 0.471874 0.180895
vt 0.704201 0.995715
vt 0.706150 0.997748
vt 0.701408 0.996861
vt 0.866263 0.973681
vt 0.541669 0.167918
vt 0.889342 0.376997
vt 0.808772 0.992888
vt 0.805883 0.989468
vt 0.808241 0.989911
vt 0.222084 0.026818
vt 0.692276 0.462492
vt 0.579078 0.993003
vt 0.572415 0.993513
vt 0.573202 0.993003
vt 0.192820 0.993544
vt 0.198598 0.994604
vt 0.195143 0.994715
vt 0.182662 0.998909
vt 0.027651 0.435456
vt 0.420098 0.997578
vt 0.346121 0.999000
vt 0.574767 0.997573
vt 0.579199 0.996100
vt 0.574747 0.997867
vt 0.572805 0.997475
vt 0.573489 0.996183
vt 0.831949 0.995691
vt 0.832762 0.998277
vt 0.831949 0.997879
vt 0.483779 0.998784
vt 0.478384 0.998784
vt 0.486927 0.995505
vt 0.758422 0.998177
vt 0.762886 0.996798
vt 0.758511 0.998259
vt 0.230542 0.997917
vt 0.477549 0.053210
vt 0.862793 0.989106
vt 0.862793 0.989161
vt 0.862551 0.989116
vt 0.859951 0.994162
vt 0.860291 0.994157
vt 0.860291 0.994208
vt 0.857626 0.992430
vt 0.857570 0.991949
vt 0.857626 0.991947
vt 0.860277 0.994258
vt 0.794977 0.997600
vt 0.144612 0.992764
vt 0.142423 0.989920
vt 0.142523 0.989920
vt 0.142523 0.990418
vt 0.138366 0.995385
vt 0.138342 0.995049
vt 0.138366 0.995105
vt 0.138326 0.995108
vt 0.859605 0.986588
vt 0.859769 0.986455
vt 0.859766 0.986816
vt 0.859453 0.986650
vt 0.645892 0.994665
vt 0.862049 0.996661
vt 0.862184 0.996595
vt 0.862320 0.996863
vt 0.862003 0.996867
vt 0.162534 0.998246
vt 0.162534 0.998291
vt 0.160576 0.998291
vt 0.162532 0.998200
vt 0.156583 0.998900
vt 0.157650 0.998097
vt 0.158366 0.998287
vt 0.157923 0.998875
vt 0.838322 0.991665
vt 0.838330 0.991668
vt 0.836005 0.991701
vt 0.854906 0.992019
vt 0.855142 0.992393
vt 0.855142 0.992862
vt 0.838323 0.991671
vt 0.744300 0.997619
vt 0.745396 0.997087
vt 0.748953 0.997087
vt 0.694256 0.996248
vt 0.699020 0.996222
vt 0.698255 0.996248
vt 0.719279 0.990522
vt 0.720562 0.990158
vt 0.723985 0.990158
vt 0.761304 0.992771
vt 0.761418 0.992780
vt 0.756830 0.992604
vt 0.848286 0.994688
vt 0.848911 0.994683
vt 0.849513 0.994735
vt 0.597812 0.990522
vt 0.603670 0.991386
vt 0.601940 0.995058
vt 0.824648 0.996950
vt 0.822430 0.998997
vt 0.823780 0.995475
vt 0.959160 0.732771
vt 0.658092 0.995339
vt 0.658637 0.997882
vt 0.653535 0.997882
vt 0.651587 0.994553
vt 0.649313 0.995851
vt 0.647736 0.991049
vt 0.833964 0.989288
vt 0.835738 0.987771
vt 0.836290 0.989288
vt 0.610314 0.997899
vt 0.604431 0.997899
vt 0.606326 0.993544
vt 0.431814 0.992557
vt 0.422298 0.994943
vt 0.422668 0.992557
vt 0.267477 0.998934
vt 0.152050 0.998950
vt 0.151582 0.997523
vt 0.153675 0.998558
vt 0.815595 0.987075
vt 0.816768 0.988084
vt 0.813699 0.987093
vt 0.840679 0.989521
vt 0.842209 0.989788
vt 0.840723 0.991120
vt 0.789006 0.994869
vt 0.789006 0.991022
vt 0.791392 0.994818
vt 0.472710 0.994163
vt 0.477262 0.994557
vt 0.468666 0.997699
vt 0.139701 0.990154
vt 0.139949 0.990148
vt 0.140051 0.990175
vt 0.656176 0.993562
vt 0.652704 0.992201
vt 0.792493 0.992722
vt 0.474061 0.997785
vt 0.139947 0.990190
vt 0.844209 0.994774
vt 0.845916 0.993520
vt 0.845938 0.994774
vt 0.812122 0.995141
vt 0.814808 0.996887
vt 0.813817 0.998289
vt 0.773092 0.994905
vt 0.771315 0.992485
vt 0.775498 0.994920
vt 0.544646 0.171813
vt 0.546076 0.169455
vt 0.234297 0.161570
vt 0.063210 0.733319
vt 0.806205 0.995574
vt 0.806205 0.997950
vt 0.803348 0.994503
vt 0.666298 0.019488
vt 0.668856 0.021116
vt 0.568165 0.990869
vt 0.567312 0.990475
vt 0.573980 0.990036
vt 0.608539 0.989945
vt 0.611826 0.991002
vt 0.605979 0.990431
vt 0.334869 0.993630
vt 0.321839 0.991664
vt 0.323918 0.990109
vt 0.210440 0.995442
vt 0.195304 0.989944
vt 0.207083 0.991033
vt 0.209384 0.990232
vt 0.423772 0.996867
vt 0.568411 0.997185
vt 0.563634 0.997833
vt 0.568347 0.997038
vt 0.570516 0.996507
vt 0.569388 0.995125
vt 0.403086 0.991604
vt 0.831794 0.993316
vt 0.831009 0.992868
vt 0.833634 0.992104
vt 0.468957 0.993045
vt 0.460138 0.990586
vt 0.465509 0.990078
vt 0.976932 0.455676
vt 0.957334 0.461543
vt 0.271329 0.370378
vt 0.607037 0.607053
vt 0.141650 0.992748
vt 0.137272 0.990074
vt 0.857784 0.989760
vt 0.713457 0.990157
vt 0.751126 0.993160
vt 0.754549 0.993160
vt 0.749926 0.993555
vt 0.715708 0.997067
vt 0.720415 0.996747
vt 0.716954 0.997284
vt 0.751177 0.993741
vt 0.768625 0.989681
vt 0.773087 0.989662
vt 0.772624 0.989681
vt 0.695021 0.998775
vt 0.146695 0.997451
vt 0.146366 0.996516
vt 0.146695 0.996853
vt 0.848360 0.997733
vt 0.720308 0.993214
vt 0.724997 0.993196
vt 0.724535 0.993214
vt 0.769282 0.995228
vt 0.765054 0.995228
vt 0.769517 0.995216
vt 0.751469 0.996237
vt 0.756067 0.996226
vt 0.755832 0.996237
vt 0.767880 0.992698
vt 0.763516 0.992698
vt 0.767994 0.992693
vt 0.730004 0.996402
vt 0.734684 0.996709
vt 0.731156 0.996817
vt 0.741881 0.990750
vt 0.740728 0.990335
vt 0.745383 0.990677
vt 0.722859 0.998562
vt 0.727546 0.998304
vt 0.724036 0.998874
vt 0.736799 0.993817
vt 0.735622 0.993505
vt 0.740288 0.993285
vt 0.854750 0.989786
vt 0.146319 0.996982
vt 0.637658 0.991323
vt 0.633160 0.995971
vt 0.633113 0.990929
vt 0.638251 0.995800
vt 0.618473 0.997648
vt 0.612085 0.993797
vt 0.617149 0.993614
vt 0.557955 0.995773
vt 0.680144 0.996290
vt 0.679837 0.991620
vt 0.683593 0.992616
vt 0.833204 0.997493
vt 0.192902 0.996033
vt 0.573272 0.993898
vt 0.690477 0.990114
vt 0.689824 0.991233
vt 0.685455 0.990203
vt 0.784954 0.998768
vt 0.787506 0.997173
vt 0.788893 0.997672
vt 0.684874 0.996249
vt 0.614244 0.998334
vt 0.708984 0.995076
vt 0.713401 0.996496
vt 0.708440 0.996477
vt 0.846790 0.988592
vt 0.840194 0.995887
vt 0.817337 0.992925
vt 0.827249 0.994436
vt 0.627961 0.990956
vt 0.630652 0.993620
vt 0.628097 0.996449
vt 0.146797 0.994400
vt 0.147106 0.993510
vt 0.147714 0.993729
vt 0.851659 0.986806
vt 0.850924 0.987668
vt 0.850927 0.986612
vt 0.851975 0.987487
vt 0.147747 0.994369
vt 0.787972 0.998814
vt 0.766350 0.990174
vt 0.761986 0.990174
vt 0.766463 0.990169
vt 0.761304 0.992782
vt 0.746272 0.994131
vt 0.747424 0.994546
vt 0.742769 0.994204
vt 0.713478 0.993135
vt 0.716938 0.993682
vt 0.718055 0.994270
vt 0.734758 0.990788
vt 0.733582 0.990476
vt 0.738248 0.990256
vt 0.728474 0.993220
vt 0.732002 0.993112
vt 0.733154 0.993527
vt 0.745490 0.997890
vt 0.731117 0.990227
vt 0.727606 0.990797
vt 0.726430 0.990485
vt 0.772114 0.987157
vt 0.768115 0.987157
vt 0.772576 0.987138
vt 0.727548 0.995720
vt 0.727086 0.995738
vt 0.722858 0.995738
vt 0.769282 0.997752
vt 0.765054 0.997752
vt 0.769517 0.997740
vt 0.756067 0.998750
vt 0.755832 0.998762
vt 0.751469 0.998762
vt 0.785393 0.989177
vt 0.782760 0.989133
vt 0.781313 0.987162
vt 0.783775 0.987122
vt 0.709830 0.991448
vt 0.704869 0.991429
vt 0.705414 0.990028
vt 0.464451 0.993794
vt 0.964214 0.466719
vt 0.823903 0.986934
vt 0.824274 0.989870
vt 0.823903 0.989003
vt 0.774316 0.992846
vt 0.844711 0.993136
vt 0.812088 0.998322
vt 0.598069 0.996378
vt 0.530422 0.991331
vt 0.538438 0.992859
vt 0.534514 0.994273
vt 0.834301 0.987011
vt 0.803851 0.997485
vt 0.850918 0.989946
vt 0.851982 0.990019
vt 0.851982 0.990660
vt 0.854727 0.996884
vt 0.853784 0.996018
vt 0.854727 0.996134
vt 0.851381 0.990897
vt 0.853972 0.996940
vt 0.824418 0.988939
vt 0.535325 0.990103
vt 0.767880 0.992687
vt 0.759520 0.990163
vt 0.741930 0.990093
vt 0.716912 0.996683
vt 0.736764 0.993084
vt 0.731201 0.996141
vt 0.738338 0.996076
vt 0.723994 0.998123
vt 0.772624 0.989647
vt 0.724535 0.993181
vt 0.769282 0.995206
vt 0.755832 0.996216
vt 0.781787 0.996292
vt 0.779325 0.996250
vt 0.777778 0.994142
vt 0.780407 0.994274
vt 0.702687 0.997641
vt 0.697796 0.990007
vt 0.702622 0.990007
vt 0.700962 0.993865
vt 0.708973 0.997882
vt 0.482369 0.995184
vt 0.758649 0.995204
vt 0.819612 0.992532
vt 0.822587 0.992232
vt 0.820549 0.992696
vt 0.777292 0.990783
vt 0.692597 0.991076
vt 0.845408 0.997164
vt 0.813781 0.991306
vt 0.532807 0.998895
vt 0.525341 0.998895
vt 0.530457 0.995577
vt 0.588166 0.991600
vt 0.555629 0.993735
vt 0.548427 0.989932
vt 0.553478 0.990193
vt 0.837808 0.996548
vt 0.805905 0.991844
vt 0.820496 0.992185
vt 0.551458 0.993940
vt 0.857515 0.991959
vt 0.862772 0.989213
vt 0.142331 0.989958
vt 0.720604 0.990685
vt 0.752513 0.990217
vt 0.749127 0.990712
vt 0.747881 0.990495
vt 0.716789 0.994267
vt 0.749091 0.990130
vt 0.772114 0.987123
vt 0.698255 0.996205
vt 0.145231 0.989980
vt 0.145703 0.990021
vt 0.144762 0.990357
vt 0.848908 0.994741
vt 0.727085 0.995705
vt 0.769282 0.997730
vt 0.755832 0.998740
vt 0.766350 0.990163
vt 0.731957 0.993788
vt 0.746222 0.994788
vt 0.727564 0.990046
vt 0.734723 0.990055
vt 0.854898 0.992461
vt 0.145366 0.990351
vt 0.672667 0.997990
vt 0.677323 0.993495
vt 0.677762 0.997990
vt 0.672793 0.992949
vt 0.620132 0.992004
vt 0.625728 0.996916
vt 0.621444 0.996848
vt 0.920694 0.182043
vt 0.691994 0.998311
vt 0.687265 0.998311
vt 0.690746 0.994666
vt 0.264759 0.997053
vt 0.831424 0.992069
vt 0.323355 0.993763
vt 0.568105 0.989973
vt 0.608393 0.991403
vt 0.787545 0.987429
vt 0.788962 0.987019
vt 0.791403 0.988775
vt 0.686999 0.993637
vt 0.625149 0.992714
vt 0.705402 0.992834
vt 0.153016 0.997037
vt 0.842327 0.991322
vt 0.815219 0.988214
vt 0.822141 0.996009
vt 0.788389 0.988627
s 1
f 1/1/1 2/2/2 3/3/3 4/4/4
f 5/5/5 4/6/4 3/7/3 6/8/6
f 7/9/7 4/6/4 5/5/5 8/10/8
f 9/11/9 8/12/8 10/13/10 11/14/11
f 1/15/1 12/16/12 10/13/10 5/17/5
f 13/18/13 11/14/11 10/13/10 12/16/12
f 14/19/14 11/14/11 13/18/13 15/20/15
f 7/9/7 16/21/16 13/18/13 12/16/12
f 17/22/17 15/20/15 13/18/13 16/21/16
f 18/23/18 15/20/15 17/22/17 19/24/19
f 9/25/9 20/26/20 17/22/17 16/21/16
f 21/27/21 19/24/19 17/22/17 20/26/20
f 22/28/22 19/29/19 21/30/21 23/31/23
f 14/19/14 24/32/24 21/33/21 20/34/20
f 25/35/25 23/36/23 21/37/21 24/38/24
f 26/39/26 23/36/23 25/35/25 27/40/27
f 18/41/18 28/42/28 25/35/25 24/38/24
f 29/43/29 27/40/27 25/35/25 28/42/28
f 30/44/30 27/40/27 29/43/29 31/45/31
f 22/28/22 32/46/32 29/47/29 28/48/28
f 33/49/33 31/50/31 29/47/29 32/46/32
f 23/31/23 26/51/26 32/46/32 22/28/22
f 34/52/34 33/49/33 32/46/32 26/51/26
f 19/29/19 22/28/22 28/48/28 18/53/18
f 30/44/30 34/54/34 26/39/26 27/40/27
f 15/20/15 18/23/18 24/32/24 14/19/14
f 11/14/11 14/19/14 20/34/20 9/11/9
f 8/10/8 9/25/9 16/21/16 7/9/7
f 4/6/4 7/9/7 12/16/12 1/15/1
f 2/2/2 1/1/1 5/55/5 6/56/6
f 31/50/31 33/49/33 34/52/34 30/57/30
f 35/58/35 36/59/36 37/60/37 38/61/38
f 39/62/39 38/61/38 37/60/37 40/63/40
f 41/64/41 38/61/38 39/62/39 42/65/42
f 43/66/43 44/67/44 39/68/39 40/69/40
f 45/70/45 42/71/42 39/68/39 44/67/44
f 46/72/46 42/71/42 45/70/45 47/73/47
f 35/58/35 48/74/48 45/75/45 44/76/44
f 49/77/49 47/73/47 45/70/45 48/78/48
f 50/79/50 47/73/47 49/77/49 51/80/51
f 41/81/41 52/82/52 49/77/49 48/78/48
f 53/83/53 51/84/51 49/85/49 52/86/52
f 54/87/54 51/84/51 53/83/53 55/88/55
f 46/72/46 56/89/56 53/90/53 52/91/52
f 57/92/57 55/93/55 53/94/53 56/95/56
f 50/96/50 58/97/58 57/92/57 56/95/56
f 59/98/59 55/99/55 58/100/58 60/101/60
f 51/84/51 54/87/54 58/97/58 50/96/50
f 61/102/61 60/103/60 58/97/58 54/87/54
f 47/73/47 50/79/50 56/89/56 46/72/46
f 59/98/59 61/104/61 54/105/54 55/99/55
f 42/71/42 46/72/46 52/91/52 41/106/41
f 38/61/38 41/64/41 48/74/48 35/58/35
f 36/59/36 35/58/35 44/76/44 43/107/43
f 37/108/37 36/109/36 43/66/43 40/69/40
f 62/110/62 63/111/63 64/112/64 65/113/65
f 66/114/66 65/115/65 64/116/64 67/117/67
f 68/118/68 65/115/65 66/114/66 69/119/69
f 63/111/63 62/110/62 66/120/66 67/121/67
f 70/122/70 69/119/69 66/114/66 62/123/62
f 71/124/71 69/125/69 70/126/70 72/127/72
f 65/128/65 68/129/68 70/122/70 62/123/62
f 73/130/73 72/127/72 70/126/70 68/131/68
f 69/132/69 71/133/71 73/134/73 68/135/68
f 74/136/74 75/137/75 76/138/76 77/139/77
f 75/140/75 74/141/74 78/142/78 79/143/79
f 80/144/80 79/143/79 78/142/78 81/145/81
f 77/139/77 76/138/76 80/146/80 81/147/81
f 74/136/74 77/139/77 81/147/81 78/148/78
f 79/143/79 80/144/80 76/149/76 75/140/75
f 82/150/82 83/151/83 84/152/84 85/153/85
f 86/154/86 83/151/83 82/150/82 87/155/87
f 88/156/88 89/157/89 82/150/82 85/153/85
f 90/158/90 87/155/87 82/150/82 89/157/89
f 91/159/91 87/155/87 90/158/90 92/160/92
f 93/161/93 94/162/94 90/158/90 89/157/89
f 95/163/95 92/160/92 90/158/90 94/162/94
f 96/164/96 92/160/92 95/163/95 97/165/97
f 86/166/86 98/167/98 95/163/95 94/162/94
f 99/168/99 97/169/97 95/170/95 98/171/98
f 100/172/100 97/169/97 99/168/99 101/173/101
f 91/159/91 102/174/102 99/175/99 98/176/98
f 103/177/103 101/173/101 99/168/99 102/178/102
f 92/160/92 96/164/96 102/174/102 91/159/91
f 104/179/104 103/177/103 102/178/102 96/180/96
f 87/155/87 91/159/91 98/176/98 86/154/86
f 100/181/100 104/179/104 96/180/96 97/182/97
f 83/183/83 86/166/86 94/162/94 93/161/93
f 84/184/84 83/183/83 89/157/89 88/156/88
f 105/185/105 104/186/104 100/187/100 101/188/101
f 106/189/106 107/190/107 108/191/108 109/192/109
f 110/193/110 109/192/109 108/191/108 111/194/111
f 112/195/112 111/194/111 108/191/108 107/190/107
f 113/196/113 114/197/114 115/198/115 116/199/116
f 117/200/117 118/201/118 115/198/115 114/197/114
f 119/202/119 120/203/120 115/198/115 118/201/118
f 121/204/121 122/205/122 115/198/115 120/203/120
f 123/206/123 116/199/116 115/198/115 122/205/122
f 112/207/112 124/208/124 125/209/125 111/210/111
f 110/193/110 111/194/111 125/211/125 126/212/126
f 127/213/127 126/214/126 125/209/125 124/208/124
f 128/215/128 112/195/112 107/190/107 106/189/106
f 129/216/129 130/217/130 131/218/131 132/219/132
f 133/220/133 134/221/134 131/218/131 130/217/130
f 128/222/128 127/213/127 124/208/124 112/207/112
f 135/223/135 136/224/136 137/225/137 113/196/113
f 114/197/114 113/196/113 137/225/137 138/226/138
f 139/227/139 138/226/138 137/225/137 136/224/136
f 140/228/140 139/229/139 136/230/136 135/231/135
f 141/232/141 121/233/121 120/234/120 142/235/142
f 135/231/135 142/235/142 120/234/120 140/228/140
f 143/236/143 140/228/140 120/234/120 119/237/119
f 144/238/144 145/239/145 143/236/143 119/237/119
f 146/240/146 147/241/147 143/236/143 145/239/145
f 139/229/139 140/228/140 143/236/143 147/241/147
f 148/242/148 149/243/149 147/244/147 146/245/146
f 138/226/138 139/227/139 147/244/147 149/243/149
f 150/246/150 117/200/117 149/243/149 148/242/148
f 114/197/114 138/226/138 149/243/149 117/200/117
f 151/247/151 152/248/152 150/246/150 148/242/148
f 153/249/153 154/250/154 150/246/150 152/248/152
f 118/201/118 117/200/117 150/246/150 154/250/154
f 155/251/155 144/252/144 154/250/154 153/249/153
f 119/202/119 118/201/118 154/250/154 144/252/144
f 156/253/156 157/254/157 155/251/155 153/249/153
f 158/255/158 159/256/159 155/257/155 157/258/157
f 145/239/145 144/238/144 155/257/155 159/256/159
f 160/259/160 161/260/161 159/256/159 158/255/158
f 146/240/146 145/239/145 159/256/159 161/260/161
f 162/261/162 151/247/151 161/262/161 160/263/160
f 148/242/148 146/245/146 161/262/161 151/247/151
f 128/215/128 106/189/106 162/261/162 160/263/160
f 109/192/109 163/264/163 162/261/162 106/189/106
f 152/248/152 151/247/151 162/261/162 163/264/163
f 110/193/110 156/253/156 163/264/163 109/192/109
f 153/249/153 152/248/152 163/264/163 156/253/156
f 127/213/127 128/222/128 160/259/160 158/255/158
f 126/214/126 127/213/127 158/255/158 157/258/157
f 110/265/110 126/214/126 157/258/157 156/266/156
f 116/199/116 123/206/123 141/267/141 142/268/142
f 130/217/130 129/216/129 141/267/141 123/206/123
f 164/269/164 121/233/121 141/232/141 129/270/129
f 122/205/122 121/204/121 164/271/164 133/220/133
f 132/272/132 165/273/165 164/269/164 129/270/129
f 134/221/134 133/220/133 164/271/164 165/274/165
f 113/196/113 116/199/116 142/268/142 135/223/135
f 123/206/123 122/205/122 133/220/133 130/217/130
f 165/274/165 132/219/132 131/218/131 134/221/134
f 166/275/166 167/276/167 168/277/168 169/278/169
f 170/279/170 171/280/171 172/281/172 173/282/173
f 174/283/174 173/284/173 172/285/172 175/286/175
f 176/287/176 175/286/175 172/285/172 171/288/171
f 177/289/177 176/287/176 171/288/171 170/290/170
f 174/291/174 177/292/177 170/279/170 173/282/173
f 166/293/166 169/294/169 178/295/178 179/296/179
f 180/297/180 179/296/179 178/295/178 181/298/181
f 167/276/167 180/299/180 181/300/181 168/277/168
f 182/301/182 183/302/183 180/299/180 167/276/167
f 184/303/184 179/296/179 180/297/180 183/304/183
f 185/305/185 186/306/186 184/307/184 183/302/183
f 187/308/187 188/309/188 184/310/184 186/311/186
f 166/293/166 179/296/179 184/303/184 188/312/188
f 189/313/189 182/301/182 188/309/188 187/308/187
f 167/276/167 166/275/166 188/309/188 182/301/182
f 190/314/190 191/315/191 189/313/189 187/308/187
f 192/316/192 185/305/185 189/313/189 191/315/191
f 183/302/183 182/301/182 189/313/189 185/305/185
f 193/317/193 194/318/194 192/316/192 191/315/191
f 195/319/195 196/320/196 192/316/192 194/318/194
f 186/306/186 185/305/185 192/316/192 196/320/196
f 197/321/197 190/314/190 196/322/196 195/323/195
f 187/308/187 186/311/186 196/322/196 190/314/190
f 198/324/198 199/325/199 197/321/197 195/323/195
f 200/326/200 193/317/193 197/321/197 199/325/199
f 191/315/191 190/314/190 197/321/197 193/317/193
f 175/286/175 176/287/176 200/326/200 199/325/199
f 177/292/177 201/327/201 200/328/200 176/329/176
f 194/318/194 193/317/193 200/326/200 201/330/201
f 174/291/174 198/331/198 201/327/201 177/292/177
f 195/319/195 194/318/194 201/330/201 198/332/198
f 174/291/174 175/333/175 199/334/199 198/331/198
f 181/300/181 178/335/178 169/278/169 168/277/168
f 202/336/202 203/337/203 204/338/204 205/339/205
f 206/340/206 205/341/205 204/342/204 207/343/207
f 208/344/208 207/343/207 204/342/204 203/345/203
f 209/346/209 206/340/206 207/343/207 208/344/208
f 210/347/210 211/348/211 212/349/212 213/350/213
f 214/351/214 213/350/213 212/349/212 215/352/215
f 216/353/216 215/352/215 212/349/212 211/348/211
f 217/354/217 214/355/214 215/356/215 216/357/216
f 218/358/218 219/359/219 220/360/220 221/361/221
f 222/362/222 221/361/221 220/360/220 223/363/223
f 224/364/224 223/363/223 220/360/220 219/359/219
f 225/365/225 222/366/222 223/367/223 224/368/224
f 226/369/226 227/370/227 228/371/228 229/372/229
f 230/373/230 231/374/231 228/375/228 227/376/227
f 232/377/232 229/378/229 228/375/228 231/374/231
f 233/379/233 232/377/232 231/374/231 230/373/230
f 234/380/234 235/381/235 233/379/233 236/382/236
f 237/383/237 232/377/232 233/379/233 235/381/235
f 238/384/238 236/382/236 233/379/233 230/373/230
f 239/385/239 236/382/236 238/384/238 240/386/240
f 227/376/227 241/387/241 238/384/238 230/373/230
f 242/388/242 240/386/240 238/384/238 241/387/241
f 243/389/243 244/390/244 242/391/242 241/392/241
f 245/393/245 246/394/246 242/391/242 244/390/244
f 247/395/247 240/386/240 242/388/242 246/396/246
f 224/364/224 219/359/219 247/395/247 246/396/246
f 218/358/218 248/397/248 247/395/247 219/359/219
f 239/385/239 240/386/240 247/395/247 248/397/248
f 249/398/249 250/399/250 248/397/248 218/358/218
f 251/400/251 239/385/239 248/397/248 250/399/250
f 252/401/252 253/402/253 251/400/251 250/399/250
f 254/403/254 234/380/234 251/400/251 253/402/253
f 236/382/236 239/385/239 251/400/251 234/380/234
f 255/404/255 256/405/256 254/403/254 253/402/253
f 257/406/257 258/407/258 254/403/254 256/405/256
f 235/381/235 234/380/234 254/403/254 258/407/258
f 259/408/259 260/409/260 258/407/258 257/406/257
f 237/383/237 235/381/235 258/407/258 260/409/260
f 261/410/261 262/411/262 260/409/260 259/408/259
f 263/412/263 237/383/237 260/409/260 262/411/262
f 264/413/264 265/414/265 263/415/263 262/416/262
f 226/369/226 229/372/229 263/415/263 265/414/265
f 232/377/232 237/383/237 263/412/263 229/378/229
f 266/417/266 267/418/267 265/414/265 264/413/264
f 243/389/243 226/369/226 265/414/265 267/418/267
f 268/419/268 269/420/269 267/418/267 266/417/266
f 244/390/244 243/389/243 267/418/267 269/420/269
f 270/421/270 271/422/271 269/420/269 268/419/268
f 245/393/245 244/390/244 269/420/269 271/422/271
f 272/423/272 273/424/273 271/422/271 270/421/270
f 225/365/225 245/393/245 271/422/271 273/424/273
f 274/425/274 275/426/275 273/424/273 272/423/272
f 222/366/222 225/365/225 273/424/273 275/426/275
f 276/427/276 277/428/277 275/429/275 274/430/274
f 221/361/221 222/362/222 275/429/275 277/428/277
f 278/431/278 249/398/249 277/428/277 276/427/276
f 218/358/218 221/361/221 277/428/277 249/398/249
f 279/432/279 280/433/280 278/431/278 276/427/276
f 281/434/281 252/401/252 278/431/278 280/433/280
f 250/399/250 249/398/249 278/431/278 252/401/252
f 282/435/282 283/436/283 281/434/281 280/433/280
f 284/437/284 255/404/255 281/434/281 283/436/283
f 253/402/253 252/401/252 281/434/281 255/404/255
f 285/438/285 286/439/286 284/437/284 283/436/283
f 287/440/287 288/441/288 284/437/284 286/439/286
f 256/405/256 255/404/255 284/437/284 288/441/288
f 289/442/289 290/443/290 288/441/288 287/440/287
f 257/406/257 256/405/256 288/441/288 290/443/290
f 291/444/291 292/445/292 290/443/290 289/442/289
f 259/408/259 257/406/257 290/443/290 292/445/292
f 293/446/293 294/447/294 292/448/292 291/449/291
f 261/410/261 259/408/259 292/445/292 294/450/294
f 295/451/295 296/452/296 294/447/294 293/446/293
f 297/453/297 261/454/261 294/447/294 296/452/296
f 298/455/298 299/456/299 297/453/297 296/452/296
f 266/417/266 264/413/264 297/453/297 299/456/299
f 262/416/262 261/454/261 297/453/297 264/413/264
f 300/457/300 301/458/301 299/456/299 298/455/298
f 268/419/268 266/417/266 299/456/299 301/458/301
f 302/459/302 303/460/303 301/458/301 300/457/300
f 270/421/270 268/419/268 301/458/301 303/460/303
f 304/461/304 305/462/305 303/460/303 302/459/302
f 272/423/272 270/421/270 303/460/303 305/462/305
f 306/463/306 307/464/307 305/462/305 304/461/304
f 274/425/274 272/423/272 305/462/305 307/464/307
f 308/465/308 279/432/279 307/466/307 306/467/306
f 276/427/276 274/430/274 307/466/307 279/432/279
f 309/468/309 310/469/310 308/470/308 306/463/306
f 311/471/311 282/435/282 308/465/308 310/472/310
f 280/433/280 279/432/279 308/465/308 282/435/282
f 312/473/312 313/474/313 311/471/311 310/472/310
f 314/475/314 285/438/285 311/471/311 313/474/313
f 283/436/283 282/435/282 311/471/311 285/438/285
f 315/476/315 316/477/316 314/475/314 313/474/313
f 317/478/317 318/479/318 314/475/314 316/477/316
f 286/439/286 285/438/285 314/475/314 318/479/318
f 319/480/319 320/481/320 318/479/318 317/478/317
f 287/440/287 286/439/286 318/479/318 320/481/320
f 321/482/321 322/483/322 320/481/320 319/480/319
f 289/442/289 287/440/287 320/481/320 322/483/322
f 323/484/323 324/485/324 322/483/322 321/482/321
f 291/444/291 289/442/289 322/483/322 324/485/324
f 325/486/325 326/487/326 324/488/324 323/489/323
f 293/446/293 291/449/291 324/488/324 326/487/326
f 327/490/327 328/491/328 326/487/326 325/486/325
f 295/451/295 293/446/293 326/487/326 328/491/328
f 329/492/329 330/493/330 328/491/328 327/490/327
f 331/494/331 295/451/295 328/491/328 330/493/330
f 332/495/332 333/496/333 331/494/331 330/493/330
f 300/457/300 298/455/298 331/494/331 333/496/333
f 296/452/296 295/451/295 331/494/331 298/455/298
f 334/497/334 335/498/335 333/496/333 332/495/332
f 302/459/302 300/457/300 333/496/333 335/498/335
f 336/499/336 337/500/337 335/498/335 334/497/334
f 304/461/304 302/459/302 335/498/335 337/500/337
f 338/501/338 309/468/309 337/500/337 336/499/336
f 306/463/306 304/461/304 337/500/337 309/468/309
f 339/502/339 340/503/340 338/501/338 336/499/336
f 341/504/341 312/505/312 338/501/338 340/503/340
f 310/469/310 309/468/309 338/501/338 312/505/312
f 208/344/208 203/345/203 341/504/341 340/503/340
f 202/336/202 315/476/315 341/506/341 203/337/203
f 313/474/313 312/473/312 341/506/341 315/476/315
f 209/346/209 208/344/208 340/503/340 339/502/339
f 342/507/342 209/346/209 339/502/339 343/508/343
f 334/497/334 343/508/343 339/502/339 336/499/336
f 344/509/344 345/510/345 342/507/342 346/511/346
f 206/340/206 209/346/209 342/507/342 345/510/345
f 347/512/347 346/511/346 342/507/342 343/508/343
f 348/513/348 346/511/346 347/512/347 329/492/329
f 334/497/334 332/495/332 347/512/347 343/508/343
f 330/493/330 329/492/329 347/512/347 332/495/332
f 213/350/213 349/514/349 348/513/348 210/347/210
f 344/509/344 346/511/346 348/513/348 349/514/349
f 327/490/327 210/347/210 348/513/348 329/492/329
f 214/351/214 350/515/350 349/514/349 213/350/213
f 351/516/351 344/509/344 349/514/349 350/515/350
f 352/517/352 353/518/353 351/519/351 350/520/350
f 354/521/354 355/522/355 351/519/351 353/518/353
f 345/510/345 344/509/344 351/516/351 355/523/355
f 206/340/206 345/510/345 355/523/355 205/341/205
f 202/336/202 205/339/205 355/522/355 354/521/354
f 317/478/317 316/477/316 354/521/354 353/518/353
f 315/476/315 202/336/202 354/521/354 316/477/316
f 319/480/319 317/478/317 353/518/353 352/517/352
f 214/355/214 217/354/217 352/517/352 350/520/350
f 321/482/321 319/480/319 352/517/352 217/354/217
f 211/348/211 210/347/210 327/490/327 325/486/325
f 216/353/216 211/348/211 325/486/325 323/489/323
f 217/354/217 216/357/216 323/484/323 321/482/321
f 225/365/225 224/368/224 246/394/246 245/393/245
f 227/370/227 226/369/226 243/389/243 241/392/241
f 356/524/356 357/525/357 358/526/358 359/527/359
f 360/528/360 361/529/361 362/530/362 363/531/363
f 361/529/361 358/526/358 357/525/357 362/530/362
f 364/532/364 362/533/362 357/534/357 356/535/356
f 365/536/365 366/537/366 356/538/356 359/539/359
f 367/540/367 368/541/368 369/542/369 370/543/370
f 371/544/371 372/545/372 373/546/373 374/547/374
f 375/548/375 376/549/376 377/550/377 378/551/378
f 379/552/379 378/553/378 377/554/377 380/555/380
f 359/527/359 358/526/358 381/556/381 365/557/365
f 364/532/364 356/535/356 381/556/381 358/526/358
f 382/558/382 365/559/365 381/560/381 383/561/383
f 384/562/384 383/561/383 381/560/381 356/538/356
f 385/563/385 386/564/386 356/538/356 366/537/366
f 387/565/387 384/562/384 356/538/356 386/564/386
f 388/566/388 364/532/364 358/526/358 361/529/361
f 389/567/389 390/568/390 391/569/391 392/570/392
f 393/571/393 394/572/394 395/573/395 396/574/396
f 397/575/397 398/576/398 395/573/395 399/577/399
f 400/578/400 399/577/399 395/573/395 394/572/394
f 401/579/401 402/580/402 391/569/391 390/568/390
f 403/581/403 404/582/404 405/583/405 406/584/406
f 407/585/407 408/586/408 405/587/405 404/588/404
f 409/589/409 410/590/410 405/591/405 411/592/411
f 412/593/412 413/594/413 405/583/405 410/595/410
f 414/596/414 406/584/406 405/583/405 415/597/415
f 416/598/416 415/597/415 405/583/405 413/594/413
f 417/599/417 418/600/418 419/601/419 420/602/420
f 421/603/421 422/604/422 419/605/419 418/606/418
f 423/607/423 424/608/424 419/605/419 422/604/422
f 425/609/425 426/610/426 421/611/421 418/600/418
f 427/612/427 425/609/425 418/600/418 417/599/417
f 428/613/428 429/614/429 426/610/426 425/609/425
f 430/615/430 431/616/431 432/617/432 433/618/433
f 434/619/434 435/620/435 436/621/436 437/622/437
f 437/622/437 436/621/436 438/623/438 439/624/439
f 440/625/440 438/626/438 436/627/436 435/628/435
f 441/629/441 442/630/442 438/626/438 443/631/443
f 434/619/434 437/622/437 441/629/441 443/631/443
f 439/624/439 444/632/444 441/629/441 437/622/437
f 445/633/445 446/634/446 447/635/447 448/636/448
f 449/637/449 450/638/450 447/635/447 446/634/446
f 451/639/451 452/640/452 453/641/453 454/642/454
f 455/643/455 456/644/456 457/645/457 458/646/458
f 459/647/459 460/648/460 457/649/457 456/650/456
f 461/651/461 462/652/462 457/649/457 460/648/460
f 463/653/463 464/654/464 461/651/461 465/655/465
f 466/656/466 462/652/462 461/651/461 464/654/464
f 467/657/467 468/658/468 464/654/464 463/653/463
f 469/659/469 466/656/466 464/654/464 468/658/468
f 470/660/470 471/661/471 469/662/469 468/663/468
f 472/664/472 455/643/455 469/662/469 471/661/471
f 458/646/458 466/665/466 469/662/469 455/643/455
f 473/666/473 474/667/474 472/664/472 471/661/471
f 475/668/475 476/669/476 472/664/472 474/667/474
f 456/644/456 455/643/455 472/664/472 476/669/476
f 477/670/477 478/671/478 476/669/476 475/668/475
f 459/672/459 456/644/456 476/669/476 478/671/478
f 479/673/479 480/674/480 478/675/478 477/676/477
f 481/677/481 459/678/459 478/675/478 480/674/480
f 482/679/482 467/680/467 481/677/481 480/674/480
f 463/681/463 483/682/483 481/677/481 467/680/467
f 460/683/460 459/678/459 481/677/481 483/682/483
f 479/673/479 484/684/484 482/679/482 480/674/480
f 485/685/485 470/660/470 482/679/482 484/684/484
f 468/663/468 467/680/467 482/679/482 470/660/470
f 486/686/486 487/687/487 485/685/485 484/684/484
f 488/688/488 473/666/473 485/685/485 487/687/487
f 471/661/471 470/660/470 485/685/485 473/666/473
f 489/689/489 490/690/490 488/688/488 487/687/487
f 491/691/491 492/692/492 488/688/488 490/690/490
f 474/667/474 473/666/473 488/688/488 492/692/492
f 493/693/493 494/694/494 492/692/492 491/691/491
f 475/668/475 474/667/474 492/692/492 494/694/494
f 495/695/495 496/696/496 494/694/494 493/693/493
f 477/670/477 475/668/475 494/694/494 496/696/496
f 497/697/497 498/698/498 496/699/496 495/700/495
f 479/673/479 477/676/477 496/699/496 498/698/498
f 499/701/499 486/686/486 498/698/498 497/697/497
f 484/684/484 479/673/479 498/698/498 486/686/486
f 500/702/500 501/703/501 499/701/499 497/697/497
f 502/704/502 489/689/489 499/701/499 501/703/501
f 487/687/487 486/686/486 499/701/499 489/689/489
f 503/705/503 504/706/504 502/704/502 501/703/501
f 505/707/505 506/708/506 502/704/502 504/706/504
f 490/690/490 489/689/489 502/704/502 506/708/506
f 454/709/454 507/710/507 506/708/506 505/707/505
f 491/691/491 490/690/490 506/708/506 507/710/507
f 453/711/453 508/712/508 507/710/507 454/709/454
f 493/693/493 491/691/491 507/710/507 508/712/508
f 509/713/509 510/714/510 508/715/508 453/716/453
f 495/695/495 493/693/493 508/712/508 510/717/510
f 511/718/511 500/702/500 510/719/510 509/720/509
f 497/697/497 495/700/495 510/719/510 500/702/500
f 511/718/511 503/705/503 501/703/501 500/702/500
f 451/721/451 454/709/454 505/707/505 512/722/512
f 511/718/511 451/721/451 512/722/512 503/705/503
f 513/723/513 514/724/514 515/725/515 516/726/516
f 517/727/517 448/728/448 515/725/515 514/724/514
f 518/729/518 516/726/516 515/725/515 453/716/453
f 412/730/412 516/726/516 518/729/518 413/731/413
f 452/640/452 519/732/519 518/733/518 453/641/453
f 416/598/416 413/594/413 518/733/518 519/732/519
f 449/637/449 520/734/520 519/732/519 452/640/452
f 521/735/521 416/598/416 519/732/519 520/734/520
f 446/634/446 522/736/522 520/734/520 449/637/449
f 411/737/411 521/735/521 520/734/520 522/736/522
f 445/633/445 523/738/523 522/736/522 446/634/446
f 409/739/409 411/737/411 522/736/522 523/738/523
f 524/740/524 525/741/525 523/742/523 445/743/445
f 526/744/526 409/745/409 523/742/523 525/741/525
f 527/746/527 528/747/528 526/744/526 525/741/525
f 529/748/529 530/749/530 526/750/526 528/751/528
f 410/590/410 409/589/409 526/750/526 530/749/530
f 531/752/531 532/753/532 530/749/530 529/748/529
f 412/730/412 410/590/410 530/749/530 532/753/532
f 533/754/533 513/723/513 532/753/532 531/752/531
f 516/726/516 412/730/412 532/753/532 513/723/513
f 534/755/534 535/756/535 533/754/533 531/752/531
f 536/757/536 537/758/537 533/754/533 535/756/535
f 514/724/514 513/723/513 533/754/533 537/758/537
f 538/759/538 539/760/539 537/758/537 536/757/536
f 517/727/517 514/724/514 537/758/537 539/760/539
f 540/761/540 541/762/541 539/760/539 538/759/538
f 524/740/524 517/727/517 539/760/539 541/762/541
f 542/763/542 527/746/527 541/762/541 540/761/540
f 525/741/525 524/740/524 541/762/541 527/746/527
f 543/764/543 544/765/544 542/763/542 540/761/540
f 545/766/545 546/767/546 542/763/542 544/765/544
f 528/747/528 527/746/527 542/763/542 546/767/546
f 547/768/547 548/769/548 546/770/546 545/771/545
f 529/748/529 528/751/528 546/770/546 548/769/548
f 549/772/549 534/755/534 548/769/548 547/768/547
f 531/752/531 529/748/529 548/769/548 534/755/534
f 550/773/550 551/774/551 549/772/549 547/768/547
f 552/775/552 553/776/553 549/772/549 551/774/551
f 535/756/535 534/755/534 549/772/549 553/776/553
f 554/777/554 555/778/555 553/776/553 552/775/552
f 536/757/536 535/756/535 553/776/553 555/778/555
f 556/779/556 557/780/557 555/778/555 554/777/554
f 538/759/538 536/757/536 555/778/555 557/780/557
f 558/781/558 543/764/543 557/780/557 556/779/556
f 540/761/540 538/759/538 557/780/557 543/764/543
f 559/782/559 560/783/560 558/781/558 556/779/556
f 561/784/561 562/785/562 558/781/558 560/783/560
f 544/765/544 543/764/543 558/781/558 562/785/562
f 563/786/563 564/787/564 562/785/562 561/784/561
f 545/766/545 544/765/544 562/785/562 564/787/564
f 565/788/565 550/773/550 564/789/564 563/790/563
f 547/768/547 545/771/545 564/789/564 550/773/550
f 442/630/442 441/629/441 565/788/565 563/790/563
f 444/632/444 566/791/566 565/788/565 441/629/441
f 551/774/551 550/773/550 565/788/565 566/791/566
f 567/792/567 568/793/568 566/791/566 444/632/444
f 552/775/552 551/774/551 566/791/566 568/793/568
f 569/794/569 570/795/570 568/793/568 567/792/567
f 554/777/554 552/775/552 568/793/568 570/795/570
f 571/796/571 559/782/559 570/795/570 569/794/569
f 556/779/556 554/777/554 570/795/570 559/782/559
f 439/624/439 572/797/572 567/792/567 444/632/444
f 573/798/573 569/794/569 567/792/567 572/797/572
f 438/623/438 574/799/574 572/797/572 439/624/439
f 575/800/575 573/798/573 572/797/572 574/799/574
f 576/801/576 577/802/577 575/800/575 574/799/574
f 561/784/561 560/783/560 577/802/577 576/801/576
f 559/782/559 571/796/571 577/802/577 560/783/560
f 438/623/438 442/803/442 576/801/576 574/799/574
f 563/786/563 561/784/561 576/801/576 442/803/442
f 448/728/448 517/727/517 524/740/524 445/743/445
f 415/597/415 416/598/416 521/735/521 578/804/578
f 579/805/579 434/619/434 443/631/443 580/806/580
f 581/807/581 580/806/580 443/631/443 438/626/438
f 582/808/582 580/806/580 581/807/581 583/809/583
f 440/625/440 584/810/584 581/807/581 438/626/438
f 585/811/585 583/809/583 581/807/581 584/810/584
f 586/812/586 583/809/583 585/811/585 587/813/587
f 588/814/588 589/815/589 585/811/585 584/810/584
f 590/816/590 587/813/587 585/811/585 589/815/589
f 591/817/591 587/813/587 590/816/590 592/818/592
f 593/819/593 594/820/594 590/816/590 589/815/589
f 595/821/595 592/818/592 590/816/590 594/820/594
f 596/822/596 592/818/592 595/821/595 597/823/597
f 598/824/598 599/825/599 595/821/595 594/820/594
f 600/826/600 597/823/597 595/821/595 599/825/599
f 601/827/601 597/823/597 600/826/600 602/828/602
f 603/829/603 604/830/604 600/831/600 599/832/599
f 605/833/605 602/828/602 600/826/600 604/834/604
f 606/835/606 602/828/602 605/833/605 607/836/607
f 608/837/608 609/838/609 605/839/605 604/830/604
f 610/840/610 607/841/607 605/839/605 609/838/609
f 611/842/611 607/843/607 610/844/610 612/845/612
f 613/846/613 614/847/614 610/840/610 609/838/609
f 615/848/615 612/845/612 610/844/610 614/849/614
f 616/850/616 612/845/612 615/848/615 617/851/617
f 618/852/618 407/585/407 615/853/615 614/847/614
f 404/588/404 617/854/617 615/853/615 407/585/407
f 613/846/613 619/855/619 618/852/618 614/847/614
f 620/856/620 621/857/621 618/852/618 619/855/619
f 408/586/408 407/585/407 618/852/618 621/857/621
f 423/607/423 622/858/622 621/859/621 620/860/620
f 623/861/623 408/862/408 621/859/621 622/858/622
f 422/604/422 624/863/624 622/858/622 423/607/423
f 414/596/414 623/861/623 622/858/622 624/863/624
f 625/864/625 626/865/626 624/863/624 422/604/422
f 406/584/406 414/596/414 624/863/624 626/865/626
f 627/866/627 628/867/628 626/865/626 625/864/625
f 403/581/403 406/584/406 626/865/626 628/867/628
f 629/868/629 630/869/630 628/867/628 627/866/627
f 631/870/631 403/581/403 628/867/628 630/869/630
f 632/871/632 633/872/633 631/873/631 630/874/630
f 616/850/616 617/851/617 631/873/631 633/872/633
f 404/582/404 403/581/403 631/870/631 617/875/617
f 634/876/634 635/877/635 633/872/633 632/871/632
f 636/878/636 616/850/616 633/872/633 635/877/635
f 637/879/637 638/880/638 636/878/636 635/877/635
f 639/881/639 611/842/611 636/878/636 638/880/638
f 612/845/612 616/850/616 636/878/636 611/842/611
f 640/882/640 641/883/641 639/881/639 638/880/638
f 642/884/642 606/885/606 639/881/639 641/883/641
f 607/843/607 611/842/611 639/881/639 606/885/606
f 435/628/435 643/886/643 642/884/642 641/883/641
f 644/887/644 601/827/601 642/888/642 643/889/643
f 602/828/602 606/835/606 642/888/642 601/827/601
f 579/805/579 645/890/645 644/887/644 643/889/643
f 646/891/646 596/822/596 644/887/644 645/890/645
f 597/823/597 601/827/601 644/887/644 596/822/596
f 582/808/582 647/892/647 646/891/646 645/890/645
f 648/893/648 591/817/591 646/891/646 647/892/647
f 592/818/592 596/822/596 646/891/646 591/817/591
f 580/806/580 582/808/582 645/890/645 579/805/579
f 434/619/434 579/805/579 643/889/643 435/620/435
f 440/625/440 435/628/435 641/883/641 640/882/640
f 584/810/584 440/625/440 640/882/640 588/814/588
f 637/879/637 588/814/588 640/882/640 638/880/638
f 589/815/589 588/814/588 637/879/637 593/819/593
f 634/876/634 593/819/593 637/879/637 635/877/635
f 594/820/594 593/819/593 634/876/634 598/824/598
f 649/894/649 598/824/598 634/876/634 632/871/632
f 599/895/599 598/896/598 649/897/649 603/898/603
f 630/869/630 629/868/629 649/897/649 632/899/632
f 650/900/650 603/898/603 649/897/649 629/868/629
f 604/830/604 603/829/603 650/901/650 608/837/608
f 627/866/627 651/902/651 650/900/650 629/868/629
f 652/903/608 608/837/608 650/901/650 651/904/651
f 609/838/609 608/837/608 652/903/608 613/846/613
f 653/905/652 654/906/653 652/903/608 651/904/651
f 619/855/619 613/846/613 652/903/608 654/906/653
f 421/603/421 655/907/654 654/908/653 653/909/652
f 620/856/620 619/855/619 654/906/653 655/910/654
f 627/866/627 625/864/625 653/909/652 651/902/651
f 422/604/422 421/603/421 653/909/652 625/864/625
f 424/608/424 423/607/423 620/860/620 655/911/654
f 586/812/586 587/813/587 591/817/591 648/893/648
f 656/912/655 657/913/656 431/616/431 430/615/430
f 658/914/657 659/915/658 657/913/656 656/912/655
f 660/916/659 661/917/660 662/918/661 663/919/662
f 433/920/433 432/921/432 662/918/661 661/917/660
f 664/922/663 663/919/662 662/918/661 659/923/658
f 658/914/657 665/924/664 664/925/663 659/915/658
f 666/926/665 667/927/666 664/922/663 665/928/664
f 668/929/667 663/919/662 664/922/663 667/927/666
f 669/930/668 670/931/669 665/924/664 658/914/657
f 671/932/670 666/933/665 665/924/664 670/931/669
f 672/934/671 673/935/672 671/932/670 670/931/669
f 674/936/673 675/937/674 671/938/670 673/939/672
f 668/929/667 666/926/665 671/938/670 675/937/674
f 676/940/675 660/916/659 675/937/674 674/936/673
f 663/919/662 668/929/667 675/937/674 660/916/659
f 677/941/676 678/942/677 676/940/675 674/936/673
f 679/943/678 680/944/679 676/940/675 678/942/677
f 661/917/660 660/916/659 676/940/675 680/944/679
f 681/945/680 682/946/681 680/944/679 679/943/678
f 433/920/433 661/917/660 680/944/679 682/946/681
f 683/947/682 684/948/683 682/946/681 681/945/680
f 430/949/430 433/920/433 682/946/681 684/948/683
f 685/950/684 686/951/685 684/952/683 683/953/682
f 656/912/655 430/615/430 684/952/683 686/951/685
f 687/954/686 669/930/668 686/951/685 685/950/684
f 658/914/657 656/912/655 686/951/685 669/930/668
f 688/955/687 689/956/688 687/957/686 685/958/684
f 690/959/689 672/960/671 687/957/686 689/956/688
f 670/931/669 669/930/668 687/954/686 672/934/671
f 691/961/690 692/962/691 690/963/689 689/964/688
f 693/965/692 694/966/693 690/967/689 692/968/691
f 673/939/672 672/969/671 690/967/689 694/966/693
f 695/970/694 677/941/676 694/966/693 693/965/692
f 674/936/673 673/939/672 694/966/693 677/941/676
f 696/971/695 697/972/696 695/973/694 693/974/692
f 698/975/697 699/976/698 695/973/694 697/972/696
f 678/942/677 677/941/676 695/970/694 699/977/698
f 700/978/699 701/979/700 699/976/698 698/975/697
f 679/943/678 678/942/677 699/977/698 701/980/700
f 702/981/701 703/982/702 701/979/700 700/978/699
f 681/945/680 679/943/678 701/980/700 703/983/702
f 704/984/703 705/985/704 703/982/702 702/981/701
f 683/947/682 681/945/680 703/983/702 705/986/704
f 706/987/705 688/988/687 705/985/704 704/984/703
f 685/958/684 683/947/682 705/986/704 688/955/687
f 707/989/706 708/990/707 706/991/705 704/992/703
f 709/993/708 691/994/690 706/991/705 708/990/707
f 689/964/688 688/988/687 706/987/705 691/961/690
f 710/995/709 711/996/710 709/993/708 708/990/707
f 712/997/711 713/998/712 709/993/708 711/996/710
f 692/999/691 691/1000/690 709/1001/708 713/1002/712
f 714/1003/713 696/971/695 713/1002/712 712/1004/711
f 693/974/692 692/999/691 713/1002/712 696/971/695
f 715/1005/714 716/1006/715 714/1007/713 712/997/711
f 717/1008/716 718/1009/717 714/1007/713 716/1006/715
f 697/972/696 696/971/695 714/1003/713 718/1010/717
f 719/1011/718 720/1012/719 718/1009/717 717/1008/716
f 698/975/697 697/972/696 718/1010/717 720/1013/719
f 721/1014/720 722/1015/721 720/1012/719 719/1011/718
f 700/978/699 698/975/697 720/1013/719 722/1016/721
f 723/1017/722 724/1018/723 722/1015/721 721/1014/720
f 702/981/701 700/978/699 722/1016/721 724/1019/723
f 725/1020/724 707/989/706 724/1021/723 723/1022/722
f 704/984/703 702/981/701 724/1019/723 707/1023/706
f 429/614/429 428/613/428 725/1020/724 723/1022/722
f 726/1024/725 710/995/709 725/1020/724 428/613/428
f 708/990/707 707/989/706 725/1020/724 710/995/709
f 425/609/425 427/612/427 726/1024/725 428/613/428
f 727/1025/726 728/1026/727 726/1024/725 427/612/427
f 711/996/710 710/995/709 726/1024/725 728/1026/727
f 729/1027/728 715/1005/714 728/1026/727 727/1025/726
f 712/997/711 711/996/710 728/1026/727 715/1005/714
f 730/1028/729 731/1029/730 729/1027/728 727/1025/726
f 402/580/402 401/579/401 729/1027/728 731/1029/730
f 716/1006/715 715/1005/714 729/1027/728 401/579/401
f 426/1030/426 732/1031/731 731/1029/730 730/1028/729
f 392/570/392 402/580/402 731/1029/730 732/1031/731
f 429/1032/429 733/1033/732 732/1031/731 426/1030/426
f 389/567/389 392/570/392 732/1031/731 733/1033/732
f 723/1017/722 721/1014/720 733/1033/732 429/1032/429
f 719/1011/718 389/567/389 733/1033/732 721/1014/720
f 417/599/417 730/1028/729 727/1025/726 427/612/427
f 390/568/390 389/567/389 719/1011/718 717/1008/716
f 401/579/401 390/568/390 717/1008/716 716/1006/715
f 417/599/417 420/602/420 426/1030/426 730/1028/729
f 421/1034/421 426/1035/426 424/608/424 655/911/654
f 420/602/420 419/601/419 424/1036/424 426/1030/426
f 414/596/414 415/597/415 578/804/578 623/861/623
f 411/737/411 405/1037/405 578/804/578 521/735/521
f 408/862/408 623/861/623 578/804/578 405/1037/405
f 734/1038/733 735/1039/734 400/578/400 394/572/394
f 736/1040/735 737/1041/736 400/578/400 735/1039/734
f 382/558/382 399/577/399 400/578/400 737/1041/736
f 385/1042/385 366/1043/366 737/1041/736 736/1040/735
f 365/559/365 382/558/382 737/1041/736 366/1043/366
f 738/1044/737 739/1045/738 736/1040/735 735/1039/734
f 740/1046/739 385/1042/385 736/1040/735 739/1045/738
f 386/564/386 385/563/385 740/1047/739 741/1048/740
f 742/1049/741 743/1050/742 740/1046/739 739/1045/738
f 744/1051/743 741/1048/740 740/1047/739 743/1052/742
f 745/1053/744 741/1048/740 744/1051/743 746/1054/745
f 747/1055/746 748/1056/747 744/1051/743 743/1052/742
f 749/1057/748 746/1054/745 744/1051/743 748/1056/747
f 750/1058/749 746/1054/745 749/1057/748 751/1059/750
f 752/1060/751 753/1061/752 749/1057/748 748/1056/747
f 754/1062/753 751/1059/750 749/1057/748 753/1061/752
f 755/1063/754 751/1059/750 754/1062/753 756/1064/755
f 757/1065/756 758/1066/757 754/1062/753 753/1061/752
f 759/1067/758 756/1064/755 754/1062/753 758/1066/757
f 760/1068/759 756/1064/755 759/1067/758 761/1069/760
f 762/1070/761 763/1071/762 759/1067/758 758/1066/757
f 764/1072/763 761/1069/760 759/1067/758 763/1071/762
f 765/1073/764 761/1074/760 764/1075/763 766/1076/765
f 767/1077/766 768/1078/767 764/1072/763 763/1071/762
f 769/1079/768 766/1076/765 764/1075/763 768/1080/767
f 770/1081/769 766/1076/765 769/1079/768 771/1082/770
f 378/553/378 379/552/379 769/1079/768 768/1080/767
f 772/1083/771 771/1082/770 769/1079/768 379/552/379
f 773/1084/772 771/1082/770 772/1083/771 774/1085/773
f 380/555/380 775/1086/774 772/1083/771 379/552/379
f 776/1087/775 774/1085/773 772/1083/771 775/1086/774
f 777/1088/776 778/1089/777 779/1090/778 780/1091/779
f 781/1092/780 782/1093/781 778/1089/777 777/1088/776
f 783/1094/782 784/1095/783 778/1089/777 782/1093/781
f 785/1096/784 786/1097/785 783/1094/782 782/1093/781
f 773/1084/772 774/1085/773 783/1098/782 786/1099/785
f 757/1065/756 787/1100/786 786/1097/785 785/1096/784
f 788/1101/787 773/1084/772 786/1099/785 787/1102/786
f 752/1060/751 789/1103/788 788/1104/787 787/1100/786
f 790/1105/789 770/1081/769 788/1101/787 789/1106/788
f 771/1082/770 773/1084/772 788/1101/787 770/1081/769
f 747/1055/746 791/1107/790 790/1108/789 789/1103/788
f 792/1109/791 765/1073/764 790/1105/789 791/1110/790
f 766/1076/765 770/1081/769 790/1105/789 765/1073/764
f 742/1111/741 793/1112/792 792/1113/791 791/1107/790
f 794/1114/793 760/1115/759 792/1109/791 793/1116/792
f 761/1074/760 765/1073/764 792/1109/791 760/1115/759
f 738/1044/737 795/1117/794 794/1118/793 793/1119/792
f 796/1120/795 755/1063/754 794/1118/793 795/1117/794
f 756/1064/755 760/1068/759 794/1118/793 755/1063/754
f 734/1038/733 797/1121/796 796/1120/795 795/1117/794
f 798/1122/797 750/1058/749 796/1120/795 797/1121/796
f 751/1059/750 755/1063/754 796/1120/795 750/1058/749
f 746/1054/745 750/1058/749 798/1122/797 745/1053/744
f 393/571/393 799/1123/798 798/1122/797 797/1121/796
f 387/565/387 745/1053/744 798/1122/797 799/1123/798
f 396/574/396 800/1124/799 799/1123/798 393/571/393
f 384/562/384 387/565/387 799/1123/798 800/1124/799
f 398/576/398 397/575/397 800/1124/799 396/574/396
f 383/561/383 384/562/384 800/1124/799 397/575/397
f 394/572/394 393/571/393 797/1121/796 734/1038/733
f 735/1039/734 734/1038/733 795/1117/794 738/1044/737
f 739/1045/738 738/1044/737 793/1119/792 742/1049/741
f 743/1052/742 742/1111/741 791/1107/790 747/1055/746
f 748/1056/747 747/1055/746 789/1103/788 752/1060/751
f 753/1061/752 752/1060/751 787/1100/786 757/1065/756
f 758/1066/757 757/1065/756 785/1096/784 762/1070/761
f 781/1092/780 762/1070/761 785/1096/784 782/1093/781
f 763/1071/762 762/1070/761 781/1092/780 767/1077/766
f 375/548/375 767/1077/766 781/1092/780 777/1088/776
f 376/549/376 375/548/375 777/1088/776 780/1091/779
f 375/548/375 378/551/378 768/1078/767 767/1077/766
f 386/564/386 741/1048/740 745/1053/744 387/565/387
f 382/558/382 383/561/383 397/575/397 399/577/399
f 801/1125/800 802/1126/801 388/566/388 803/1127/802
f 362/533/362 364/532/364 388/566/388 802/1126/801
f 804/1128/803 803/1127/802 388/566/388 361/529/361
f 360/528/360 805/1129/804 804/1128/803 361/529/361
f 806/1130/805 807/1131/806 804/1128/803 805/1129/804
f 808/1132/807 803/1127/802 804/1128/803 807/1131/806
f 809/1133/808 810/1134/809 806/1130/805 805/1129/804
f 811/1135/810 812/1136/811 806/1130/805 810/1134/809
f 813/1137/812 807/1131/806 806/1130/805 812/1136/811
f 814/1138/813 815/1139/814 812/1136/811 811/1135/810
f 816/1140/815 813/1137/812 812/1136/811 815/1139/814
f 817/1141/816 818/1142/817 815/1139/814 814/1138/813
f 801/1125/800 816/1140/815 815/1139/814 818/1142/817
f 819/1143/818 820/1144/819 818/1142/817 817/1141/816
f 802/1126/801 801/1125/800 818/1142/817 820/1144/819
f 821/1145/820 363/1146/363 820/1144/819 819/1143/818
f 362/533/362 802/1126/801 820/1144/819 363/1146/363
f 822/1147/821 823/1148/822 821/1149/820 819/1150/818
f 824/1151/823 825/1152/824 821/1153/820 823/1154/822
f 360/528/360 363/531/363 821/1155/820 825/1156/824
f 826/1157/825 809/1133/808 825/1156/824 824/1158/823
f 805/1129/804 360/528/360 825/1156/824 809/1133/808
f 827/1159/826 828/1160/827 826/1161/825 824/1151/823
f 829/1162/828 830/1163/829 826/1161/825 828/1160/827
f 810/1134/809 809/1133/808 826/1157/825 830/1164/829
f 831/1165/830 832/1166/831 830/1163/829 829/1162/828
f 811/1135/810 810/1134/809 830/1164/829 832/1167/831
f 833/1168/832 834/1169/833 832/1166/831 831/1165/830
f 814/1138/813 811/1135/810 832/1167/831 834/1170/833
f 835/1171/834 836/1172/835 834/1173/833 833/1174/832
f 817/1141/816 814/1138/813 834/1170/833 836/1175/835
f 837/1176/836 822/1147/821 836/1172/835 835/1171/834
f 819/1150/818 817/1177/816 836/1172/835 822/1147/821
f 838/1178/837 839/1179/838 837/1176/836 835/1171/834
f 840/1180/839 841/1181/840 837/1176/836 839/1179/838
f 823/1148/822 822/1147/821 837/1176/836 841/1181/840
f 842/1182/841 827/1159/826 841/1183/840 840/1184/839
f 824/1151/823 823/1154/822 841/1183/840 827/1159/826
f 371/544/371 374/547/374 842/1185/841 840/1180/839
f 843/1186/842 844/1187/843 842/1182/841 374/1188/374
f 828/1160/827 827/1159/826 842/1182/841 844/1187/843
f 845/1189/844 846/1190/845 844/1187/843 843/1186/842
f 829/1162/828 828/1160/827 844/1187/843 846/1190/845
f 847/1191/846 848/1192/847 846/1190/845 845/1189/844
f 831/1165/830 829/1162/828 846/1190/845 848/1192/847
f 849/1193/848 850/1194/849 848/1195/847 847/1196/846
f 833/1168/832 831/1165/830 848/1192/847 850/1197/849
f 851/1198/850 838/1178/837 850/1194/849 849/1193/848
f 835/1171/834 833/1174/832 850/1194/849 838/1178/837
f 852/1199/851 853/1200/852 851/1198/850 849/1193/848
f 854/1201/853 855/1202/854 851/1198/850 853/1200/852
f 839/1179/838 838/1178/837 851/1198/850 855/1202/854
f 372/545/372 371/544/371 855/1202/854 854/1201/853
f 840/1180/839 839/1179/838 855/1202/854 371/544/371
f 369/1203/369 368/1204/368 853/1200/852 852/1199/851
f 856/1205/855 854/1201/853 853/1200/852 368/1204/368
f 847/1196/846 857/1206/856 852/1199/851 849/1193/848
f 370/543/370 857/1207/856 847/1191/846 845/1189/844
f 367/540/367 370/543/370 845/1189/844 843/1186/842
f 373/1208/373 367/540/367 843/1186/842 374/1188/374
f 808/1132/807 816/1140/815 801/1125/800 803/1127/802
f 774/1085/773 776/1087/775 784/1209/783 783/1098/782
f 368/541/368 367/540/367 373/1208/373 856/1210/855
f 813/1137/812 816/1140/815 808/1132/807 807/1131/806
f 857/1207/856 370/543/370 369/542/369 852/1211/851
f 512/722/512 505/707/505 504/706/504 503/705/503
f 458/1212/458 457/649/457 462/652/462 466/656/466
f 784/1095/783 776/1213/775 779/1090/778 778/1089/777
f 775/1214/774 780/1091/779 779/1090/778 776/1213/775
f 376/549/376 780/1091/779 775/1214/774 380/1215/380
f 583/809/583 586/812/586 647/892/647 582/808/582
f 662/918/661 432/921/432 657/1216/656 659/923/658
f 448/728/448 447/1217/447 450/1218/450 509/713/509
f 515/725/515 448/728/448 509/713/509 453/716/453
f 511/718/511 509/720/509 450/1219/450 451/721/451
f 452/640/452 451/639/451 450/638/450 449/637/449
f 858/1220/857 859/1221/858 860/1222/859 861/1223/860
f 862/1224/861 863/1225/862 864/1226/863 865/1227/864
f 866/1228/865 867/1229/866 864/1230/863 868/1231/867
f 869/1232/868 870/1233/869 871/1234/870 872/1235/871
f 873/1236/872 874/1237/873 871/1238/870 875/1239/874
f 876/1240/875 872/1235/871 871/1234/870 874/1241/873
f 877/1242/876 878/1243/877 879/1244/878 880/1245/879
f 881/1246/880 882/1247/881 879/1244/878 878/1243/877
f 877/1242/876 880/1245/879 883/1248/882 884/1249/883
f 883/1248/882 880/1245/879 879/1244/878 882/1247/881
f 885/1250/884 886/1251/885 887/1252/886 888/1253/887
f 889/1254/888 890/1255/889 891/1256/890 892/1257/891
f 893/1258/892 892/1257/891 891/1256/890 894/1259/893
f 895/1260/894 894/1259/893 891/1256/890 890/1255/889
f 896/1261/895 897/1262/896 858/1220/857 861/1223/860
f 898/1263/897 859/1221/858 858/1220/857 899/1264/898
f 900/1265/899 901/1266/900 902/1267/901 903/1268/902
f 904/1269/903 903/1268/902 902/1267/901 905/1270/904
f 906/1271/905 905/1272/904 902/1273/901 907/1274/906
f 904/1269/903 905/1270/904 908/1275/907 897/1276/896
f 858/1220/857 897/1262/896 908/1277/907 909/1278/908
f 906/1271/905 909/1278/908 908/1277/907 905/1272/904
f 910/1279/909 911/1280/910 912/1281/911 913/1282/912
f 914/1283/913 913/1282/912 912/1281/911 915/1284/914
f 916/1285/915 915/1284/914 912/1281/911 911/1280/910
f 917/1286/916 911/1280/910 910/1279/909 918/1287/917
f 919/1288/918 920/1289/919 917/1290/916 918/1291/917
f 916/1285/915 911/1280/910 917/1286/916 920/1292/919
f 921/1293/920 922/1294/921 914/1283/913 915/1284/914
f 910/1295/909 913/1296/912 923/1297/922 918/1291/917
f 924/1298/923 918/1291/917 923/1297/922 925/1299/924
f 926/1300/925 919/1288/918 918/1291/917 924/1298/923
f 927/1301/926 928/1302/927 929/1303/928 930/1304/929
f 930/1304/929 929/1303/928 931/1305/930 932/1306/931
f 933/1307/932 931/1305/930 929/1303/928 928/1302/927
f 934/1308/933 935/1309/934 936/1310/935 928/1302/927
f 937/1311/936 938/1312/937 939/1313/938 940/1314/939
f 941/1315/940 940/1316/939 939/1317/938 942/1318/941
f 943/1319/942 944/1320/943 937/1311/936 945/1321/944
f 946/1322/945 945/1323/944 937/1324/936 940/1316/939
f 947/1325/946 948/1326/947 949/1327/948 931/1328/930
f 950/1329/949 951/1330/950 949/1327/948 948/1326/947
f 952/1331/951 953/1332/952 931/1328/930 933/1333/932
f 954/1334/953 947/1325/946 931/1328/930 953/1332/952
f 955/1335/954 938/1312/937 937/1311/936 944/1320/943
f 956/1336/955 952/1337/951 933/1307/932 949/1338/948
f 957/1339/956 958/1340/957 959/1341/958 960/1342/959
f 960/1342/959 959/1341/958 950/1329/949 946/1322/945
f 951/1330/950 950/1329/949 959/1341/958 958/1340/957
f 942/1318/941 961/1343/960 962/1344/961 941/1315/940
f 963/1345/962 957/1339/956 962/1344/961 961/1343/960
f 960/1342/959 941/1315/940 962/1344/961 957/1339/956
f 964/1346/963 951/1330/950 958/1340/957 965/1347/964
f 966/1348/965 967/1349/966 955/1335/954 944/1320/943
f 968/1350/967 969/1351/968 955/1335/954 967/1349/966
f 970/1352/969 971/1353/970 955/1335/954 969/1351/968
f 972/1354/971 973/1355/972 974/1356/973 975/1357/974
f 976/1358/975 977/1359/976 974/1356/973 978/1360/977
f 979/1361/978 980/1362/979 974/1363/973 973/1364/972
f 981/1365/980 978/1366/977 974/1363/973 980/1362/979
f 982/1367/981 983/1368/982 984/1369/983 985/1370/984
f 986/1371/985 987/1372/986 984/1373/983 983/1374/982
f 988/1375/987 989/1376/988 986/1377/985 990/1378/989
f 991/1379/990 992/1380/991 993/1381/992 994/1382/993
f 995/1383/994 996/1384/995 991/1379/990 994/1382/993
f 997/1385/996 998/1386/997 999/1387/998 1000/1388/999
f 1000/1388/999 999/1387/998 991/1379/990 996/1384/995
f 998/1386/997 992/1380/991 991/1379/990 999/1387/998
f 1001/1389/1000 997/1385/996 1000/1388/999 1002/1390/1001
f 1003/1391/1002 1002/1390/1001 1000/1388/999 1004/1392/1003
f 1005/1393/1004 1004/1392/1003 1000/1388/999 996/1384/995
f 1004/1392/1003 1005/1393/1004 1006/1394/1005 1003/1391/1002
f 1007/1395/1006 1008/1396/1007 1006/1394/1005 1005/1393/1004
f 1009/1397/1008 1003/1391/1002 1006/1394/1005 1008/1396/1007
f 1010/1398/1009 1011/1399/1010 1012/1400/1011 1013/1401/1012
f 1009/1397/1008 1014/1402/1013 1012/1400/1011 1011/1399/1010
f 1015/1403/1014 1013/1404/1012 1012/1405/1011 1016/1406/1015
f 1017/1407/1016 1016/1408/1015 1012/1409/1011 1018/1410/1017
f 995/1383/994 1007/1395/1006 1005/1393/1004 996/1384/995
f 1019/1411/1018 1020/1412/1019 1021/1413/1020 1022/1414/1021
f 1023/1415/1022 1022/1414/1021 1021/1413/1020 1024/1416/1023
f 1025/1417/1024 1026/1418/1025 1021/1413/1020 1020/1412/1019
f 1027/1419/1026 1028/1420/1027 1029/1421/1028 1030/1422/1029
f 1020/1412/1019 1019/1411/1018 1029/1421/1028 1028/1420/1027
f 1031/1423/1030 1030/1422/1029 1029/1421/1028 1019/1411/1018
f 1032/1424/1031 1033/1425/1032 1034/1426/1033 1035/1427/1034
f 1036/1428/1035 1037/1429/1036 1034/1426/1033 1033/1425/1032
f 1026/1430/1025 1025/1431/1024 1035/1427/1034 1038/1432/1037
f 1031/1423/1030 1039/1433/1038 1040/1434/1039 1030/1422/1029
f 1041/1435/1040 1042/1436/1041 1040/1437/1039 1039/1438/1038
f 1027/1439/1026 1030/1440/1029 1040/1437/1039 1042/1436/1041
f 1043/1441/1042 1041/1442/1040 1039/1433/1038 1031/1423/1030
f 1033/1425/1032 1042/1436/1041 1041/1435/1040 1036/1428/1035
f 1044/1443/1043 1045/1444/1044 1041/1435/1040 1043/1445/1042
f 1046/1446/1045 1036/1428/1035 1041/1435/1040 1045/1444/1044
f 1047/1447/1046 1048/1448/1047 1022/1414/1021 1023/1415/1022
f 1049/1449/1048 1050/1450/1049 1051/1451/1050 1048/1448/1047
f 1048/1448/1047 1051/1451/1050 1043/1441/1042 1022/1414/1021
f 1044/1452/1043 1043/1441/1042 1051/1451/1050 1050/1450/1049
f 1031/1423/1030 1019/1411/1018 1022/1414/1021 1043/1441/1042
f 1052/1453/1051 1053/1454/1052 1054/1455/1053 1055/1456/1054
f 1056/1457/1055 1054/1455/1053 1053/1454/1052 1057/1458/1056
f 1058/1459/1057 1059/1460/1058 1052/1461/1051 1055/1462/1054
f 1060/1463/1059 1053/1454/1052 1052/1453/1051 1061/1464/1060
f 1058/1459/1057 1055/1462/1054 1062/1465/1061 1063/1466/1062
f 1064/1467/1063 1065/1468/1064 1054/1455/1053 1056/1457/1055
f 1066/1469/1065 1063/1466/1062 1062/1465/1061 1065/1470/1064
f 1067/1471/1066 1060/1463/1059 1061/1464/1060 1068/1472/1067
f 1069/1473/1068 1070/1474/1069 1052/1461/1051 1059/1460/1058
f 1071/1475/1070 1072/1476/1071 1068/1472/1067 1070/1477/1069
f 1065/1468/1064 1073/1478/1072 1074/1479/1073 1066/1480/1065
f 1075/1481/1074 1076/1482/1075 1074/1479/1073 1073/1478/1072
f 1076/1483/1075 1077/1484/1076 1066/1469/1065 1074/1485/1073
f 1078/1486/1077 1079/1487/1078 1064/1467/1063 1056/1457/1055
f 1073/1478/1072 1065/1468/1064 1064/1467/1063 1079/1487/1078
f 1080/1488/1079 1071/1475/1070 1070/1477/1069 1081/1489/1080
f 1082/1490/1081 1081/1491/1080 1070/1474/1069 1069/1473/1068
f 1067/1471/1066 1057/1458/1056 1053/1454/1052 1060/1463/1059
f 1068/1472/1067 1072/1476/1071 1083/1492/1082 1067/1471/1066
f 1084/1493/1083 1085/1494/1084 1083/1492/1082 1072/1476/1071
f 1057/1458/1056 1067/1471/1066 1083/1492/1082 1085/1494/1084
f 1086/1495/1085 1076/1482/1075 1075/1481/1074 1087/1496/1086
f 1088/1497/1087 1087/1496/1086 1075/1481/1074 1089/1498/1088
f 1079/1487/1078 1089/1498/1088 1075/1481/1074 1073/1478/1072
f 1078/1486/1077 1090/1499/1089 1089/1498/1088 1079/1487/1078
f 1081/1489/1080 1086/1500/1085 1087/1501/1086 1080/1488/1079
f 1091/1502/1090 1080/1488/1079 1087/1501/1086 1092/1503/1091
f 1093/1504/1092 1092/1505/1091 1087/1496/1086 1088/1497/1087
f 1094/1506/1093 1088/1497/1087 1089/1498/1088 1090/1499/1089
f 1084/1493/1083 1072/1476/1071 1071/1475/1070 1095/1507/1094
f 1096/1508/1095 1095/1507/1094 1071/1475/1070 1097/1509/1096
f 1098/1510/1097 1099/1511/1098 1096/1512/1095 1097/1513/1096
f 1100/1514/1099 1101/1515/1100 1096/1512/1095 1099/1511/1098
f 1102/1516/1101 1103/1517/1102 1096/1508/1095 1101/1518/1100
f 1104/1519/1103 1092/1503/1091 1093/1520/1092 1105/1521/1104
f 1106/1522/1105 1105/1523/1104 1093/1524/1092 1107/1525/1106
f 1108/1526/1107 1107/1525/1106 1093/1524/1092 1109/1527/1108
f 1110/1528/1109 1109/1529/1108 1093/1504/1092 1111/1530/1110
f 1094/1506/1093 1111/1530/1110 1093/1504/1092 1088/1497/1087
f 1112/1531/1111 1113/1532/1112 1114/1533/1113 1115/1534/1114
f 1094/1506/1093 1095/1507/1094 1114/1535/1113 1111/1530/1110
f 1110/1536/1109 1111/1537/1110 1114/1533/1113 1113/1532/1112
f 1116/1538/1115 1115/1539/1114 1114/1535/1113 1103/1517/1102
f 1117/1540/1116 1118/1541/1117 1119/1542/1118 1120/1543/1119
f 1121/1544/1120 1120/1543/1119 1119/1542/1118 1122/1545/1121
f 1123/1546/1122 1124/1547/1123 1119/1548/1118 1125/1549/1124
f 1126/1550/1125 1125/1549/1124 1119/1548/1118 1127/1551/1126
f 1128/1552/1127 1127/1553/1126 1119/1542/1118 1118/1541/1117
f 1122/1554/1121 1119/1555/1118 1124/1556/1123 1129/1557/1128
f 1130/1558/1129 1129/1557/1128 1124/1556/1123 1131/1559/1130
f 1132/1560/1131 1131/1561/1130 1124/1547/1123 1133/1562/1132
f 1134/1563/1133 1133/1562/1132 1124/1547/1123 1135/1564/1134
f 1136/1565/1135 1135/1564/1134 1124/1547/1123 1123/1546/1122
f 1137/1566/1136 1138/1567/1137 1139/1568/1138 1140/1569/1139
f 1141/1570/1140 1142/1571/1141 1139/1568/1138 1138/1567/1137
f 1143/1572/1142 1144/1573/1143 1138/1567/1137 1137/1566/1136
f 1145/1574/1144 1141/1570/1140 1138/1567/1137 1144/1573/1143
f 1146/1575/1145 1147/1576/1146 1148/1577/1147 1149/1578/1148
f 1150/1579/1149 1151/1580/1150 1152/1581/1151 1153/1582/1152
f 1154/1583/1153 1155/1584/1154 1156/1585/1155 1157/1586/1156
f 1158/1587/1157 1159/1588/1158 1156/1585/1155 1155/1584/1154
f 1160/1589/1159 1161/1590/1160 1162/1591/1161 1163/1592/1162
f 1164/1593/1163 1165/1594/1164 1162/1595/1161 1166/1596/1165
f 1167/1597/1166 1168/1598/1167 1165/1594/1164 1164/1593/1163
f 1169/1599/1168 1170/1600/1169 1171/1601/1170 1172/1602/1171
f 1173/1603/1172 1174/1604/1173 1171/1605/1170 1175/1606/1174
f 1176/1607/1175 1177/1608/1176 1178/1609/1177 1179/1610/1178
f 1180/1611/1179 1181/1612/1180 1182/1613/1181 1183/1614/1182
f 1184/1615/1183 1183/1614/1182 1182/1613/1181 1185/1616/1184
f 1186/1617/1185 1185/1616/1184 1182/1613/1181 1181/1612/1180
f 1187/1618/1186 1186/1617/1185 1181/1612/1180 1180/1611/1179
f 1188/1619/1187 1189/1620/1188 1186/1617/1185 1187/1618/1186
f 1190/1621/1189 1191/1622/1190 1186/1617/1185 1189/1620/1188
f 1192/1623/1191 1185/1616/1184 1186/1617/1185 1191/1622/1190
f 1193/1624/1192 1194/1625/1193 1185/1616/1184 1195/1626/1194
f 1196/1627/1195 1197/1628/1196 1198/1629/1197 1199/1630/1198
f 1200/1631/1199 1199/1630/1198 1198/1629/1197 1201/1632/1200
f 1202/1633/1201 1201/1632/1200 1198/1629/1197 1197/1628/1196
f 1200/1634/1199 1203/1635/1202 1204/1636/1203 1199/1637/1198
f 1196/1627/1195 1199/1630/1198 1204/1638/1203 1205/1639/1204
f 1206/1640/1205 1202/1633/1201 1197/1628/1196 1196/1627/1195
f 1207/1641/1206 1206/1640/1205 1196/1627/1195 1205/1639/1204
f 1201/1642/1200 1208/1643/1207 1209/1644/1208 1200/1634/1199
f 1210/1645/1209 1211/1646/1210 1209/1644/1208 1212/1647/1211
f 1213/1648/1212 1214/1649/1213 1209/1644/1208 1211/1646/1210
f 1203/1635/1202 1200/1634/1199 1209/1644/1208 1214/1649/1213
f 1203/1635/1202 1207/1650/1206 1205/1651/1204 1204/1636/1203
f 1215/1652/1214 1216/1653/1215 1217/1654/1216 1218/1655/1217
f 1219/1656/1218 1218/1655/1217 1217/1654/1216 1220/1657/1219
f 1221/1658/1220 1215/1652/1214 1218/1655/1217 1222/1659/1221
f 1223/1660/1222 1222/1659/1221 1218/1655/1217 1219/1656/1218
f 1221/1658/1220 1222/1659/1221 1224/1661/1223 1225/1662/1224
f 1226/1663/1225 1225/1662/1224 1224/1661/1223 1227/1664/1226
f 1223/1660/1222 1228/1665/1227 1224/1661/1223 1222/1659/1221
f 1229/1666/1228 1230/1667/1229 1231/1668/1230 1232/1669/1231
f 1233/1670/1232 1234/1671/1233 1230/1667/1229 1235/1672/1234
f 1236/1673/1235 1235/1672/1234 1230/1667/1229 1237/1674/1236
f 1238/1675/1237 1232/1669/1231 1234/1671/1233 1239/1676/1238
f 1236/1673/1235 1237/1674/1236 1240/1677/1239 1233/1678/1232
f 1241/1679/1240 1239/1676/1238 1240/1680/1239 1229/1681/1228
f 1242/1682/1241 1212/1683/1211 1209/1684/1208 1243/1685/1242
f 1244/1686/1243 1243/1687/1242 1209/1688/1208 1208/1689/1207
f 1243/1690/1242 1245/1691/1244 1213/1648/1212 1211/1646/1210
f 1246/1692/1245 1214/1649/1213 1213/1648/1212 1247/1693/1246
f 1248/1694/1247 1245/1695/1244 1243/1696/1242 1244/1697/1243
f 1249/1698/1248 1250/1699/1249 1195/1626/1194 1251/1700/1250
f 1252/1701/1251 1193/1624/1192 1195/1626/1194 1250/1699/1249
f 1169/1702/1168 1172/1703/1171 1174/1604/1173 1173/1603/1172
f 1253/1704/1252 1176/1705/1175 1254/1706/1253 1255/1707/1254
f 1176/1705/1175 1179/1708/1178 1256/1709/1255 1254/1706/1253
f 1257/1710/1256 1258/1711/1257 862/1712/861 1259/1713/1258
f 1260/1714/1259 1261/1715/1260 862/1224/861 1258/1716/1257
f 868/1717/867 863/1225/862 862/1224/861 1261/1715/1260
f 1262/1718/1261 1263/1719/1262 1160/1589/1159 1264/1720/1263
f 1265/1721/1264 1264/1720/1263 1160/1589/1159 1163/1592/1162
f 1266/1722/1265 1267/1723/1266 1260/1724/1259 1258/1711/1257
f 1268/1725/1267 1262/1718/1261 1260/1714/1259 1267/1726/1266
f 1269/1727/1268 1164/1593/1163 1166/1596/1165 1270/1728/1269
f 1271/1729/1270 1272/1730/1271 1273/1731/1272 1274/1732/1273
f 1166/1733/1165 1161/1590/1160 1273/1731/1272 1275/1734/1274
f 1265/1721/1264 868/1717/867 1261/1715/1260 1264/1720/1263
f 1276/1735/1275 1277/1736/1276 1278/1737/1277 1279/1738/1278
f 1280/1739/1279 1279/1738/1278 1278/1737/1277 1168/1598/1167
f 866/1740/865 868/1741/867 1277/1736/1276 1276/1735/1275
f 1281/1742/1280 1282/1743/1281 1156/1585/1155 1159/1588/1158
f 1157/1586/1156 1156/1585/1155 1282/1743/1281 1283/1744/1282
f 1284/1745/1283 1285/1746/1284 1282/1743/1281 1281/1742/1280
f 1286/1747/1285 1229/1666/1228 1232/1669/1231 1238/1675/1237
f 1287/1748/1286 1288/1749/1287 1271/1729/1270 1274/1732/1273
f 1289/1750/1288 1290/1751/1289 1271/1729/1270 1288/1749/1287
f 1291/1752/1290 1292/1753/1291 1293/1754/1292 1294/1755/1293
f 1294/1756/1293 1293/1757/1292 1295/1758/1294 1296/1759/1295
f 1297/1760/1296 1298/1761/1297 1299/1762/1298 1300/1763/1299
f 1301/1764/1300 1302/1765/1301 1299/1762/1298 1298/1761/1297
f 1303/1766/1302 1269/1727/1268 1270/1728/1269 1304/1767/1303
f 1305/1768/1304 1304/1767/1303 1270/1728/1269 1306/1769/1305
f 1239/1676/1238 1241/1679/1240 1285/1770/1284 1284/1771/1283
f 1305/1772/1304 1306/1773/1305 1285/1770/1284 1241/1679/1240
f 1238/1774/1237 1307/1775/1306 1285/1746/1284 1286/1776/1285
f 1290/1751/1289 1286/1777/1285 1285/1778/1284 1306/1779/1305
f 1229/1681/1228 1308/1780/1307 1305/1772/1304 1241/1679/1240
f 1290/1751/1289 1308/1781/1307 1229/1782/1228 1286/1777/1285
f 1288/1749/1287 1287/1748/1286 1309/1783/1308 1310/1784/1309
f 1311/1785/1310 1312/1786/1311 1309/1783/1308 1287/1748/1286
f 1274/1732/1273 1313/1787/1312 1311/1785/1310 1287/1748/1286
f 1314/1788/1313 1315/1789/1314 1311/1785/1310 1313/1787/1312
f 1316/1790/1315 1317/1791/1316 1311/1785/1310 1315/1789/1314
f 1318/1792/1317 1312/1786/1311 1311/1785/1310 1317/1791/1316
f 1289/1750/1288 1319/1793/1318 1308/1781/1307 1290/1751/1289
f 1320/1794/1319 1305/1795/1304 1308/1796/1307 1321/1797/1320
f 1322/1798/1321 1321/1797/1320 1308/1796/1307 1323/1799/1322
f 1324/1800/1323 1323/1799/1322 1308/1796/1307 1319/1801/1318
f 1325/1802/1324 1318/1803/1317 1317/1804/1316 1326/1805/1325
f 1289/1750/1288 1326/1805/1325 1317/1804/1316 1319/1793/1318
f 1327/1806/1326 1328/1807/1327 1317/1808/1316 1316/1809/1315
f 1324/1800/1323 1319/1801/1318 1317/1810/1316 1328/1811/1327
f 1329/1812/1328 1330/1813/1329 1331/1814/1330 1332/1815/1331
f 1333/1816/1332 1332/1815/1331 1331/1814/1330 1334/1817/1333
f 1335/1818/1334 1334/1817/1333 1331/1814/1330 1330/1813/1329
f 1336/1819/1335 1333/1816/1332 1334/1817/1333 1335/1818/1334
f 1337/1820/1336 1338/1821/1337 1339/1822/1338 1340/1823/1339
f 1341/1824/1340 1340/1823/1339 1339/1822/1338 1342/1825/1341
f 1343/1826/1342 1342/1825/1341 1339/1822/1338 1338/1821/1337
f 1341/1827/1340 1342/1828/1341 1336/1829/1335 1335/1830/1334
f 1344/1831/1343 1345/1832/1344 1336/1829/1335 1342/1828/1341
f 1346/1833/1345 1333/1816/1332 1336/1819/1335 1347/1834/1346
f 1348/1835/1347 1347/1834/1346 1336/1819/1335 1343/1836/1342
f 1349/1837/1348 1343/1838/1342 1336/1829/1335 1345/1832/1344
f 1330/1813/1329 1340/1823/1339 1341/1824/1340 1335/1818/1334
f 1350/1839/1349 1348/1840/1347 1343/1826/1342 1338/1821/1337
f 1344/1841/1343 1342/1842/1341 1343/1838/1342 1349/1837/1348
f 1351/1843/1350 1352/1844/1351 1353/1845/1352 1354/1846/1353
f 1355/1847/1354 1354/1848/1353 1353/1849/1352 1356/1850/1355
f 1357/1851/1356 1142/1571/1141 1141/1570/1140 1358/1852/1357
f 1359/1853/1358 1358/1852/1357 1141/1570/1140 1145/1574/1144
f 1360/1854/1359 1361/1855/1360 1362/1856/1361 1363/1857/1362
f 1364/1858/1363 1148/1577/1147 1362/1856/1361 1365/1859/1364
f 1366/1860/1365 1149/1578/1148 1148/1577/1147 1364/1858/1363
f 1367/1861/1366 1368/1862/1367 1369/1863/1368 1370/1864/1369
f 1371/1865/1370 1372/1866/1371 1373/1867/1372 1374/1868/1373
f 1375/1869/1374 1376/1870/1375 1377/1871/1376 1371/1865/1370
f 1372/1866/1371 1371/1865/1370 1377/1871/1376 1378/1872/1377
f 1379/1873/1378 1380/1874/1379 1381/1875/1380 1382/1876/1381
f 1383/1877/1382 1376/1870/1375 1381/1878/1380 1380/1879/1379
f 1384/1880/1383 1382/1876/1381 1381/1875/1380 1385/1881/1384
f 1375/1869/1374 1385/1882/1384 1381/1878/1380 1376/1870/1375
f 1386/1883/1385 1387/1884/1386 1388/1885/1387 1389/1886/1388
f 1372/1866/1371 1378/1872/1377 1388/1885/1387 1387/1884/1386
f 1383/1877/1382 1390/1887/1389 1388/1885/1387 1378/1872/1377
f 1391/1888/1390 1392/1889/1391 1388/1890/1387 1390/1891/1389
f 1393/1892/1392 1382/1876/1381 1384/1880/1383 1394/1893/1393
f 1395/1894/1394 1394/1893/1393 1384/1880/1383 1396/1895/1395
f 1397/1896/1396 1398/1897/1397 1399/1898/1398 1400/1899/1399
f 1401/1900/1400 1400/1899/1399 1399/1898/1398 1402/1901/1401
f 1403/1902/1402 1404/1903/1403 1405/1904/1404 1406/1905/1405
f 1407/1906/1406 1406/1905/1405 1405/1904/1404 1408/1907/1407
f 1409/1908/1408 1408/1909/1407 1405/1910/1404 1410/1911/1409
f 1411/1912/1410 1412/1913/1411 1410/1911/1409 1405/1910/1404
f 1413/1914/1412 1414/1915/1413 1412/1913/1411 1415/1916/1414
f 1416/1917/1415 1410/1911/1409 1412/1913/1411 1414/1915/1413
f 1417/1918/1416 1409/1908/1408 1410/1911/1409 1416/1917/1415
f 1411/1919/1410 1405/1920/1404 1418/1921/1417 1419/1922/1418
f 1404/1923/1403 1420/1924/1419 1418/1925/1417 1405/1926/1404
f 1415/1927/1414 1419/1922/1418 1418/1921/1417 1413/1928/1412
f 1421/1929/1420 1413/1914/1412 1418/1925/1417 1422/1930/1421
f 1423/1931/1422 1422/1930/1421 1418/1925/1417 1420/1924/1419
f 1015/1932/1014 1016/1933/1015 1424/1934/1423 1425/1935/1424
f 998/1386/997 1425/1935/1424 1424/1934/1423 992/1380/991
f 993/1381/992 992/1380/991 1424/1934/1423 1403/1902/1402
f 1017/1936/1016 1426/1937/1425 1424/1934/1423 1016/1933/1015
f 1427/1938/1426 1428/1939/1427 1408/1940/1407 1409/1941/1408
f 1429/1942/1428 1407/1906/1406 1408/1907/1407 1430/1943/1429
f 1431/1944/1430 1430/1945/1429 1408/1940/1407 1428/1939/1427
f 1424/1934/1423 1426/1937/1425 1404/1903/1403 1403/1902/1402
f 1432/1946/1431 1433/1947/1432 1404/1948/1403 1426/1949/1425
f 1434/1950/1433 1420/1951/1419 1404/1948/1403 1433/1947/1432
f 1435/1952/1434 1017/1407/1016 1018/1410/1017 1436/1953/1435
f 982/1367/981 985/1370/984 1437/1954/1436 1438/1955/1437
f 1439/1956/1438 1438/1957/1437 1437/1958/1436 1440/1959/1439
f 1441/1960/1440 1442/1961/1441 1443/1962/1442 1444/1963/1443
f 1445/1964/1444 1446/1965/1445 1447/1966/1446 1448/1967/1447
f 1449/1968/1448 1450/1969/1449 1446/1970/1445 1445/1971/1444
f 990/1378/989 986/1377/985 1451/1972/1450 1452/1973/1451
f 1453/1974/1452 1452/1973/1451 1451/1972/1450 1454/1975/1453
f 983/1368/982 1455/1976/1454 1451/1977/1450 986/1978/985
f 1445/1971/1444 1448/1979/1447 1456/1980/1455 1457/1981/1456
f 1458/1982/1457 1459/1983/1458 1441/1984/1440 1444/1985/1443
f 1460/1986/1459 1442/1987/1441 1441/1988/1440 1461/1989/1460
f 1462/1990/1461 1463/1991/1462 1450/1992/1449 1449/1993/1448
f 1464/1994/1463 1465/1995/1464 1466/1996/1465 1467/1997/1466
f 1467/1997/1466 1466/1996/1465 1438/1957/1437 1439/1956/1438
f 1468/1998/1467 1438/1957/1437 1466/1996/1465 1465/1995/1464
f 1469/1999/1468 1470/2000/1469 1471/2001/1470 1472/2002/1471
f 1473/2003/1472 1474/2004/1473 1471/2001/1470 1475/2005/1474
f 1476/2006/1475 1475/2005/1474 1471/2001/1470 1470/2000/1469
f 1477/2007/1476 1478/2008/1477 1479/2009/1478 1480/2010/1479
f 1481/2011/1480 1480/2010/1479 1479/2009/1478 1482/2012/1481
f 1483/2013/1482 1482/2012/1481 1479/2009/1478 1478/2008/1477
f 1484/2014/1483 1485/2015/1484 1486/2016/1485 1487/2017/1486
f 1477/2018/1476 1487/2019/1486 1486/2020/1485 1488/2021/1487
f 1489/2022/1488 1488/2021/1487 1486/2020/1485 1490/2023/1489
f 1491/2024/1490 1490/2023/1489 1486/2020/1485 1492/2025/1491
f 1487/2017/1486 1493/2026/1492 1494/2027/1493 1484/2014/1483
f 1495/2028/1494 1496/2029/1495 1494/2027/1493 1493/2026/1492
f 1497/2030/1496 1484/2014/1483 1494/2027/1493 1496/2029/1495
f 1482/2012/1481 1483/2013/1482 1498/2031/1497 1499/2032/1498
f 1500/2033/1499 1501/2034/1500 1498/2031/1497 1483/2013/1482
f 1502/2035/1501 1499/2032/1498 1498/2031/1497 1501/2034/1500
f 1492/2036/1491 1486/2016/1485 1485/2015/1484 1503/2037/1502
f 1497/2030/1496 1503/2037/1502 1485/2015/1484 1484/2014/1483
f 1475/2005/1474 1476/2006/1475 1504/2038/1503 1505/2039/1504
f 1506/2040/1505 1491/2024/1490 1504/2041/1503 1476/2042/1475
f 1492/2036/1491 1507/2043/1506 1504/2044/1503 1491/2045/1490
f 1508/2046/1507 1509/2047/1508 1510/2048/1509 1511/2049/1510
f 1509/2047/1508 1505/2050/1504 1504/2051/1503 1510/2048/1509
f 1481/2011/1480 1512/2052/1511 1513/2053/1512 1495/2028/1494
f 1514/2054/1513 1509/2047/1508 1513/2053/1512 1512/2052/1511
f 1496/2029/1495 1495/2028/1494 1513/2053/1512 1515/2055/1514
f 1508/2046/1507 1516/2056/1515 1513/2053/1512 1509/2047/1508
f 1517/2057/1516 1515/2055/1514 1513/2053/1512 1516/2056/1515
f 1518/2058/1517 1511/2059/1510 1510/2060/1509 1504/2044/1503
f 1508/2046/1507 1519/2061/1518 1520/2062/1519 1516/2056/1515
f 1521/2063/1520 1522/2064/1521 1520/2065/1519 1519/2066/1518
f 1517/2057/1516 1516/2056/1515 1520/2062/1519 1522/2067/1521
f 1508/2046/1507 1511/2049/1510 1523/2068/1522 1519/2061/1518
f 1524/2069/1523 1525/2070/1524 1526/2071/1525 1527/2072/1526
f 1518/2058/1517 1528/2073/1527 1526/2071/1525 1525/2070/1524
f 1529/2074/1528 1530/2075/1529 1526/2071/1525 1528/2073/1527
f 1504/2044/1503 1507/2043/1506 1528/2073/1527 1518/2058/1517
f 1531/2076/1530 1532/2077/1531 1528/2073/1527 1507/2043/1506
f 1533/2078/1532 1529/2074/1528 1528/2073/1527 1532/2077/1531
f 1534/2079/1533 1521/2063/1520 1519/2066/1518 1535/2080/1534
f 1536/2081/1535 1517/2057/1516 1522/2067/1521 1537/2082/1536
f 1538/2083/1537 1539/2084/1538 1522/2064/1521 1521/2063/1520
f 1540/2085/1539 1541/2086/1540 1530/2075/1529 1529/2074/1528
f 1542/2087/1541 1543/2088/1542 1544/2089/1543 1545/2090/1544
f 1546/2091/1545 1545/2090/1544 1544/2089/1543 1547/2092/1546
f 1548/2093/1547 1547/2092/1546 1544/2089/1543 1543/2088/1542
f 1549/2094/1548 1542/2087/1541 1545/2090/1544 1546/2091/1545
f 1550/2095/1549 1551/2096/1550 975/2097/974 1552/2098/1551
f 1553/2099/1552 1554/2100/1553 975/2097/974 1551/2096/1550
f 1555/2101/1554 972/2102/971 975/2097/974 1554/2100/1553
f 1556/2103/1555 1557/2104/1556 1558/2105/1557 1559/2106/1558
f 1557/2104/1556 1560/2107/1559 1561/2108/1560 1558/2105/1557
f 1562/2109/1561 1559/2106/1558 1558/2105/1557 1563/2110/1562
f 1564/2111/1563 1565/2112/1564 1566/2113/1565 1567/2114/1566
f 1568/2115/1567 1569/2116/1568 1570/2117/1569 1571/2118/1570
f 1572/2119/1571 1573/2120/1572 1570/2117/1569 1569/2116/1568
f 1574/2121/1573 1575/2122/1574 1570/2117/1569 1573/2120/1572
f 1576/2123/1575 1577/2124/1576 1570/2117/1569 1575/2122/1574
f 1578/2125/1577 1579/2126/1578 1580/2127/1579 1581/2128/1580
f 1582/2129/1581 1581/2128/1580 1580/2127/1579 1583/2130/1582
f 1584/2131/1583 1583/2132/1582 1580/2133/1579 1579/2134/1578
f 1585/2135/1584 1583/2132/1582 1584/2131/1583 1586/2136/1585
f 1587/2137/1586 1586/2136/1585 1584/2131/1583 1588/2138/1587
f 1589/2139/1588 1563/2110/1562 1561/2108/1560 1590/2140/1589
f 1591/2141/1590 1588/2138/1587 1584/2131/1583 1592/2142/1591
f 1593/2143/1592 1594/2144/1593 1595/2145/1594 1596/2146/1595
f 1597/2147/1596 1598/2148/1597 1595/2145/1594 1594/2144/1593
f 1599/2149/1598 1600/2150/1599 1601/2151/1600 1598/2152/1597
f 1602/2153/1601 1597/2147/1596 1594/2144/1593 1603/2154/1602
f 1601/2151/1600 1600/2150/1599 1591/2141/1590 1592/2142/1591
f 1578/2155/1577 1604/2156/1603 1605/2157/1604 1579/2134/1578
f 1602/2153/1601 1603/2154/1602 1593/2143/1592 1606/2158/1605
f 1607/2159/1606 1608/2160/1607 1560/2107/1559 1609/2161/1608
f 1610/2162/1609 1611/2163/1610 1557/2104/1556 1556/2103/1555
f 1612/2164/1611 1613/2165/1612 1557/2104/1556 1611/2163/1610
f 1614/2166/1613 1609/2161/1608 1557/2104/1556 1613/2165/1612
f 1589/2139/1588 1590/2140/1589 1615/2167/1614 1616/2168/1615
f 1608/2160/1607 1602/2153/1601 1615/2167/1614 1590/2140/1589
f 1606/2158/1605 1616/2168/1615 1615/2167/1614 1602/2153/1601
f 1617/2169/1616 1591/2141/1590 1600/2150/1599 1599/2149/1598
f 1607/2159/1606 1618/2170/1617 1602/2153/1601 1608/2160/1607
f 1619/2171/1618 1597/2147/1596 1602/2153/1601 1618/2170/1617
f 1620/2172/1619 1621/2173/1620 1622/2174/1621 1614/2175/1613
f 1609/2161/1608 1614/2166/1613 1622/2176/1621 1607/2159/1606
f 1618/2170/1617 1607/2159/1606 1622/2176/1621 1623/2177/1622
f 1624/2178/1623 1623/2179/1622 1622/2174/1621 1621/2173/1620
f 1625/2180/1624 1626/2181/1625 1627/2182/1626 1628/2183/1627
f 1588/2138/1587 1629/2184/1628 1626/2181/1625 1587/2137/1586
f 1630/2185/1629 1631/2186/1630 1626/2181/1625 1629/2184/1628
f 1632/2187/1631 1633/2188/1632 1626/2181/1625 1631/2186/1630
f 1634/2189/1633 1623/2179/1622 1624/2178/1623 1630/2185/1629
f 1631/2186/1630 1630/2185/1629 1624/2178/1623 1621/2173/1620
f 1635/2190/1634 1625/2180/1624 1628/2183/1627 1636/2191/1635
f 1538/2192/1537 1637/2193/1636 1638/2194/1637 1539/2195/1538
f 1639/2196/1638 1539/2084/1538 1638/2197/1637 1640/2198/1639
f 1641/2199/1640 1640/2200/1639 1638/2194/1637 1642/2201/1641
f 1643/2202/1642 1644/2203/1643 1645/2204/1644 1638/2194/1637
f 1646/2205/1645 1549/2094/1548 1546/2091/1545 1647/2206/1646
f 1648/2207/1647 1647/2208/1646 1546/2209/1545 1540/2085/1539
f 1549/2094/1548 1552/2210/1551 977/1359/976 1542/2087/1541
f 1543/2088/1542 1542/2087/1541 977/1359/976 976/1358/975
f 1549/2094/1548 1646/2205/1645 1550/2211/1549 1552/2210/1551
f 1649/2212/1648 1650/2213/1649 1550/2211/1549 1651/2214/1650
f 1652/2215/1651 1653/2216/1652 1650/2213/1649 1649/2212/1648
f 1654/2217/1653 1655/2218/1654 1650/2219/1649 1653/2220/1652
f 1533/2078/1532 1648/2207/1647 1540/2085/1539 1529/2074/1528
f 1656/2221/1655 1657/2222/1656 1658/2223/1657 1659/2224/1658
f 1660/2225/1659 1661/2226/1660 1658/2223/1657 1657/2222/1656
f 1662/2227/1661 1663/2228/1662 1664/2229/1663 1665/2230/1664
f 1666/2231/1665 1665/2230/1664 1664/2229/1663 1667/2232/1666
f 1668/2233/1667 1669/2234/1668 1664/2229/1663 1663/2228/1662
f 1670/2235/1669 1667/2232/1666 1664/2229/1663 1669/2234/1668
f 1662/2227/1661 1671/2236/1670 1672/2237/1671 1663/2228/1662
f 1673/2238/1672 1674/2239/1673 1672/2237/1671 1671/2236/1670
f 1668/2233/1667 1663/2228/1662 1672/2237/1671 1675/2240/1674
f 1676/2241/1675 1669/2234/1668 1668/2233/1667 1675/2240/1674
f 1677/2242/1676 1678/2243/1677 1667/2232/1666 1679/2244/1678
f 1666/2231/1665 1667/2232/1666 1678/2243/1677 1680/2245/1679
f 1681/2246/1680 1680/2245/1679 1678/2243/1677 1677/2242/1676
f 1676/2241/1675 1675/2240/1674 1672/2237/1671 1674/2239/1673
f 1682/2247/1681 1679/2244/1678 1667/2232/1666 1670/2235/1669
f 1669/2234/1668 1676/2241/1675 1683/2248/1682 1670/2235/1669
f 1682/2247/1681 1670/2235/1669 1683/2248/1682 1684/2249/1683
f 1685/2250/1684 1679/2244/1678 1674/2251/1673 1673/2252/1672
f 1686/2253/1685 1687/2254/1686 1674/2251/1673 1679/2244/1678
f 1688/2255/1687 1676/2241/1675 1674/2239/1673 1687/2256/1686
f 1689/2257/1688 1690/2258/1689 1676/2241/1675 1688/2255/1687
f 1683/2248/1682 1676/2241/1675 1690/2258/1689 1684/2249/1683
f 1691/2259/1690 1686/2253/1685 1679/2244/1678 1682/2247/1681
f 1692/2260/1691 1693/2261/1692 1694/2262/1693 1695/2263/1694
f 1696/2264/1695 1697/2265/1696 1694/2266/1693 1693/2267/1692
f 1698/2268/1697 1699/2269/1698 1694/2266/1693 1700/2270/1699
f 1701/2271/1700 1700/2270/1699 1694/2266/1693 1697/2265/1696
f 1702/2272/1701 1695/2263/1694 1694/2262/1693 1699/2273/1698
f 1703/2274/1702 1704/2275/1703 1705/2276/1704 1706/2277/1705
f 1707/2278/1706 1705/2276/1704 1708/2279/1707 1709/2280/1708
f 1710/2281/1709 1711/2282/1710 1693/2283/1692 1692/2284/1691
f 1712/2285/1711 1696/2286/1695 1693/2287/1692 1713/2288/1712
f 1714/2289/1713 1713/2290/1712 1693/2291/1692 1711/2292/1710
f 1715/2293/1714 1706/2277/1705 1705/2276/1704 1707/2278/1706
f 1702/2272/1701 1699/2273/1698 1716/2294/1715 1717/2295/1716
f 1718/2296/1717 1717/2295/1716 1716/2294/1715 1719/2297/1718
f 1698/2268/1697 1720/2298/1719 1716/2299/1715 1699/2269/1698
f 1721/2300/1720 1719/2301/1718 1716/2302/1715 1722/2303/1721
f 1723/2304/1722 1722/2305/1721 1716/2299/1715 1720/2298/1719
f 1724/2306/1723 1725/2307/1724 1726/2308/1725 1727/2309/1726
f 1728/2310/1727 1729/2311/1728 1726/2312/1725 1730/2313/1729
f 1731/2314/1730 1727/2315/1726 1726/2312/1725 1729/2311/1728
f 1732/2316/1731 1733/2317/1732 1734/2318/1733 1735/2319/1734
f 1736/2320/1735 1737/2321/1736 1734/2318/1733 1733/2317/1732
f 1738/2322/1737 1735/2319/1734 1734/2318/1733 1739/2323/1738
f 1740/2324/1739 1741/2325/1740 1726/2308/1725 1725/2307/1724
f 1742/2326/1741 1743/2327/1742 1726/2308/1725 1741/2325/1740
f 1744/2328/1743 1730/2313/1729 1726/2312/1725 1743/2329/1742
f 1745/2330/1744 1739/2331/1738 1734/2332/1733 1746/2333/1745
f 1744/2334/1743 1743/2335/1742 1734/2318/1733 1737/2321/1736
f 1742/2326/1741 1746/2333/1745 1734/2332/1733 1743/2327/1742
f 1747/2336/1746 1748/2337/1747 1749/2338/1748 1750/2339/1749
f 1751/2340/1750 1752/2341/1751 1749/2338/1748 968/1350/967
f 1753/2342/1752 1754/2343/1753 1752/2341/1751 1751/2340/1750
f 1755/2344/1754 1756/2345/1755 1752/2346/1751 1754/2347/1753
f 1757/2348/1756 1758/2349/1757 1747/2350/1746 1750/2351/1749
f 1759/2352/1758 1760/2353/1759 1761/2354/1760 1762/2355/1761
f 1763/2356/1762 1764/2357/1763 1761/2354/1760 1760/2353/1759
f 1765/2358/1764 1766/2359/1765 1761/2360/1760 1764/2361/1763
f 1767/2362/1766 1762/2363/1761 1761/2364/1760 1768/2365/1767
f 1769/2366/1768 1770/2367/1769 1754/2343/1753 1753/2342/1752
f 1771/2368/1770 1755/2344/1754 1754/2347/1753 1772/2369/1771
f 1773/2370/1772 1772/2369/1771 1754/2347/1753 1770/2371/1769
f 1774/2372/1773 1775/2373/1774 1776/2374/1775 1777/2375/1776
f 1778/2376/1777 1779/2377/1778 1776/2378/1775 1775/2379/1774
f 1780/2380/1779 1781/2381/1780 1776/2382/1775 1779/2383/1778
f 1782/2384/1781 1777/2375/1776 1776/2374/1775 1783/2385/1782
f 1784/2386/1783 1783/2387/1782 1776/2388/1775 1781/2389/1780
f 1785/2390/1784 1786/2391/1785 1787/2392/1786 1788/2393/1787
f 1789/2394/1788 1788/2393/1787 1787/2392/1786 1790/2395/1789
f 1791/2396/1790 1790/2395/1789 1787/2392/1786 1786/2391/1785
f 1792/2397/1791 1793/2398/1792 1789/2399/1788 1790/2400/1789
f 1794/2401/1793 1795/2402/1794 1789/2394/1788 1796/2403/1795
f 1797/2404/1796 1796/2405/1795 1789/2399/1788 1793/2398/1792
f 1798/2406/1797 1797/2404/1796 1793/2398/1792 1792/2397/1791
f 1791/2396/1790 1798/2407/1797 1792/2408/1791 1790/2395/1789
f 1799/2409/1798 1800/2410/1799 1801/2411/1800 1802/2412/1801
f 1803/2413/1802 1804/2414/1803 1801/2415/1800 1800/2416/1799
f 1805/2417/1804 1802/2412/1801 1801/2411/1800 1806/2418/1805
f 1807/2419/1806 1808/2420/1807 1801/2415/1800 1804/2414/1803
f 1804/2414/1803 1803/2413/1802 1809/2421/1808 1810/2422/1809
f 1810/2422/1809 1809/2421/1808 1811/2423/1810 1812/2424/1811
f 1813/2425/1812 1811/2423/1810 1809/2421/1808 1803/2413/1802
f 1814/2426/1813 1805/2427/1804 1806/2428/1805 1815/2429/1814
f 1816/2430/1815 1817/2431/1816 1806/2432/1805 1818/2433/1817
f 1819/2434/1818 1815/2429/1814 1806/2428/1805 1817/2435/1816
f 1820/2436/1819 1821/2437/1820 1805/2427/1804 1814/2426/1813
f 1822/2438/1821 1780/2380/1779 1779/2383/1778 1823/2439/1822
f 1824/2440/1823 1823/2439/1822 1779/2383/1778 1825/2441/1824
f 1826/2442/1825 1827/2443/1826 1828/2444/1827 1829/2445/1828
f 1830/2446/1829 1829/2445/1828 1828/2444/1827 1831/2447/1830
f 1832/2448/1831 1831/2447/1830 1828/2444/1827 1827/2443/1826
f 1830/2449/1829 1833/2450/1832 1834/2451/1833 1829/2452/1828
f 1826/2442/1825 1829/2445/1828 1834/2453/1833 1835/2454/1834
f 1836/2455/1835 1835/2456/1834 1834/2451/1833 1833/2450/1832
f 1837/2457/1836 1836/2455/1835 1833/2450/1832 1830/2449/1829
f 1837/2458/1836 1830/2446/1829 1831/2447/1830 1832/2448/1831
f 1838/2459/1837 1839/2460/1838 1840/2461/1839 1841/2462/1840
f 1842/2463/1841 1843/2464/1842 1840/2461/1839 1839/2460/1838
f 1844/2465/1843 1841/2462/1840 1840/2461/1839 1843/2464/1842
f 1845/2466/1844 874/1237/873 873/1236/872 1846/2467/1845
f 1847/2468/1846 1848/2469/1847 1849/2470/1848 1850/2471/1849
f 1851/2472/1850 1850/2471/1849 1849/2470/1848 1852/2473/1851
f 1853/2474/1852 1825/2475/1824 1779/2377/1778 1778/2376/1777
f 1854/2476/1853 1855/2477/1854 1856/2478/1855 1857/2479/1856
f 1777/2375/1776 1782/2384/1781 1856/2478/1855 1855/2477/1854
f 1847/2468/1846 1850/2471/1849 1856/2480/1855 1782/2481/1781
f 1851/2472/1850 1858/2482/1857 1856/2480/1855 1850/2471/1849
f 1859/2483/1858 1857/2479/1856 1856/2478/1855 1858/2484/1857
f 1859/2483/1858 1860/2485/1859 1861/2486/1860 1857/2479/1856
f 1862/2487/1861 1863/2488/1862 1861/2486/1860 1860/2485/1859
f 1824/2489/1823 1825/2475/1824 1861/2486/1860 1863/2488/1862
f 1864/2490/1863 1865/2491/1864 970/1352/969 1866/2492/1865
f 1867/2493/1866 971/1353/970 970/1352/969 1865/2491/1864
f 1868/2494/1867 1869/2495/1868 1870/2496/1869 1871/2497/1870
f 1872/2498/1871 1873/2499/1872 1870/2500/1869 1869/2501/1868
f 1874/2502/1873 1871/2503/1870 1870/2504/1869 1875/2505/1874
f 1876/2506/1875 1877/2507/1876 1878/2508/1877 1879/2509/1878
f 1880/2510/1879 1881/2511/1880 1878/2508/1877 1877/2507/1876
f 1882/2512/1881 1883/2513/1882 1878/2514/1877 1881/2515/1880
f 1884/2516/1883 1885/2517/1884 1870/2500/1869 1873/2499/1872
f 1886/2518/1885 1887/2519/1886 1876/2506/1875 1879/2509/1878
f 1888/2520/1887 1889/2521/1888 1876/2506/1875 1887/2519/1886
f 889/1254/888 1890/2522/1889 1891/2523/1890 890/1255/889
f 1892/2524/1891 1893/2525/1892 1891/2523/1890 1890/2522/1889
f 895/1260/894 890/1255/889 1891/2523/1890 1893/2525/1892
f 895/1260/894 1894/2526/1893 1895/2527/1894 894/1259/893
f 1896/2528/1895 1897/2529/1896 1895/2527/1894 1894/2526/1893
f 895/1260/894 1893/2525/1892 1898/2530/1897 1894/2526/1893
f 1892/2524/1891 1899/2531/1898 1898/2530/1897 1893/2525/1892
f 1896/2528/1895 1894/2526/1893 1898/2530/1897 1899/2531/1898
f 1900/2532/1899 1901/2533/1900 1897/2529/1896 1902/2534/1901
f 1903/2535/1902 1902/2534/1901 1897/2529/1896 1896/2528/1895
f 1904/2536/1903 1905/2537/1904 1899/2531/1898 1906/2538/1905
f 1903/2535/1902 1896/2528/1895 1899/2531/1898 1905/2537/1904
f 1907/2539/1906 1908/2540/1907 1900/2532/1899 1909/2541/1908
f 1907/2539/1906 1910/2542/1909 1911/2543/1910 1908/2540/1907
f 1906/2538/1905 1912/2544/1911 1911/2545/1910 1904/2536/1903
f 1913/2546/1912 1914/2547/1913 1915/2548/1914 1916/2549/1915
f 1917/2550/1916 1916/2551/1915 1915/2552/1914 1918/2553/1917
f 1919/2554/1918 1918/2555/1917 1915/2548/1914 1914/2547/1913
f 1920/2556/1919 1917/2550/1916 1918/2553/1917 1919/2557/1918
f 1921/2558/1920 1922/2559/1921 1923/2560/1922 1913/2546/1912
f 1914/2547/1913 1913/2546/1912 1923/2560/1922 1924/2561/1923
f 1925/2562/1924 1924/2561/1923 1923/2560/1922 1926/2563/1925
f 1924/2564/1923 1927/2565/1926 1928/2566/1927 1920/2556/1919
f 1929/2567/1928 1930/2568/1929 1928/2566/1927 1927/2565/1926
f 1931/2569/1930 1932/2570/1931 1933/2571/1932 1934/2572/1933
f 1935/2573/1934 1925/2562/1924 1933/2574/1932 1936/2575/1935
f 1926/2576/1925 1934/2572/1933 1933/2571/1932 1925/2577/1924
f 1937/2578/1936 1938/2579/1937 1939/2580/1938 1940/2581/1939
f 1941/2582/1940 1940/2581/1939 1939/2580/1938 1942/2583/1941
f 1943/2584/1942 1942/2585/1941 1939/2586/1938 1944/2587/1943
f 1924/2561/1923 1925/2562/1924 1935/2573/1934 1945/2588/1944
f 1946/2589/1945 1947/2590/1946 1948/2591/1947 1949/2592/1948
f 1949/2592/1948 1948/2591/1947 1936/2593/1935 1933/2571/1932
f 1950/2594/1949 1936/2593/1935 1948/2591/1947 1947/2590/1946
f 1951/2595/1950 1436/1953/1435 1018/1410/1017 1952/2596/1951
f 1432/1946/1431 1426/1949/1425 1017/2597/1016 1953/2598/1952
f 1420/1951/1419 1434/1950/1433 1954/2599/1953 1423/2600/1422
f 1423/1931/1422 1954/2601/1953 1955/2602/1954 1956/2603/1955
f 1957/2604/1956 1955/2605/1954 1954/2599/1953 1434/1950/1433
f 1429/1942/1428 1430/1943/1429 1958/2606/1957 1959/2607/1958
f 1960/2608/1959 1961/2609/1960 1958/2610/1957 1962/2611/1961
f 1431/1944/1430 1962/2612/1961 1958/2613/1957 1430/1945/1429
f 1963/2614/1962 1964/2615/1963 1965/2616/1964 1966/2617/1965
f 1967/2618/1966 1968/2619/1967 1965/2620/1964 1969/2621/1968
f 1970/2622/1969 1971/2623/1970 1972/2624/1971 1973/2625/1972
f 1974/2626/1973 1975/2627/1974 1972/2628/1971 1955/2629/1954
f 1976/2630/1975 1973/2631/1972 1972/2632/1971 1977/2633/1976
f 1978/2634/1977 1977/2633/1976 1972/2632/1971 1975/2635/1974
f 1976/2630/1975 1977/2633/1976 1979/2636/1978 1980/2637/1979
f 1964/2615/1963 1963/2614/1962 1979/2636/1978 1981/2638/1980
f 1978/2634/1977 1981/2638/1980 1979/2636/1978 1977/2633/1976
f 1967/2618/1966 1982/2639/1981 1983/2640/1982 1984/2641/1983
f 1985/2642/1984 1984/2643/1983 1983/2644/1982 1986/2645/1985
f 1987/2646/1986 1988/2647/1987 1983/2640/1982 1982/2639/1981
f 1989/2648/1988 1986/2645/1985 1983/2644/1982 1990/2649/1989
f 1991/2650/1990 1990/2649/1989 1983/2644/1982 1988/2651/1987
f 1982/2639/1981 1992/2652/1991 1993/2653/1992 1987/2646/1986
f 1994/2654/1993 1995/2655/1994 1993/2653/1992 1992/2652/1991
f 1996/2656/1995 1997/2657/1996 1993/2653/1992 1995/2655/1994
f 1998/2658/1997 1999/2659/1998 2000/2660/1999 2001/2661/2000
f 2002/2662/2001 2003/2663/2002 2000/2660/1999 1999/2659/1998
f 2004/2664/2003 2001/2661/2000 2000/2660/1999 2003/2663/2002
f 2005/2665/2004 2006/2666/2005 1999/2667/1998 2007/2668/2006
f 2008/2669/2007 2002/2670/2001 1999/2667/1998 2006/2666/2005
f 2009/2671/2008 2007/2668/2006 1999/2667/1998 1998/2672/1997
f 2010/2673/2009 2009/2671/2008 1998/2672/1997 2011/2674/2010
f 2012/2675/2011 2004/2664/2003 2003/2663/2002 2002/2662/2001
f 2010/2673/2009 2011/2674/2010 2013/2676/2012 2014/2677/2013
f 2015/2678/2014 2016/2679/2015 2013/2680/2012 2017/2681/2016
f 2018/2682/2017 2019/2683/2018 2002/2684/2001 2008/2685/2007
f 2017/2686/2016 2012/2675/2011 2002/2662/2001 2020/2687/2019
f 2021/2688/2020 2020/2689/2019 2002/2684/2001 2019/2683/2018
f 2022/2690/2021 2015/2678/2014 2017/2681/2016 2020/2691/2019
f 2023/2692/2022 2024/2693/2023 1380/1874/1379 2025/2694/2024
f 1390/1887/1389 1383/1877/1382 1380/1879/1379 2024/2695/2023
f 2026/2696/2025 2025/2694/2024 1380/1874/1379 1379/1873/1378
f 2027/2697/2026 2028/2698/2027 1396/1895/1395 2029/2699/2028
f 2025/2700/2024 2029/2699/2028 1396/1895/1395 2023/2701/2022
f 2030/2702/2029 2029/2699/2028 2025/2700/2024 2031/2703/2030
f 2032/2704/2031 2031/2705/2030 2025/2706/2024 2033/2707/2032
f 2030/2702/2029 1707/2708/1706 2034/2709/2033 2035/2710/2034
f 2032/2704/2031 2035/2710/2034 2034/2709/2033 2036/2711/2035
f 2037/2712/2036 2038/2713/2037 2034/2714/2033 1707/2715/1706
f 2039/2716/2038 2036/2711/2035 2034/2709/2033 2038/2717/2037
f 1710/2281/1709 1718/2296/1717 1719/2297/1718 1711/2282/1710
f 1714/2289/1713 1711/2292/1710 1719/2301/1718 2040/2718/2039
f 2041/2719/2040 2040/2718/2039 1719/2301/1718 1721/2300/1720
f 1715/2293/1714 2036/2720/2035 2039/2721/2038 1706/2277/1705
f 1703/2274/1702 1706/2277/1705 2039/2721/2038 2042/2722/2041
f 2043/2723/2042 2044/2724/2043 2039/2721/2038 2038/2725/2037
f 2045/2726/2044 2037/2712/2036 1707/2715/1706 1709/2727/1708
f 2046/2728/2045 982/1367/981 1438/1955/1437 1468/2729/1467
f 2047/2730/2046 2048/2731/2047 2049/2732/2048 2050/2733/2049
f 2051/2734/2050 2050/2735/2049 2049/2736/2048 2052/2737/2051
f 2053/2738/2052 2054/2739/2053 2049/2740/2048 2048/2741/2047
f 2055/2742/2054 2056/2743/2055 2057/2744/2056 2058/2745/2057
f 2058/2745/2057 2057/2744/2056 2059/2746/2058 2060/2747/2059
f 2061/2748/2060 2059/2746/2058 2057/2744/2056 2056/2743/2055
f 2062/2749/2061 2063/2750/2062 2064/2751/2063 2065/2752/2064
f 2066/2753/2065 2067/2754/2066 2064/2755/2063 2063/2756/2062
f 2068/2757/2067 2065/2752/2064 2064/2751/2063 2069/2758/2068
f 2070/2759/2069 2071/2760/2070 2072/2761/2071 2073/2762/2072
f 2074/2763/2073 2075/2764/2074 2072/2761/2071 2071/2760/2070
f 2076/2765/2075 2077/2766/2076 2072/2761/2071 2078/2767/2077
f 2079/2768/2078 2073/2769/2072 2072/2770/2071 2077/2771/2076
f 2080/2772/2079 2078/2767/2077 2072/2761/2071 2075/2764/2074
f 2074/2763/2073 2081/2773/2080 2082/2774/2081 2075/2764/2074
f 2083/2775/2082 2084/2776/2083 2085/2777/2084 2086/2778/2085
f 2087/2779/2086 2088/2780/2087 2089/2781/2088 2090/2782/2089
f 2065/2752/2064 2091/2783/2090 2092/2784/2091 2062/2749/2061
f 2086/2778/2085 2085/2777/2084 2093/2785/2092 2087/2779/2086
f 2094/2786/2093 2095/2787/2094 2092/2784/2091 2096/2788/2095
f 2097/2789/2096 2084/2776/2083 2098/2790/2097 2099/2791/2098
f 2083/2775/2082 2100/2792/2099 2098/2790/2097 2084/2776/2083
f 881/1246/880 2099/2791/2098 2098/2790/2097 882/1247/881
f 2101/2793/2100 2102/2794/2101 2103/2795/2102 2104/2796/2103
f 2101/2793/2100 2105/2797/2104 2106/2798/2105 2102/2794/2101
f 2107/2799/2106 2108/2800/2107 2109/2801/2108 2110/2802/2109
f 1368/1862/1367 2109/2801/2108 886/1251/885 885/1250/884
f 2111/2803/2110 2108/2800/2107 2107/2799/2106 2112/2804/2111
f 2113/2805/2112 2112/2804/2111 2107/2799/2106 2110/2802/2109
f 2105/2797/2104 2101/2793/2100 2114/2806/2113 2115/2807/2114
f 877/1242/876 884/1249/883 2116/2808/2115 2117/2809/2116
f 2118/2810/2117 2119/2811/2118 2120/2812/2119 2121/2813/2120
f 2122/2814/2121 2121/2815/2120 2120/2816/2119 2123/2817/2122
f 2124/2818/2123 2123/2817/2122 2120/2816/2119 2125/2819/2124
f 2126/2820/2125 2127/2821/2126 2116/2808/2115 2128/2822/2127
f 2118/2823/2117 2117/2809/2116 2116/2808/2115 2127/2821/2126
f 2129/2824/2128 2130/2825/2129 2131/2826/2130 2132/2827/2131
f 2133/2828/2132 2132/2829/2131 2131/2830/2130 2134/2831/2133
f 2135/2832/2134 2134/2833/2133 2131/2826/2130 2130/2825/2129
f 2136/2834/2135 2124/2818/2123 2125/2819/2124 2137/2835/2136
f 2138/2836/2137 2137/2837/2136 2125/2838/2124 2139/2839/2138
f 2140/2840/2139 2141/2841/2140 2126/2820/2125 2128/2822/2127
f 2142/2842/2141 2127/2821/2126 2126/2820/2125 2141/2841/2140
f 2118/2810/2117 2127/2843/2126 2142/2844/2141 2119/2811/2118
f 2143/2845/2142 2119/2811/2118 2142/2844/2141 2144/2846/2143
f 2145/2847/2144 2144/2846/2143 2142/2844/2141 2146/2848/2145
f 2147/2849/2146 2146/2850/2145 2142/2842/2141 2141/2841/2140
f 2140/2840/2139 2148/2851/2147 2147/2849/2146 2141/2841/2140
f 2149/2852/2148 2146/2853/2145 2147/2854/2146 2148/2855/2147
f 2150/2856/2149 2151/2857/2150 2152/2858/2151 2153/2859/2152
f 2153/2859/2152 2152/2858/2151 2154/2860/2153 2155/2861/2154
f 2156/2862/2155 2154/2863/2153 2152/2864/2151 2151/2865/2150
f 2157/2866/2156 915/1284/914 916/1285/915 2158/2867/2157
f 934/1308/933 2158/2867/2157 916/1285/915 2159/2868/2158
f 2160/2869/2159 2159/2868/2158 916/1285/915 920/1292/919
f 2161/2870/2160 2160/2871/2159 920/2872/919 2162/2873/2161
f 2163/2874/2162 2162/2873/2161 920/2872/919 919/2875/918
f 2164/2876/2163 2165/2877/2164 2166/2878/2165 2167/2879/2166
f 2168/2880/2167 2169/2881/2168 2166/2882/2165 2165/2883/2164
f 2170/2884/2169 2168/2880/2167 2165/2883/2164 2171/2885/2170
f 2172/2886/2171 2173/2887/2172 2174/2888/2173 2171/2889/2170
f 2170/2884/2169 2171/2885/2170 2174/2890/2173 2175/2891/2174
f 2176/2892/2175 2175/2893/2174 2174/2894/2173 2155/2895/2154
f 935/1309/934 2177/2896/2176 2174/2897/2173 2173/2898/2172
f 2178/2899/2177 2155/2900/2154 2174/2897/2173 2177/2896/2176
f 2179/2901/2178 2180/2902/2179 2181/2903/2180 2182/2904/2181
f 2183/2905/2182 2154/2906/2153 2181/2903/2180 2180/2902/2179
f 2183/2905/2182 2176/2892/2175 2155/2895/2154 2154/2906/2153
f 2184/2907/2183 2185/2908/2184 1997/2657/1996 2186/2909/2185
f 2187/2910/2186 2186/2909/2185 1997/2657/1996 1996/2656/1995
f 2185/2908/2184 2184/2907/2183 2188/2911/2187 2189/2912/2188
f 1989/2648/1988 1990/2649/1989 2188/2913/2187 2190/2914/2189
f 1991/2650/1990 2189/2915/2188 2188/2913/2187 1990/2649/1989
f 2187/2910/2186 1996/2656/1995 2191/2916/2190 2192/2917/2191
f 1995/2655/1994 2193/2918/2192 2191/2916/2190 1996/2656/1995
f 1986/2645/1985 1989/2648/1988 2194/2919/2193 2195/2920/2194
f 2196/2921/2195 2197/2922/2196 1989/2648/1988 2190/2914/2189
f 2198/2923/2197 2195/2920/2194 2194/2919/2193 2199/2924/2198
f 2200/2925/2199 2199/2924/2198 2194/2919/2193 2201/2926/2200
f 2202/2927/2201 2203/2928/2202 2197/2922/2196 2196/2921/2195
f 2200/2925/2199 2201/2926/2200 2197/2922/2196 2203/2928/2202
f 2198/2923/2197 2199/2924/2198 2191/2916/2190 2193/2918/2192
f 2202/2927/2201 2192/2917/2191 2191/2916/2190 2203/2928/2202
f 2204/2929/2203 2192/2917/2191 2202/2927/2201 2205/2930/2204
f 2206/2931/2205 2205/2930/2204 2202/2927/2201 2196/2921/2195
f 2180/2902/2179 2205/2930/2204 2206/2931/2205 2183/2905/2182
f 2190/2914/2189 2207/2932/2206 2206/2931/2205 2196/2921/2195
f 2176/2892/2175 2183/2905/2182 2206/2931/2205 2207/2932/2206
f 2188/2913/2187 2208/2933/2207 2207/2932/2206 2190/2914/2189
f 2175/2893/2174 2176/2892/2175 2207/2932/2206 2208/2933/2207
f 2184/2907/2183 2209/2934/2208 2208/2935/2207 2188/2911/2187
f 2170/2884/2169 2175/2891/2174 2208/2935/2207 2209/2934/2208
f 2186/2909/2185 2210/2936/2209 2209/2934/2208 2184/2907/2183
f 2168/2880/2167 2170/2884/2169 2209/2934/2208 2210/2936/2209
f 2187/2910/2186 2211/2937/2210 2210/2936/2209 2186/2909/2185
f 2169/2881/2168 2168/2880/2167 2210/2936/2209 2211/2937/2210
f 2192/2917/2191 2204/2929/2203 2211/2937/2210 2187/2910/2186
f 2179/2901/2178 2169/2881/2168 2211/2937/2210 2204/2929/2203
f 2180/2902/2179 2179/2901/2178 2204/2929/2203 2205/2930/2204
f 2212/2938/2211 2213/2939/2212 2198/2923/2197 2193/2918/2192
f 2214/2940/2213 2195/2920/2194 2198/2923/2197 2213/2939/2212
f 1981/2941/1980 1978/2942/1977 2214/2940/2213 2213/2939/2212
f 1975/2627/1974 1985/2642/1984 2214/2940/2213 1978/2942/1977
f 1986/2645/1985 2195/2920/2194 2214/2940/2213 1985/2642/1984
f 1964/2943/1963 1981/2941/1980 2213/2939/2212 2212/2938/2211
f 1995/2655/1994 1994/2654/1993 2212/2938/2211 2193/2918/2192
f 1965/2620/1964 1964/2943/1963 2212/2938/2211 1994/2654/1993
f 2191/2916/2190 2199/2924/2198 2200/2925/2199 2203/2928/2202
f 2013/2680/2012 2185/2944/2184 2189/2945/2188 2017/2681/2016
f 2012/2675/2011 2017/2686/2016 2189/2946/2188 1991/2947/1990
f 2011/2948/2010 1997/2657/1996 2185/2908/2184 2013/2949/2012
f 2215/2950/2214 2216/2951/2215 2217/2952/2216 926/1300/925
f 2218/2953/2217 2163/2874/2162 2217/2954/2216 2219/2955/2218
f 919/1288/918 926/1300/925 2217/2952/2216 2163/2956/2162
f 2220/2957/2219 2221/2958/2220 2218/2959/2217 2219/2960/2218
f 2222/2961/2221 2223/2962/2222 2218/2959/2217 2221/2958/2220
f 2162/2873/2161 2163/2874/2162 2218/2953/2217 2223/2963/2222
f 2151/2857/2150 2150/2856/2149 2223/2963/2222 2222/2964/2221
f 2161/2870/2160 2162/2873/2161 2223/2963/2222 2150/2856/2149
f 2224/2965/2223 2225/2966/2224 2222/2961/2221 2221/2958/2220
f 2226/2967/2225 2151/2968/2150 2222/2961/2221 2225/2966/2224
f 2227/2969/2226 2228/2970/2227 2226/2967/2225 2225/2966/2224
f 2229/2971/2228 2230/2972/2229 2226/2973/2225 2228/2974/2227
f 2156/2862/2155 2151/2865/2150 2226/2973/2225 2230/2972/2229
f 2231/2975/2230 2232/2976/2231 2230/2972/2229 2229/2971/2228
f 2233/2977/2232 2156/2862/2155 2230/2972/2229 2232/2976/2231
f 2154/2863/2153 2156/2862/2155 2233/2977/2232 2181/2978/2180
f 2234/2979/2233 2235/2980/2234 2233/2977/2232 2232/2976/2231
f 2236/2981/2235 2224/2965/2223 2235/2980/2234 2234/2979/2233
f 2221/2958/2220 2220/2957/2219 2235/2980/2234 2224/2965/2223
f 2237/2982/2236 2238/2983/2237 2236/2981/2235 2234/2979/2233
f 2239/2984/2238 2227/2969/2226 2236/2981/2235 2238/2983/2237
f 2225/2966/2224 2224/2965/2223 2236/2981/2235 2227/2969/2226
f 2240/2985/2239 2241/2986/2240 2239/2984/2238 2238/2983/2237
f 2242/2987/2241 2243/2988/2242 2239/2984/2238 2241/2986/2240
f 2228/2970/2227 2227/2969/2226 2239/2984/2238 2243/2988/2242
f 2244/2989/2243 2245/2990/2244 2243/2991/2242 2242/2992/2241
f 2229/2971/2228 2228/2974/2227 2243/2991/2242 2245/2990/2244
f 2246/2993/2245 2247/2994/2246 2245/2990/2244 2244/2989/2243
f 2231/2975/2230 2229/2971/2228 2245/2990/2244 2247/2994/2246
f 2248/2995/2247 2249/2996/2248 2247/2994/2246 2246/2993/2245
f 2237/2982/2236 2231/2975/2230 2247/2994/2246 2249/2996/2248
f 2250/2997/2249 2240/2985/2239 2249/2996/2248 2248/2995/2247
f 2238/2983/2237 2237/2982/2236 2249/2996/2248 2240/2985/2239
f 2145/2847/2144 2139/2839/2138 2250/2997/2249 2248/2995/2247
f 2125/2838/2124 2251/2998/2250 2250/2997/2249 2139/2839/2138
f 2241/2986/2240 2240/2985/2239 2250/2997/2249 2251/2998/2250
f 2120/2999/2119 2252/3000/2251 2251/2998/2250 2125/2838/2124
f 2242/2987/2241 2241/2986/2240 2251/2998/2250 2252/3000/2251
f 2119/2811/2118 2143/2845/2142 2252/3001/2251 2120/2812/2119
f 2244/2989/2243 2242/2992/2241 2252/3001/2251 2143/2845/2142
f 2144/2846/2143 2145/2847/2144 2248/2995/2247 2246/2993/2245
f 2143/2845/2142 2144/2846/2143 2246/2993/2245 2244/2989/2243
f 2232/2976/2231 2231/2975/2230 2237/2982/2236 2234/2979/2233
f 1883/2513/1882 2253/3002/2252 2215/2950/2214 2254/3003/2253
f 2255/3004/2254 2216/2951/2215 2215/2950/2214 2253/3002/2252
f 924/1298/923 2254/3003/2253 2215/2950/2214 926/1300/925
f 1882/2512/1881 2256/3005/2255 2253/3002/2252 1883/2513/1882
f 2166/3006/2165 2255/3004/2254 2253/3002/2252 2256/3005/2255
f 2257/3007/2256 2258/3008/2257 2256/3009/2255 1882/3010/1881
f 2167/2879/2166 2166/2878/2165 2256/3009/2255 2258/3008/2257
f 1869/2495/1868 1868/2494/1867 2258/3008/2257 2257/3007/2256
f 922/1294/921 2167/2879/2166 2258/3008/2257 1868/2494/1867
f 1872/2498/1871 1869/2501/1868 2257/3011/2256 2259/3012/2258
f 1881/3013/1880 2259/3014/2258 2257/3007/2256 1882/3010/1881
f 1880/3015/1879 2260/3016/2259 2259/3012/2258 1881/3017/1880
f 2261/3018/2260 1872/2498/1871 2259/3012/2258 2260/3016/2259
f 2262/3019/2261 2263/3020/2262 2261/3018/2260 2260/3016/2259
f 2264/3021/2263 2265/3022/2264 2261/3018/2260 2263/3020/2262
f 1873/2499/1872 1872/2498/1871 2261/3018/2260 2265/3022/2264
f 2266/3023/2265 2267/3024/2266 2265/3022/2264 2264/3021/2263
f 1884/2516/1883 1873/2499/1872 2265/3022/2264 2267/3024/2266
f 2268/3025/2267 2269/3026/2268 2267/3024/2266 2266/3023/2265
f 2270/3027/2269 1884/2516/1883 2267/3024/2266 2269/3026/2268
f 1885/2517/1884 1884/2516/1883 2270/3027/2269 1912/3028/1911
f 1889/2521/1888 1888/2520/1887 2270/3027/2269 2269/3026/2268
f 1911/2543/1910 1912/3028/1911 2270/3027/2269 1888/2520/1887
f 2271/3029/2270 1889/2521/1888 2269/3026/2268 2268/3025/2267
f 2272/3030/2271 2273/3031/2272 2271/3032/2270 2268/3033/2267
f 2274/3034/2273 2275/3035/2274 2271/3032/2270 2273/3031/2272
f 1876/2506/1875 1889/2521/1888 2271/3029/2270 2275/3036/2274
f 2276/3037/2275 2277/3038/2276 2275/3035/2274 2274/3034/2273
f 1877/2507/1876 1876/2506/1875 2275/3036/2274 2277/3039/2276
f 2278/3040/2277 2279/3041/2278 2277/3038/2276 2276/3037/2275
f 1880/2510/1879 1877/2507/1876 2277/3039/2276 2279/3042/2278
f 2280/3043/2279 2262/3019/2261 2279/3044/2278 2278/3045/2277
f 2260/3016/2259 1880/3015/1879 2279/3044/2278 2262/3019/2261
f 2281/3046/2280 2282/3047/2281 2280/3048/2279 2278/3049/2277
f 2283/3050/2282 2284/3051/2283 2280/3048/2279 2282/3047/2281
f 2263/3020/2262 2262/3019/2261 2280/3043/2279 2284/3052/2283
f 2285/3053/2284 2286/3054/2285 2284/3051/2283 2283/3050/2282
f 2264/3021/2263 2263/3020/2262 2284/3052/2283 2286/3055/2285
f 2287/3056/2286 2288/3057/2287 2286/3054/2285 2285/3053/2284
f 2266/3023/2265 2264/3021/2263 2286/3055/2285 2288/3058/2287
f 2289/3059/2288 2272/3030/2271 2288/3057/2287 2287/3056/2286
f 2268/3025/2267 2266/3023/2265 2288/3058/2287 2272/3060/2271
f 2290/3061/2289 2291/3062/2290 2289/3059/2288 2287/3056/2286
f 2292/3063/2291 2293/3064/2292 2289/3059/2288 2291/3062/2290
f 2273/3031/2272 2272/3030/2271 2289/3059/2288 2293/3064/2292
f 2294/3065/2293 2295/3066/2294 2293/3064/2292 2292/3063/2291
f 2274/3034/2273 2273/3031/2272 2293/3064/2292 2295/3066/2294
f 2296/3067/2295 2297/3068/2296 2295/3066/2294 2294/3065/2293
f 2276/3037/2275 2274/3034/2273 2295/3066/2294 2297/3068/2296
f 2298/3069/2297 2281/3070/2280 2297/3068/2296 2296/3067/2295
f 2278/3040/2277 2276/3037/2275 2297/3068/2296 2281/3070/2280
f 2282/3047/2281 2281/3046/2280 2298/3071/2297 2299/3072/2298
f 2283/3050/2282 2282/3047/2281 2299/3072/2298 2300/3073/2299
f 2285/3053/2284 2283/3050/2282 2300/3073/2299 2301/3074/2300
f 2287/3056/2286 2285/3053/2284 2301/3074/2300 2290/3061/2289
f 1878/2514/1877 1883/2513/1882 2254/3003/2253 2302/3075/2301
f 925/1299/924 2302/3075/2301 2254/3003/2253 924/1298/923
f 1879/2509/1878 1878/2508/1877 2302/3076/2301 2303/3077/2302
f 2304/3078/2303 2303/3077/2302 2302/3076/2301 925/3079/924
f 2305/3080/2304 2303/3077/2302 2304/3078/2303 2306/3081/2305
f 923/3082/922 2307/3083/2306 2304/3078/2303 925/3079/924
f 2308/3084/2307 2306/3081/2305 2304/3078/2303 2307/3083/2306
f 2309/3085/2308 2306/3081/2305 2308/3084/2307 2310/3086/2309
f 1874/2502/1873 1875/2505/1874 2308/3084/2307 2307/3083/2306
f 2311/3087/2310 2310/3086/2309 2308/3084/2307 1875/2505/1874
f 892/1257/891 2310/3086/2309 2311/3087/2310 889/1254/888
f 1870/2504/1869 2312/3088/2311 2311/3087/2310 1875/2505/1874
f 1890/2522/1889 889/1254/888 2311/3087/2310 2312/3088/2311
f 1885/3089/1884 2313/3090/2312 2312/3088/2311 1870/2504/1869
f 1892/2524/1891 1890/2522/1889 2312/3088/2311 2313/3090/2312
f 1912/2544/1911 1906/2538/1905 2313/3090/2312 1885/3089/1884
f 1899/2531/1898 1892/2524/1891 2313/3090/2312 1906/2538/1905
f 2305/3080/2304 2306/3081/2305 2309/3085/2308 1901/2533/1900
f 892/1257/891 893/1258/892 2309/3085/2308 2310/3086/2309
f 2314/3091/2313 1874/2502/1873 2307/3083/2306 923/3082/922
f 1900/2532/1899 1886/2518/1885 2305/3080/2304 1901/2533/1900
f 1879/2509/1878 2303/3077/2302 2305/3080/2304 1886/2518/1885
f 2159/2868/2158 2160/2869/2159 2178/2899/2177 2177/2896/2176
f 2161/2870/2160 2315/3092/2314 2178/3093/2177 2160/2871/2159
f 2153/2859/2152 2155/2861/2154 2178/3093/2177 2315/3092/2314
f 934/1308/933 2159/2868/2158 2177/2896/2176 935/1309/934
f 2316/3094/2315 2173/2887/2172 2172/2886/2171 2317/3095/2316
f 2165/2877/2164 2318/3096/2317 2172/2886/2171 2171/2889/2170
f 2319/3097/2318 2317/3095/2316 2172/2886/2171 2318/3096/2317
f 2320/3098/2319 2317/3095/2316 2319/3097/2318 2321/3099/2320
f 2322/3100/2321 2323/3101/2322 2319/3097/2318 2318/3096/2317
f 901/1266/900 2321/3099/2320 2319/3097/2318 2323/3101/2322
f 2324/3102/2323 2325/3103/2324 2323/3101/2322 2322/3100/2321
f 902/1267/901 901/1266/900 2323/3101/2322 2325/3103/2324
f 2157/2866/2156 2326/3104/2325 2325/3103/2324 2324/3102/2323
f 907/3105/906 902/1267/901 2325/3103/2324 2326/3104/2325
f 2158/2867/2157 2327/3106/2326 2326/3104/2325 2157/2866/2156
f 2328/3107/2327 907/3105/906 2326/3104/2325 2327/3106/2326
f 906/1271/905 907/1274/906 2328/3108/2327 2329/3109/2328
f 928/1302/927 927/1301/926 2328/3107/2327 2327/3106/2326
f 2330/3110/2329 2329/3109/2328 2328/3108/2327 927/3111/926
f 2331/3112/2330 2329/3109/2328 2330/3110/2329 2332/3113/2331
f 930/3114/929 2333/3115/2332 2330/3110/2329 927/3111/926
f 2334/3116/2333 2332/3113/2331 2330/3110/2329 2333/3115/2332
f 2335/3117/2334 2332/3113/2331 2334/3116/2333 2336/3118/2335
f 2337/3119/2336 2338/3120/2337 2334/3116/2333 2333/3115/2332
f 2339/3121/2338 2336/3118/2335 2334/3116/2333 2338/3120/2337
f 2340/3122/2339 2336/3118/2335 2339/3121/2338 2341/3123/2340
f 2342/3124/2341 2343/3125/2342 2339/3121/2338 2338/3120/2337
f 2344/3126/2343 2341/3123/2340 2339/3121/2338 2343/3125/2342
f 2345/3127/2344 2346/3128/2345 2344/3126/2343 2343/3125/2342
f 899/1264/898 2335/3117/2334 2347/3129/2346 898/1263/897
f 2336/3118/2335 2340/3122/2339 2347/3129/2346 2335/3117/2334
f 2348/3130/2347 900/1265/899 2349/3131/2348 2350/3132/2349
f 903/1268/902 2351/3133/2350 2349/3131/2348 900/1265/899
f 904/1269/903 2352/3134/2351 2351/3133/2350 903/1268/902
f 897/1276/896 896/3135/895 2352/3134/2351 904/1269/903
f 2346/3128/2345 2345/3127/2344 2348/3130/2347 2350/3132/2349
f 2320/3098/2319 2321/3099/2320 2348/3130/2347 2345/3127/2344
f 901/1266/900 900/1265/899 2348/3130/2347 2321/3099/2320
f 2342/3124/2341 2320/3098/2319 2345/3127/2344 2343/3125/2342
f 2337/3119/2336 2316/3094/2315 2342/3124/2341 2338/3120/2337
f 2317/3095/2316 2320/3098/2319 2342/3124/2341 2316/3094/2315
f 2331/3112/2330 2332/3113/2331 2335/3117/2334 899/1264/898
f 932/3136/931 2337/3119/2336 2333/3115/2332 930/3114/929
f 858/1220/857 909/1278/908 2331/3112/2330 899/1264/898
f 906/1271/905 2329/3109/2328 2331/3112/2330 909/1278/908
f 934/1308/933 928/1302/927 2327/3106/2326 2158/2867/2157
f 2164/2876/2163 921/1293/920 2324/3102/2323 2322/3100/2321
f 915/1284/914 2157/2866/2156 2324/3102/2323 921/1293/920
f 2165/2877/2164 2164/2876/2163 2322/3100/2321 2318/3096/2317
f 2169/2881/2168 2179/2901/2178 2255/3137/2254 2166/2882/2165
f 2182/3138/2181 2216/2951/2215 2255/3004/2254 2179/3139/2178
f 922/1294/921 921/1293/920 2164/2876/2163 2167/2879/2166
f 2153/2859/2152 2315/3092/2314 2161/2870/2160 2150/2856/2149
f 2353/3140/2352 2354/3141/2353 2355/3142/2354 2356/3143/2355
f 2357/3144/2356 2356/3143/2355 2355/3142/2354 2358/3145/2357
f 2359/3146/2358 2356/3143/2355 2357/3144/2356 2360/3147/2359
f 2361/3148/2360 2362/3149/2361 2357/3144/2356 2358/3145/2357
f 2363/3150/2362 2360/3147/2359 2357/3144/2356 2362/3149/2361
f 2124/2818/2123 2360/3147/2359 2363/3150/2362 2123/2817/2122
f 2364/3151/2363 2365/3152/2364 2363/3150/2362 2362/3149/2361
f 2122/2814/2121 2123/2817/2122 2363/3150/2362 2365/3152/2364
f 2366/3153/2365 2367/3154/2366 2365/3155/2364 2364/3156/2363
f 2368/3157/2367 2122/3158/2121 2365/3155/2364 2367/3154/2366
f 2369/3159/2368 2370/3160/2369 2367/3154/2366 2366/3153/2365
f 2371/3161/2370 2368/3157/2367 2367/3154/2366 2370/3160/2369
f 1370/3162/1369 2368/3157/2367 2371/3161/2370 2372/3163/2371
f 2373/3164/2372 2374/3165/2373 2371/3161/2370 2370/3160/2369
f 2375/3166/2374 2372/3163/2371 2371/3161/2370 2374/3165/2373
f 2376/3167/2375 2372/3163/2371 2375/3166/2374 2377/3168/2376
f 2378/3169/2377 2379/3170/2378 2375/3166/2374 2374/3165/2373
f 2380/3171/2379 2377/3168/2376 2375/3166/2374 2379/3170/2378
f 2129/2824/2128 2377/3168/2376 2380/3171/2379 2130/2825/2129
f 2381/3172/2380 2382/3173/2381 2380/3171/2379 2379/3170/2378
f 2135/2832/2134 2130/2825/2129 2380/3171/2379 2382/3173/2381
f 2137/2835/2136 2138/3174/2137 2382/3173/2381 2381/3172/2380
f 2383/3175/2382 2135/2832/2134 2382/3173/2381 2138/3174/2137
f 2378/3169/2377 2384/3176/2383 2381/3172/2380 2379/3170/2378
f 2136/2834/2135 2137/2835/2136 2381/3172/2380 2384/3176/2383
f 2385/3177/2384 2386/3178/2385 2384/3176/2383 2378/3169/2377
f 2359/3146/2358 2136/2834/2135 2384/3176/2383 2386/3178/2385
f 2387/3179/2386 2353/3140/2352 2386/3178/2385 2385/3177/2384
f 2356/3143/2355 2359/3146/2358 2386/3178/2385 2353/3140/2352
f 2373/3164/2372 2388/3180/2387 2387/3179/2386 2385/3177/2384
f 2389/3181/2388 2390/3182/2389 2387/3179/2386 2388/3180/2387
f 2354/3141/2353 2353/3140/2352 2387/3179/2386 2390/3182/2389
f 2369/3159/2368 2391/3183/2390 2389/3181/2388 2388/3180/2387
f 2362/3149/2361 2361/3148/2360 2392/3184/2391 2364/3151/2363
f 2366/3153/2365 2364/3156/2363 2392/3185/2391 2393/3186/2392
f 2369/3159/2368 2366/3153/2365 2393/3186/2392 2391/3183/2390
f 2370/3160/2369 2369/3159/2368 2388/3180/2387 2373/3164/2372
f 2374/3165/2373 2373/3164/2372 2385/3177/2384 2378/3169/2377
f 2110/3187/2109 1367/3188/1366 2376/3167/2375 2113/3189/2112
f 1370/3162/1369 2372/3163/2371 2376/3167/2375 1367/3188/1366
f 2129/2824/2128 2113/3189/2112 2376/3167/2375 2377/3168/2376
f 2124/2818/2123 2136/2834/2135 2359/3146/2358 2360/3147/2359
f 2134/2833/2133 2135/2832/2134 2383/3175/2382 2149/2852/2148
f 2133/2828/2132 2134/2831/2133 2149/3190/2148 2148/2851/2147
f 2111/2803/2110 2133/2828/2132 2148/2851/2147 2140/2840/2139
f 2108/2800/2107 2111/2803/2110 2140/2840/2139 2128/2822/2127
f 2112/2804/2111 2132/2829/2131 2133/2828/2132 2111/2803/2110
f 2112/3191/2111 2113/3189/2112 2129/2824/2128 2132/2827/2131
f 2109/2801/2108 2108/2800/2107 2128/2822/2127 2116/2808/2115
f 2394/3192/2393 2117/2809/2116 2118/2823/2117 2121/3193/2120
f 886/1251/885 2109/2801/2108 2116/2808/2115 884/1249/883
f 878/1243/877 877/1242/876 2117/2809/2116 2394/3192/2393
f 2104/2796/2103 2395/3194/2394 2114/2806/2113 2101/2793/2100
f 2396/3195/2395 2115/2807/2114 2114/2806/2113 2395/3194/2394
f 2397/3196/2396 2398/3197/2397 2396/3195/2395 2395/3194/2394
f 2099/2791/2098 881/1246/880 2396/3195/2395 2398/3197/2397
f 878/1243/877 2115/2807/2114 2396/3195/2395 881/1246/880
f 2078/2767/2077 2080/2772/2079 2398/3197/2397 2397/3196/2396
f 2097/2789/2096 2099/2791/2098 2398/3197/2397 2080/2772/2079
f 2104/2796/2103 2399/3198/2398 2397/3196/2396 2395/3194/2394
f 2076/2765/2075 2078/2767/2077 2397/3196/2396 2399/3198/2398
f 2103/2795/2102 2400/3199/2399 2399/3198/2398 2104/2796/2103
f 2069/3200/2068 2076/2765/2075 2399/3198/2398 2400/3199/2399
f 885/1250/884 888/1253/887 2400/3201/2399 2103/3202/2102
f 2068/2757/2067 2069/2758/2068 2400/3201/2399 888/1253/887
f 1368/1862/1367 1367/1861/1366 2110/2802/2109 2109/2801/2108
f 2094/2786/2093 2096/2788/2095 2401/3203/2400 2402/3204/2401
f 2091/2783/2090 2403/3205/2402 2401/3203/2400 2096/2788/2095
f 2098/2790/2097 2100/2792/2099 2402/3204/2401 2404/3206/2403
f 2083/2775/2082 2094/2786/2093 2402/3204/2401 2100/2792/2099
f 2075/2764/2074 2082/2774/2081 2097/2789/2096 2080/2772/2079
f 2405/3207/2404 2084/2776/2083 2097/2789/2096 2082/2774/2081
f 2086/2778/2085 2095/2787/2094 2094/2786/2093 2083/2775/2082
f 2068/2757/2067 2403/3205/2402 2091/2783/2090 2065/2752/2064
f 2054/2739/2053 2053/2738/2052 2089/2781/2088 2406/3208/2405
f 2407/3209/2406 2090/2782/2089 2089/2781/2088 2053/2738/2052
f 2408/3210/2407 2406/3208/2405 2089/2781/2088 2409/3211/2408
f 2046/2728/2045 2406/3208/2405 2408/3210/2407 1455/1976/1454
f 2410/3212/2409 2411/3213/2410 2408/3210/2407 2409/3211/2408
f 1451/1977/1450 1455/1976/1454 2408/3210/2407 2411/3213/2410
f 2412/3214/2411 2413/3215/2412 2411/3213/2410 2410/3212/2409
f 1454/3216/1453 1451/1977/1450 2411/3213/2410 2413/3215/2412
f 2414/3217/2413 2415/3218/2414 2413/3215/2412 2412/3214/2411
f 2416/3219/2415 1454/3216/1453 2413/3215/2412 2415/3218/2414
f 1453/3220/1452 1454/3216/1453 2416/3219/2415 2417/3221/2416
f 2055/2742/2054 2058/2745/2057 2416/3219/2415 2415/3218/2414
f 2060/2747/2059 2417/3221/2416 2416/3219/2415 2058/2745/2057
f 2418/3222/2417 1453/3220/1452 2417/3221/2416 2419/3223/2418
f 2420/3224/2419 2419/3223/2418 2417/3221/2416 2060/2747/2059
f 2421/3225/2420 2419/3226/2418 2420/3227/2419 1459/1983/1458
f 2059/3228/2058 2422/3229/2421 2420/3230/2419 2060/3231/2059
f 2052/3232/2051 2423/3233/2422 2422/3229/2421 2059/3228/2058
f 2424/3234/2423 2425/3235/2424 2422/3229/2421 2423/3233/2422
f 1465/1995/1464 1464/1994/1463 2424/3234/2423 2423/3233/2422
f 2426/3236/2425 2427/3237/2426 2424/3234/2423 1464/1994/1463
f 1461/1989/1460 2425/3235/2424 2424/3234/2423 2427/3237/2426
f 2428/3238/2427 2429/3239/2428 2427/3237/2426 2426/3236/2425
f 1460/1986/1459 1461/1989/1460 2427/3237/2426 2429/3239/2428
f 2430/3240/2429 2431/3241/2430 2429/3239/2428 2428/3238/2427
f 2432/3242/2431 1460/1986/1459 2429/3239/2428 2431/3241/2430
f 2433/3243/2432 2434/3244/2433 2432/3245/2431 2431/3246/2430
f 2435/3247/2434 2436/3248/2435 2432/3245/2431 2434/3244/2433
f 1442/1987/1441 1460/1986/1459 2432/3242/2431 2436/3249/2435
f 2437/3250/2436 2438/3251/2437 2436/3248/2435 2435/3247/2434
f 1443/1962/1442 1442/1961/1441 2436/3248/2435 2438/3251/2437
f 1506/2040/1505 1469/3252/1468 2438/3251/2437 2437/3250/2436
f 2439/3253/2438 1443/3254/1442 2438/3255/2437 1469/3256/1468
f 1444/1985/1443 1443/3254/1442 2439/3253/2438 1458/1982/1457
f 987/3257/986 2440/3258/2439 2439/3253/2438 1469/3256/1468
f 2441/3259/2440 2439/3253/2438 2440/3258/2439 2442/3260/2441
f 2443/3261/2442 2444/3262/2443 2440/3258/2439 987/3257/986
f 2445/3263/2444 2442/3260/2441 2440/3258/2439 2444/3262/2443
f 2446/3264/2445 2442/3260/2441 2445/3263/2444 2447/3265/2446
f 2448/3266/2447 2449/3267/2448 2445/3263/2444 2444/3262/2443
f 2450/3268/2449 2447/3265/2446 2445/3263/2444 2449/3267/2448
f 2451/3269/2450 2447/3265/2446 2450/3268/2449 2452/3270/2451
f 2453/3271/2452 2454/3272/2453 2450/3268/2449 2449/3267/2448
f 2455/3273/2454 2452/3270/2451 2450/3268/2449 2454/3272/2453
f 2456/3274/2455 2452/3270/2451 2455/3273/2454 2457/3275/2456
f 2458/3276/2457 2459/3277/2458 2455/3273/2454 2454/3272/2453
f 2460/3278/2459 2457/3275/2456 2455/3273/2454 2459/3277/2458
f 2461/3279/2460 2457/3280/2456 2460/3281/2459 2462/3282/2461
f 2463/3283/2462 2464/3284/2463 2460/3281/2459 2459/3285/2458
f 2465/3286/2464 2462/3282/2461 2460/3281/2459 2464/3284/2463
f 1970/2622/1969 2462/3282/2461 2465/3286/2464 1971/2623/1970
f 2466/3287/2465 2467/3288/2466 2465/3286/2464 2464/3284/2463
f 1956/2603/1955 1971/2623/1970 2465/3286/2464 2467/3288/2466
f 1421/1929/1420 1422/1930/1421 2467/3288/2466 2466/3287/2465
f 1423/1931/1422 1956/2603/1955 2467/3288/2466 1422/1930/1421
f 2463/3283/2462 2468/3289/2467 2466/3287/2465 2464/3284/2463
f 2469/3290/2468 1421/1929/1420 2466/3287/2465 2468/3289/2467
f 2470/3291/2469 2471/3292/2470 2469/3290/2468 2468/3289/2467
f 2472/3293/2471 2473/3294/2472 2469/3290/2468 2471/3292/2470
f 1413/1914/1412 1421/1929/1420 2469/3290/2468 2473/3294/2472
f 2474/3295/2473 2475/3296/2474 2473/3294/2472 2472/3293/2471
f 1414/1915/1413 1413/1914/1412 2473/3294/2472 2475/3296/2474
f 2446/3264/2445 2476/3297/2475 2475/3296/2474 2474/3295/2473
f 1416/1917/1415 1414/1915/1413 2475/3296/2474 2476/3297/2475
f 2447/3265/2446 2451/3269/2450 2476/3297/2475 2446/3264/2445
f 1417/1918/1416 1416/1917/1415 2476/3297/2475 2451/3269/2450
f 2477/3298/2476 2441/3259/2440 2474/3295/2473 2472/3293/2471
f 2442/3260/2441 2446/3264/2445 2474/3295/2473 2441/3259/2440
f 2471/3292/2470 2478/3299/2477 2477/3298/2476 2472/3293/2471
f 1459/1983/1458 1458/1982/1457 2477/3298/2476 2478/3299/2477
f 2439/3253/2438 2441/3259/2440 2477/3298/2476 1458/1982/1457
f 2470/3291/2469 2479/3300/2478 2478/3299/2477 2471/3292/2470
f 2421/3225/2420 1459/1983/1458 2478/3299/2477 2479/3300/2478
f 2480/3301/2479 2481/3302/2480 2479/3300/2478 2470/3291/2469
f 2482/3303/2481 2421/3225/2420 2479/3300/2478 2481/3302/2480
f 2483/3304/2482 2484/3305/2483 2482/3303/2481 2481/3302/2480
f 2485/3306/2484 2418/3307/2417 2482/3303/2481 2484/3305/2483
f 2419/3226/2418 2421/3225/2420 2482/3303/2481 2418/3307/2417
f 2486/3308/2485 2487/3309/2486 2485/3310/2484 2484/3311/2483
f 990/1378/989 1452/1973/1451 2485/3310/2484 2487/3309/2486
f 1453/3220/1452 2418/3222/2417 2485/3312/2484 1452/3313/1451
f 2448/3266/2447 2488/3314/2487 2487/3309/2486 2486/3308/2485
f 988/1375/987 990/1378/989 2487/3309/2486 2488/3314/2487
f 2444/3262/2443 2443/3261/2442 2488/3314/2487 2448/3266/2447
f 2489/3315/2488 988/1375/987 2488/3314/2487 2443/3261/2442
f 987/3257/986 2490/3316/2489 2489/3315/2488 2443/3261/2442
f 2449/3267/2448 2448/3266/2447 2486/3308/2485 2453/3271/2452
f 2483/3317/2482 2453/3271/2452 2486/3308/2485 2484/3311/2483
f 2454/3272/2453 2453/3271/2452 2483/3317/2482 2458/3276/2457
f 2480/3301/2479 2458/3318/2457 2483/3304/2482 2481/3302/2480
f 2459/3285/2458 2458/3318/2457 2480/3301/2479 2463/3283/2462
f 2468/3289/2467 2463/3283/2462 2480/3301/2479 2470/3291/2469
f 1428/1939/1427 1427/1938/1426 2461/3279/2460 2491/3319/2490
f 2456/3320/2455 2457/3280/2456 2461/3279/2460 1427/1938/1426
f 1970/2622/1969 2491/3319/2490 2461/3279/2460 2462/3282/2461
f 1431/1944/1430 1428/1939/1427 2491/3319/2490 2492/3321/2491
f 1973/2625/1972 2492/3321/2491 2491/3319/2490 1970/2622/1969
f 1962/2612/1961 1431/1944/1430 2492/3321/2491 2493/3322/2492
f 1976/3323/1975 2493/3322/2492 2492/3321/2491 1973/2625/1972
f 1960/2608/1959 1962/2611/1961 2493/3324/2492 2494/3325/2493
f 1980/2637/1979 2494/3325/2493 2493/3324/2492 1976/2630/1975
f 2495/3326/2494 1960/2608/1959 2494/3325/2493 2496/3327/2495
f 2497/3328/2496 2496/3327/2495 2494/3325/2493 1980/2637/1979
f 2498/3329/2497 2496/3327/2495 2497/3328/2496 2499/3330/2498
f 1979/2636/1978 2500/3331/2499 2497/3328/2496 1980/2637/1979
f 2501/3332/2500 2499/3330/2498 2497/3328/2496 2500/3331/2499
f 2502/3333/2501 2499/3330/2498 2501/3332/2500 2503/3334/2502
f 2504/3335/2503 2505/3336/2504 2501/3332/2500 2500/3331/2499
f 2506/3337/2505 2503/3334/2502 2501/3332/2500 2505/3336/2504
f 1943/2584/1942 2503/3334/2502 2506/3337/2505 1947/3338/1946
f 2507/3339/2506 2508/3340/2507 2506/3337/2505 2505/3336/2504
f 1950/3341/1949 1947/3338/1946 2506/3337/2505 2508/3340/2507
f 2509/3342/2508 2510/3343/2509 2508/3340/2507 2507/3339/2506
f 2511/3344/2510 1950/3341/1949 2508/3340/2507 2510/3343/2509
f 1936/3345/1935 1950/3346/1949 2511/3347/2510 2512/3348/2511
f 2513/3349/2512 2514/3350/2513 2511/3344/2510 2510/3343/2509
f 2515/3351/2514 2512/3348/2511 2511/3347/2510 2514/3352/2513
f 1945/3353/1944 2512/3348/2511 2515/3351/2514 2516/3354/2515
f 2517/3355/2516 2518/3356/2517 2515/3351/2514 2514/3352/2513
f 2519/3357/2518 2516/3354/2515 2515/3351/2514 2518/3356/2517
f 1927/2565/1926 2516/3354/2515 2519/3357/2518 1929/2567/1928
f 2520/3358/2519 2521/3359/2520 2519/3357/2518 2518/3356/2517
f 2522/3360/2521 1929/2567/1928 2519/3357/2518 2521/3359/2520
f 1930/2568/1929 1929/2567/1928 2522/3360/2521 2523/3361/2522
f 2524/3362/2523 2525/3363/2524 2522/3360/2521 2521/3359/2520
f 1921/3364/1920 2523/3361/2522 2522/3360/2521 2525/3363/2524
f 2520/3365/2519 2526/3366/2525 2524/3367/2523 2521/3368/2520
f 2502/3333/2501 1944/2587/1943 2524/3367/2523 2526/3366/2525
f 1939/3369/1938 2525/3363/2524 2524/3362/2523 1944/3370/1943
f 2527/3371/2526 2498/3329/2497 2526/3366/2525 2520/3365/2519
f 2499/3330/2498 2502/3333/2501 2526/3366/2525 2498/3329/2497
f 2518/3356/2517 2517/3355/2516 2527/3372/2526 2520/3358/2519
f 2528/3373/2527 2495/3326/2494 2527/3371/2526 2517/3374/2516
f 2496/3327/2495 2498/3329/2497 2527/3371/2526 2495/3326/2494
f 2514/3350/2513 2513/3349/2512 2528/3375/2527 2517/3376/2516
f 2529/3377/2528 1961/3378/1960 2528/3375/2527 2513/3349/2512
f 1960/2608/1959 2495/3326/2494 2528/3373/2527 1961/2609/1960
f 2510/3343/2509 2509/3342/2508 2529/3377/2528 2513/3349/2512
f 1951/2595/1950 1952/2596/1951 2529/3377/2528 2509/3342/2508
f 1958/3379/1957 1961/3378/1960 2529/3377/2528 1952/2596/1951
f 1917/2550/1916 1930/2568/1929 2523/3361/2522 1916/2551/1915
f 1913/3380/1912 1916/2551/1915 2523/3361/2522 1921/3364/1920
f 1924/2564/1923 1945/3353/1944 2516/3354/2515 1927/2565/1926
f 1935/3381/1934 1936/3345/1935 2512/3348/2511 1945/3353/1944
f 2530/3382/2529 1951/2595/1950 2509/3342/2508 2507/3339/2506
f 2505/3336/2504 2504/3335/2503 2530/3382/2529 2507/3339/2506
f 1963/2614/1962 1966/2617/1965 2530/3382/2529 2504/3335/2503
f 1436/1953/1435 1951/2595/1950 2530/3382/2529 1966/2617/1965
f 1979/2636/1978 1963/2614/1962 2504/3335/2503 2500/3331/2499
f 1943/2584/1942 1944/2587/1943 2502/3333/2501 2503/3334/2502
f 1409/1908/1408 1417/1918/1416 2456/3274/2455 1427/3383/1426
f 2451/3269/2450 2452/3270/2451 2456/3274/2455 1417/1918/1416
f 1489/2022/1488 1490/2023/1489 2437/3250/2436 2435/3247/2434
f 1491/2024/1490 1506/2040/1505 2437/3250/2436 1490/2023/1489
f 2531/3384/2530 1489/2022/1488 2435/3247/2434 2434/3244/2433
f 1500/3385/1499 2532/3386/2531 2531/3384/2530 2533/3387/2532
f 1488/2021/1487 1489/2022/1488 2531/3384/2530 2532/3386/2531
f 2433/3243/2432 2533/3387/2532 2531/3384/2530 2434/3244/2433
f 1483/3388/1482 1478/3389/1477 2532/3386/2531 1500/3385/1499
f 1477/2018/1476 1488/2021/1487 2532/3386/2531 1478/3389/1477
f 1501/3390/1500 1500/3385/1499 2533/3387/2532 2534/3391/2533
f 2535/3392/2534 2534/3391/2533 2533/3387/2532 2433/3243/2432
f 2536/3393/2535 2534/3391/2533 2535/3392/2534 2537/3394/2536
f 2431/3241/2430 2430/3240/2429 2535/3395/2534 2433/3396/2432
f 2538/3397/2537 2537/3398/2536 2535/3395/2534 2430/3240/2429
f 1473/3399/1472 2537/3394/2536 2538/3400/2537 1474/3401/1473
f 2428/3238/2427 2539/3402/2538 2538/3397/2537 2430/3240/2429
f 2540/3403/2539 1474/2004/1473 2538/3397/2537 2539/3402/2538
f 1471/2001/1470 1474/2004/1473 2540/3403/2539 1462/3404/1461
f 2541/3405/2540 2542/3406/2541 2540/3403/2539 2539/3402/2538
f 1463/3407/1462 1462/3404/1461 2540/3403/2539 2542/3406/2541
f 1467/1997/1466 1439/1956/1438 2542/3406/2541 2541/3405/2540
f 1440/1959/1439 1463/3407/1462 2542/3406/2541 1439/1956/1438
f 2428/3238/2427 2426/3236/2425 2541/3405/2540 2539/3402/2538
f 1464/1994/1463 1467/1997/1466 2541/3405/2540 2426/3236/2425
f 1514/2054/1513 1502/2035/1501 2536/3408/2535 2543/3409/2542
f 1501/3390/1500 2534/3391/2533 2536/3393/2535 1502/3410/1501
f 1473/3399/1472 2543/3411/2542 2536/3393/2535 2537/3394/2536
f 1509/2047/1508 1514/2054/1513 2543/3409/2542 1505/2050/1504
f 1475/3412/1474 1505/2050/1504 2543/3409/2542 1473/3413/1472
f 2049/3414/2048 1465/1995/1464 2423/3233/2422 2052/3232/2051
f 2544/3415/2543 2055/2742/2054 2415/3218/2414 2414/3217/2413
f 2074/2763/2073 2071/2760/2070 2544/3415/2543 2414/3217/2413
f 2070/2759/2069 2545/3416/2544 2544/3415/2543 2071/2760/2070
f 2056/2743/2055 2055/2742/2054 2544/3415/2543 2545/3416/2544
f 2546/3417/2545 2547/3418/2546 2545/3416/2544 2070/2759/2069
f 2548/3419/2547 2056/2743/2055 2545/3416/2544 2547/3418/2546
f 2061/2748/2060 2056/2743/2055 2548/3419/2547 2549/3420/2548
f 2550/3421/2549 2551/3422/2550 2548/3419/2547 2547/3418/2546
f 2552/3423/2551 2549/3420/2548 2548/3419/2547 2551/3422/2550
f 2553/3424/2552 2549/3420/2548 2552/3423/2551 2554/3425/2553
f 2045/2726/2044 2555/3426/2554 2552/3423/2551 2551/3422/2550
f 1712/2285/1711 2554/3425/2553 2552/3423/2551 2555/3426/2554
f 1709/2727/1708 2556/3427/2555 2555/3426/2554 2045/2726/2044
f 1696/2286/1695 1712/2285/1711 2555/3426/2554 2556/3427/2555
f 1708/2279/1707 2557/3428/2556 2556/3429/2555 1709/2280/1708
f 1697/2265/1696 1696/2264/1695 2556/3429/2555 2557/3428/2556
f 2558/3430/2557 2559/3431/2558 2557/3428/2556 1708/2279/1707
f 1701/2271/1700 1697/2265/1696 2557/3428/2556 2559/3431/2558
f 2560/3432/2559 2561/3433/2560 2559/3431/2558 2558/3430/2557
f 2562/3434/2561 1701/2271/1700 2559/3431/2558 2561/3433/2560
f 1700/2270/1699 1701/2271/1700 2562/3434/2561 2563/3435/2562
f 2564/3436/2563 2565/3437/2564 2562/3434/2561 2561/3433/2560
f 2566/3438/2565 2563/3435/2562 2562/3434/2561 2565/3437/2564
f 2567/3439/2566 2563/3435/2562 2566/3438/2565 2568/3440/2567
f 2569/3441/2568 2570/3442/2569 2571/3443/2570 2572/3444/2571
f 2567/3439/2566 2568/3440/2567 2571/3443/2570 2570/3442/2569
f 1723/2304/1722 1720/2298/1719 2570/3442/2569 2569/3441/2568
f 1698/2268/1697 2567/3439/2566 2570/3442/2569 1720/2298/1719
f 2573/3445/2572 1723/2304/1722 2569/3441/2568 2574/3446/2573
f 2575/3447/2574 2574/3446/2573 2569/3441/2568 2572/3444/2571
f 2576/3448/2575 2574/3446/2573 2575/3447/2574 2577/3449/2576
f 2561/3433/2560 2560/3432/2559 2578/3450/2577 2564/3436/2563
f 1725/2307/1724 1724/2306/1723 2578/3450/2577 2560/3432/2559
f 1745/2330/1744 2579/3451/2578 2576/3452/2575 1739/2331/1738
f 2573/3445/2572 2574/3446/2573 2576/3448/2575 2579/3453/2578
f 1738/3454/1737 1739/3455/1738 2576/3448/2575 2577/3449/2576
f 2580/3456/2579 2581/3457/2580 2579/3451/2578 1745/2330/1744
f 2582/3458/2581 2573/3459/2572 2579/3451/2578 2581/3457/2580
f 2583/3460/2582 2584/3461/2583 2582/3458/2581 2581/3457/2580
f 1721/2300/1720 1722/2303/1721 2582/3458/2581 2584/3461/2583
f 1723/2304/1722 2573/3445/2572 2582/3462/2581 1722/2305/1721
f 2585/3463/2584 2586/3464/2585 2584/3461/2583 2583/3460/2582
f 2041/2719/2040 1721/2300/1720 2584/3461/2583 2586/3464/2585
f 2587/3465/2586 2588/3466/2587 2586/3464/2585 2585/3463/2584
f 2589/3467/2588 2041/2719/2040 2586/3464/2585 2588/3466/2587
f 2590/3468/2589 2591/3469/2590 2589/3467/2588 2588/3466/2587
f 2592/3470/2591 2593/3471/2592 2589/3467/2588 2591/3469/2590
f 2040/2718/2039 2041/2719/2040 2589/3467/2588 2593/3471/2592
f 2594/3472/2593 2595/3473/2594 2593/3471/2592 2592/3470/2591
f 1714/2289/1713 2040/2718/2039 2593/3471/2592 2595/3473/2594
f 2596/3474/2595 2597/3475/2596 2595/3473/2594 2594/3472/2593
f 1713/2290/1712 1714/2289/1713 2595/3473/2594 2597/3475/2596
f 2553/3424/2552 2554/3425/2553 2597/3476/2596 2596/3477/2595
f 1712/2285/1711 1713/2288/1712 2597/3476/2596 2554/3425/2553
f 2047/2730/2046 2050/2733/2049 2596/3474/2595 2594/3472/2593
f 2051/2734/2050 2553/3424/2552 2596/3477/2595 2050/2735/2049
f 2598/3478/2597 2047/2730/2046 2594/3472/2593 2592/3470/2591
f 2063/2756/2062 2599/3479/2598 2598/3478/2597 2066/2753/2065
f 2048/2731/2047 2047/2730/2046 2598/3478/2597 2599/3479/2598
f 2591/3469/2590 2066/2753/2065 2598/3478/2597 2592/3470/2591
f 2062/2749/2061 2407/3209/2406 2599/3480/2598 2063/2750/2062
f 2053/2738/2052 2048/2741/2047 2599/3480/2598 2407/3209/2406
f 2067/2754/2066 2066/2753/2065 2591/3469/2590 2590/3468/2589
f 2079/2768/2078 2067/2754/2066 2590/3468/2589 2600/3481/2599
f 2587/3465/2586 2600/3481/2599 2590/3468/2589 2588/3466/2587
f 2073/2769/2072 2079/2768/2078 2600/3481/2599 2601/3482/2600
f 2602/3483/2601 2601/3482/2600 2600/3481/2599 2587/3465/2586
f 2546/3417/2545 2601/3484/2600 2602/3485/2601 2603/3486/2602
f 2585/3463/2584 2043/2723/2042 2602/3483/2601 2587/3465/2586
f 2038/2713/2037 2603/3486/2602 2602/3485/2601 2043/3487/2042
f 2547/3418/2546 2546/3417/2545 2603/3486/2602 2550/3421/2549
f 2037/2712/2036 2550/3421/2549 2603/3486/2602 2038/2713/2037
f 2070/2759/2069 2073/2762/2072 2601/3484/2600 2546/3417/2545
f 2044/2724/2043 2043/2723/2042 2585/3463/2584 2583/3460/2582
f 2580/3456/2579 2044/2724/2043 2583/3460/2582 2581/3457/2580
f 2039/2721/2038 2044/2724/2043 2580/3456/2579 2042/2722/2041
f 1746/2333/1745 2042/2722/2041 2580/3456/2579 1745/2330/1744
f 1700/2270/1699 2563/3435/2562 2567/3439/2566 1698/2268/1697
f 1740/2324/1739 1725/2307/1724 2560/3432/2559 2558/3430/2557
f 2604/3488/2603 1740/2324/1739 2558/3430/2557 1708/2279/1707
f 2061/2748/2060 2549/3420/2548 2553/3424/2552 2051/2734/2050
f 2037/2712/2036 2045/2726/2044 2551/3422/2550 2550/3421/2549
f 2081/2773/2080 2074/2763/2073 2414/3217/2413 2412/3214/2411
f 2605/3489/2604 2081/2773/2080 2412/3214/2411 2410/3212/2409
f 2088/2780/2087 2605/3489/2604 2410/3212/2409 2409/3211/2408
f 1468/2729/1467 2054/2739/2053 2406/3208/2405 2046/2728/2045
f 2093/2785/2092 2605/3489/2604 2088/2780/2087 2087/2779/2086
f 2064/2755/2063 2067/2754/2066 2079/2768/2078 2077/2771/2076
f 2069/3200/2068 2064/3490/2063 2077/2766/2076 2076/2765/2075
f 2051/2734/2050 2052/2737/2051 2059/2746/2058 2061/2748/2060
f 1465/3491/1464 2049/2740/2048 2054/2739/2053 1468/2729/1467
f 983/1368/982 982/1367/981 2046/2728/2045 1455/1976/1454
f 1742/2326/1741 1703/2274/1702 2042/2722/2041 1746/2333/1745
f 2031/2705/2030 2032/2704/2031 2036/2711/2035 1715/3492/1714
f 2033/2707/2032 2027/2697/2026 2035/2710/2034 2032/2704/2031
f 2029/2699/2028 2030/2702/2029 2035/2710/2034 2027/2697/2026
f 2026/3493/2025 2606/3494/2605 2033/2707/2032 2025/2706/2024
f 2028/2698/2027 2027/2697/2026 2033/2707/2032 2606/3494/2605
f 2607/3495/2606 2608/3496/2607 2606/3494/2605 2026/3493/2025
f 2609/3497/2608 2028/2698/2027 2606/3494/2605 2608/3496/2607
f 2610/3498/2609 2611/3499/2610 2609/3497/2608 2608/3496/2607
f 2612/3500/2611 1395/1894/1394 2609/3497/2608 2611/3499/2610
f 1396/1895/1395 2028/2698/2027 2609/3497/2608 1395/1894/1394
f 2613/3501/2612 2614/3502/2613 2612/3500/2611 2611/3499/2610
f 2615/3503/2614 2616/3504/2615 2612/3500/2611 2614/3502/2613
f 1394/1893/1393 1395/1894/1394 2612/3500/2611 2616/3504/2615
f 2617/3505/2616 2618/3506/2617 2616/3504/2615 2615/3503/2614
f 1393/1892/1392 1394/1893/1393 2616/3504/2615 2618/3506/2617
f 2619/3507/2618 2620/3508/2619 2618/3506/2617 2617/3505/2616
f 2621/3509/2620 1393/1892/1392 2618/3506/2617 2620/3508/2619
f 2622/3510/2621 2607/3511/2606 2621/3509/2620 2620/3508/2619
f 2026/2696/2025 1379/1873/1378 2621/3509/2620 2607/3511/2606
f 1382/1876/1381 1393/1892/1392 2621/3509/2620 1379/1873/1378
f 2619/3507/2618 2623/3512/2622 2622/3510/2621 2620/3508/2619
f 2624/3513/2623 2610/3498/2609 2622/3514/2621 2623/3515/2622
f 2608/3496/2607 2607/3495/2606 2622/3514/2621 2610/3498/2609
f 2625/3516/2624 2626/3517/2625 2624/3513/2623 2623/3515/2622
f 2627/3518/2626 2613/3501/2612 2624/3513/2623 2626/3517/2625
f 2611/3499/2610 2610/3498/2609 2624/3513/2623 2613/3501/2612
f 2628/3519/2627 2629/3520/2628 2627/3518/2626 2626/3517/2625
f 2630/3521/2629 2631/3522/2630 2627/3518/2626 2629/3520/2628
f 2614/3502/2613 2613/3501/2612 2627/3518/2626 2631/3522/2630
f 2632/3523/2631 2633/3524/2632 2631/3522/2630 2630/3521/2629
f 2615/3503/2614 2614/3502/2613 2631/3522/2630 2633/3524/2632
f 2634/3525/2633 2635/3526/2634 2633/3524/2632 2632/3523/2631
f 2617/3505/2616 2615/3503/2614 2633/3524/2632 2635/3526/2634
f 2636/3527/2635 2637/3528/2636 2635/3526/2634 2634/3525/2633
f 2619/3507/2618 2617/3505/2616 2635/3526/2634 2637/3528/2636
f 2638/3529/2637 2625/3530/2624 2637/3528/2636 2636/3527/2635
f 2623/3512/2622 2619/3507/2618 2637/3528/2636 2625/3530/2624
f 2639/3531/2638 2640/3532/2639 2638/3529/2637 2636/3527/2635
f 2641/3533/2640 2628/3519/2627 2638/3534/2637 2640/3535/2639
f 2626/3517/2625 2625/3516/2624 2638/3534/2637 2628/3519/2627
f 2642/3536/2641 2643/3537/2642 2641/3533/2640 2640/3535/2639
f 2644/3538/2643 2645/3539/2644 2641/3533/2640 2643/3537/2642
f 2629/3520/2628 2628/3519/2627 2641/3533/2640 2645/3539/2644
f 2021/2688/2020 2646/3540/2645 2645/3539/2644 2644/3538/2643
f 2630/3521/2629 2629/3520/2628 2645/3539/2644 2646/3540/2645
f 2019/2683/2018 2647/3541/2646 2646/3540/2645 2021/2688/2020
f 2632/3523/2631 2630/3521/2629 2646/3540/2645 2647/3541/2646
f 2018/2682/2017 2648/3542/2647 2647/3541/2646 2019/2683/2018
f 2634/3525/2633 2632/3523/2631 2647/3541/2646 2648/3542/2647
f 2649/3543/2648 2639/3531/2638 2648/3542/2647 2018/2682/2017
f 2636/3527/2635 2634/3525/2633 2648/3542/2647 2639/3531/2638
f 2008/2669/2007 2650/3544/2649 2649/3545/2648 2018/3546/2017
f 2651/3547/2650 2642/3548/2641 2649/3545/2648 2650/3544/2649
f 2640/3532/2639 2639/3531/2638 2649/3543/2648 2642/3549/2641
f 2652/3550/2651 2653/3551/2652 2651/3547/2650 2650/3544/2649
f 2654/3552/2653 2655/3553/2654 2651/3547/2650 2653/3551/2652
f 2643/3537/2642 2642/3536/2641 2651/3554/2650 2655/3555/2654
f 2015/2678/2014 2022/2690/2021 2655/3553/2654 2654/3552/2653
f 2644/3538/2643 2643/3537/2642 2655/3555/2654 2022/3556/2021
f 2656/3557/2655 2657/3558/2656 2654/3552/2653 2653/3551/2652
f 2016/2679/2015 2015/2678/2014 2654/3552/2653 2657/3558/2656
f 2658/3559/2657 2659/3560/2658 2657/3558/2656 2656/3557/2655
f 2660/3561/2659 2016/2679/2015 2657/3558/2656 2659/3560/2658
f 2661/3562/2660 2662/3563/2661 2660/3564/2659 2659/3565/2658
f 2663/3566/2662 2014/2677/2013 2660/3564/2659 2662/3563/2661
f 2013/2680/2012 2016/2679/2015 2660/3561/2659 2014/3567/2013
f 2664/3568/2663 2665/3569/2664 2663/3570/2662 2662/3571/2661
f 2666/3572/2665 2667/3573/2666 2663/3570/2662 2665/3569/2664
f 2010/2673/2009 2014/2677/2013 2663/3566/2662 2667/3574/2666
f 2668/3575/2667 2669/3576/2668 2667/3573/2666 2666/3572/2665
f 2009/2671/2008 2010/2673/2009 2667/3574/2666 2669/3577/2668
f 2670/3578/2669 2671/3579/2670 2669/3577/2668 2668/3580/2667
f 2007/2668/2006 2009/2671/2008 2669/3577/2668 2671/3579/2670
f 2672/3581/2671 2673/3582/2672 2671/3579/2670 2670/3578/2669
f 2005/2665/2004 2007/2668/2006 2671/3579/2670 2673/3582/2672
f 2674/3583/2673 2675/3584/2674 2673/3582/2672 2672/3581/2671
f 2676/3585/2675 2005/2665/2004 2673/3582/2672 2675/3584/2674
f 2658/3559/2657 2656/3557/2655 2676/3585/2675 2675/3584/2674
f 2653/3551/2652 2652/3550/2651 2676/3585/2675 2656/3557/2655
f 2006/2666/2005 2005/2665/2004 2676/3585/2675 2652/3550/2651
f 2677/3586/2676 2658/3559/2657 2675/3584/2674 2674/3583/2673
f 1819/3587/1818 1811/3588/1810 2677/3586/2676 2674/3583/2673
f 1813/2425/1812 2661/3589/2660 2677/3590/2676 1811/2423/1810
f 2659/3560/2658 2658/3559/2657 2677/3586/2676 2661/3591/2660
f 1815/2429/1814 1819/2434/1818 2674/3592/2673 2672/3593/2671
f 1814/2426/1813 1815/2429/1814 2672/3593/2671 2670/3594/2669
f 1820/2436/1819 1814/2426/1813 2670/3594/2669 2668/3575/2667
f 2678/3595/2677 1820/2436/1819 2668/3575/2667 2666/3572/2665
f 2679/3596/2678 2680/3597/2679 2678/3595/2677 2681/3598/2680
f 1821/2437/1820 1820/2436/1819 2678/3595/2677 2680/3597/2679
f 2665/3569/2664 2681/3598/2680 2678/3595/2677 2666/3572/2665
f 2682/3599/2681 2683/3600/2682 2680/3597/2679 2679/3596/2678
f 1794/2401/1793 1821/2437/1820 2680/3597/2679 2683/3600/2682
f 1786/2391/1785 1785/2390/1784 2683/3600/2682 2682/3599/2681
f 1795/2402/1794 1794/2401/1793 2683/3600/2682 1785/2390/1784
f 1791/2396/1790 1786/2391/1785 2682/3599/2681 2684/3601/2683
f 2685/3602/2684 2684/3601/2683 2682/3599/2681 2679/3596/2678
f 1799/2409/1798 2684/3603/2683 2685/3604/2684 1800/2410/1799
f 2681/3598/2680 2686/3605/2685 2685/3602/2684 2679/3596/2678
f 1803/2413/1802 1800/2416/1799 2685/3606/2684 2686/3607/2685
f 2665/3569/2664 2664/3568/2663 2686/3605/2685 2681/3598/2680
f 1813/2425/1812 1803/2413/1802 2686/3607/2685 2664/3608/2663
f 1798/2406/1797 1791/3609/1790 2684/3603/2683 1799/2409/1798
f 2661/3610/2660 1813/3611/1812 2664/3568/2663 2662/3571/2661
f 2008/2669/2007 2006/2666/2005 2652/3550/2651 2650/3544/2649
f 2020/2689/2019 2021/2688/2020 2644/3538/2643 2022/3556/2021
f 1715/3612/1714 1707/2708/1706 2030/2702/2029 2031/2703/2030
f 1385/1882/1384 1390/1891/1389 2024/3613/2023 1384/3614/1383
f 1988/2647/1987 2004/2664/2003 2012/2675/2011 1991/2947/1990
f 1993/2653/1992 1997/2657/1996 2011/2948/2010 1998/2658/1997
f 1987/2646/1986 2001/2661/2000 2004/2664/2003 1988/2647/1987
f 1987/2646/1986 1993/2653/1992 1998/2658/1997 2001/2661/2000
f 1969/2621/1968 1965/2620/1964 1994/2654/1993 1992/2652/1991
f 1967/2618/1966 1969/2621/1968 1992/2652/1991 1982/2639/1981
f 1974/2626/1973 1984/2643/1983 1985/2642/1984 1975/2627/1974
f 1956/2603/1955 1955/2602/1954 1972/2624/1971 1971/2623/1970
f 2687/3615/2686 2688/3616/2687 2689/3617/2688 2690/3618/2689
f 2691/3619/2690 2692/3620/2691 2689/3617/2688 2688/3616/2687
f 2693/3621/2692 2694/3622/2693 2691/3619/2690 2688/3616/2687
f 2695/3623/2694 2696/3624/2695 2691/3619/2690 2694/3622/2693
f 2697/3625/2696 2692/3620/2691 2691/3619/2690 2696/3624/2695
f 2698/3626/2697 2699/3627/2698 2697/3625/2696 2696/3624/2695
f 2700/3628/2699 2701/3629/2700 2702/3630/2701 2703/3631/2702
f 2704/3632/2703 2705/3633/2704 2702/3630/2701 2701/3629/2700
f 2706/3634/2705 2707/3635/2706 2704/3632/2703 2701/3629/2700
f 2708/3636/2707 2709/3637/2708 2704/3638/2703 2707/3639/2706
f 2710/3640/2709 2705/3641/2704 2704/3638/2703 2709/3637/2708
f 2711/3642/2710 2712/3643/2711 2710/3640/2709 2709/3637/2708
f 2708/3636/2707 2713/3644/2712 2711/3642/2710 2709/3637/2708
f 2714/3645/2713 2687/3615/2686 2711/3642/2710 2713/3644/2712
f 2690/3618/2689 2712/3643/2711 2711/3642/2710 2687/3615/2686
f 1366/1860/1365 1364/1858/1363 2714/3645/2713 2713/3644/2712
f 1365/1859/1364 2693/3621/2692 2714/3645/2713 1364/1858/1363
f 2688/3616/2687 2687/3615/2686 2714/3645/2713 2693/3621/2692
f 2715/3646/2714 1366/1860/1365 2713/3644/2712 2708/3636/2707
f 2716/3647/2715 2717/3648/2716 2715/3646/2714 2718/3649/2717
f 1149/1578/1148 1366/1860/1365 2715/3646/2714 2717/3648/2716
f 2707/3639/2706 2718/3649/2717 2715/3646/2714 2708/3636/2707
f 2719/3650/2718 2720/3651/2719 2717/3648/2716 2716/3647/2715
f 1146/1575/1145 1149/1578/1148 2717/3648/2716 2720/3651/2719
f 2721/3652/2720 2722/3653/2721 2720/3651/2719 2719/3650/2718
f 2723/3654/2722 1146/1575/1145 2720/3651/2719 2722/3653/2721
f 1435/3655/1434 2724/3656/2723 2723/3654/2722 2722/3653/2721
f 2725/3657/2724 2726/3658/2725 2723/3654/2722 2724/3656/2723
f 1147/1576/1146 1146/1575/1145 2723/3654/2722 2726/3658/2725
f 1957/2604/1956 1363/1857/1362 2726/3658/2725 2725/3657/2724
f 1362/1856/1361 1147/1576/1146 2726/3658/2725 1363/1857/1362
f 1017/3659/1016 1435/3655/1434 2722/3653/2721 2721/3652/2720
f 2727/3660/2726 2721/3661/2720 2719/3662/2718 1140/1569/1139
f 1137/1566/1136 1140/1569/1139 2719/3662/2718 2716/3663/2715
f 1143/1572/1142 1137/1566/1136 2716/3663/2715 2718/3664/2717
f 2706/3634/2705 1143/1572/1142 2718/3664/2717 2707/3635/2706
f 1144/1573/1143 1143/1572/1142 2706/3634/2705 2728/3665/2727
f 2700/3628/2699 2728/3665/2727 2706/3634/2705 2701/3629/2700
f 1145/1574/1144 1144/1573/1143 2728/3665/2727 2729/3666/2728
f 2698/3626/2697 2729/3666/2728 2728/3665/2727 2700/3628/2699
f 1359/1853/1358 1145/1574/1144 2729/3666/2728 2695/3623/2694
f 2696/3624/2695 2695/3623/2694 2729/3666/2728 2698/3626/2697
f 2699/3627/2698 2698/3626/2697 2700/3628/2699 2703/3631/2702
f 2730/3667/2729 1359/1853/1358 2695/3623/2694 2694/3622/2693
f 1362/1856/1361 1361/1855/1360 2730/3667/2729 1365/1859/1364
f 1358/1852/1357 1359/1853/1358 2730/3667/2729 1361/1855/1360
f 2693/3621/2692 1365/1859/1364 2730/3667/2729 2694/3622/2693
f 1435/1952/1434 1436/1953/1435 1968/3668/1967 2724/3669/2723
f 1966/2617/1965 1965/2616/1964 1968/3668/1967 1436/1953/1435
f 1360/1854/1359 1363/1857/1362 1957/2604/1956 1434/1950/1433
f 1139/1568/1138 1953/2598/1952 2727/3660/2726 1140/1569/1139
f 1142/1571/1141 1432/1946/1431 1953/2598/1952 1139/1568/1138
f 1942/2585/1941 1943/2584/1942 1947/3338/1946 1946/3670/1945
f 2731/3671/2730 2732/3672/2731 1946/2589/1945 1949/2592/1948
f 1941/2582/1940 1942/2583/1941 1946/3673/1945 2732/3674/2731
f 2733/3675/2732 2734/3676/2733 2732/3672/2731 2731/3671/2730
f 2735/3677/2734 1941/2582/1940 2732/3674/2731 2734/3678/2733
f 2736/3679/2735 2737/3680/2736 2735/3677/2734 2734/3678/2733
f 2738/3681/2737 2739/3682/2738 2735/3677/2734 2737/3680/2736
f 1940/2581/1939 1941/2582/1940 2735/3677/2734 2739/3682/2738
f 2740/3683/2739 2741/3684/2740 2739/3682/2738 2738/3681/2737
f 1937/2578/1936 1940/2581/1939 2739/3682/2738 2741/3684/2740
f 2742/3685/2741 2743/3686/2742 2741/3684/2740 2740/3683/2739
f 1931/2569/1930 1937/2578/1936 2741/3684/2740 2743/3686/2742
f 2744/3687/2743 2745/3688/2744 2743/3686/2742 2742/3685/2741
f 1932/2570/1931 1931/2569/1930 2743/3686/2742 2745/3688/2744
f 2746/3689/2745 2733/3675/2732 2745/3688/2744 2744/3687/2743
f 2731/3671/2730 1932/2570/1931 2745/3688/2744 2733/3675/2732
f 2747/3690/2746 2748/3691/2747 2746/3689/2745 2744/3687/2743
f 2749/3692/2748 2736/3693/2735 2746/3689/2745 2748/3691/2747
f 2734/3676/2733 2733/3675/2732 2746/3689/2745 2736/3693/2735
f 1905/2537/1904 1904/2536/1903 2749/3692/2748 2748/3691/2747
f 1911/2543/1910 1910/2542/1909 2749/3694/2748 1904/3695/1903
f 2737/3680/2736 2736/3679/2735 2749/3694/2748 1910/2542/1909
f 1903/2535/1902 1905/2537/1904 2748/3691/2747 2747/3690/2746
f 1902/2534/1901 1903/2535/1902 2747/3690/2746 2750/3696/2749
f 2742/3685/2741 2750/3696/2749 2747/3690/2746 2744/3687/2743
f 1900/2532/1899 1902/2534/1901 2750/3696/2749 1909/2541/1908
f 2740/3683/2739 1909/2541/1908 2750/3696/2749 2742/3685/2741
f 1907/2539/1906 1909/2541/1908 2740/3683/2739 2738/3681/2737
f 1910/2542/1909 1907/2539/1906 2738/3681/2737 2737/3680/2736
f 1933/2571/1932 1932/2570/1931 2731/3671/2730 1949/2592/1948
f 1931/2569/1930 1934/2572/1933 1938/2579/1937 1937/2578/1936
f 1921/3364/1920 2525/3363/2524 1939/3369/1938 1922/3697/1921
f 1914/2547/1913 1924/2561/1923 1920/3698/1919 1919/2554/1918
f 1887/2519/1886 1908/2540/1907 1911/2543/1910 1888/2520/1887
f 1886/2518/1885 1900/2532/1899 1908/2540/1907 1887/2519/1886
f 914/3699/913 1871/2503/1870 1874/2502/1873 2314/3091/2313
f 914/1283/913 922/1294/921 1868/2494/1867 1871/2497/1870
f 2751/3700/2750 2752/3701/2751 1867/3702/1866 2753/3703/2752
f 2754/3704/2753 971/3705/970 1867/3702/1866 2752/3701/2751
f 2755/3706/2754 2753/3703/2752 1867/3702/1866 1865/3707/1864
f 2756/3708/2755 2753/3703/2752 2755/3706/2754 2757/3709/2756
f 2756/3708/2755 2757/3709/2756 2758/3710/2757 2759/3711/2758
f 2760/3712/2759 2761/3713/2760 2759/3711/2758 2762/3714/2761
f 2763/3715/2762 2756/3708/2755 2759/3711/2758 2761/3713/2760
f 964/1346/963 965/1347/964 2763/3715/2762 2761/3713/2760
f 963/1345/962 2751/3700/2750 2763/3715/2762 965/1347/964
f 2753/3703/2752 2756/3708/2755 2763/3715/2762 2751/3700/2750
f 956/3716/955 964/1346/963 2761/3713/2760 2760/3712/2759
f 2764/3717/2763 2765/3718/2764 2760/3712/2759 2762/3714/2761
f 952/3719/951 956/3716/955 2760/3712/2759 2765/3718/2764
f 2766/3720/2765 2767/3721/2766 2765/3722/2764 2764/3723/2763
f 953/1332/952 952/1331/951 2765/3722/2764 2767/3721/2766
f 2768/3724/2767 2769/3725/2768 2767/3721/2766 2766/3720/2765
f 954/1334/953 953/1332/952 2767/3721/2766 2769/3725/2768
f 2770/3726/2769 2771/3727/2770 2769/3725/2768 2768/3724/2767
f 2772/3728/2771 954/1334/953 2769/3725/2768 2771/3727/2770
f 947/1325/946 954/1334/953 2772/3728/2771 2773/3729/2772
f 2774/3730/2773 2775/3731/2774 2772/3732/2771 2771/3733/2770
f 2776/3734/2775 2773/3729/2772 2772/3728/2771 2775/3735/2774
f 2777/3736/2776 2773/3729/2772 2776/3734/2775 2778/3737/2777
f 2779/3738/2778 2780/3739/2779 2776/3740/2775 2775/3731/2774
f 2781/3741/2780 2778/3742/2777 2776/3740/2775 2780/3739/2779
f 2782/3743/2781 2778/3742/2777 2781/3741/2780 2783/3744/2782
f 2784/3745/2783 2785/3746/2784 2781/3741/2780 2780/3739/2779
f 2786/3747/2785 2783/3744/2782 2781/3741/2780 2785/3746/2784
f 2787/3748/2786 2783/3744/2782 2786/3747/2785 2788/3749/2787
f 2789/3750/2788 2790/3751/2789 2786/3747/2785 2785/3746/2784
f 2791/3752/2790 2788/3749/2787 2786/3747/2785 2790/3751/2789
f 2792/3753/2791 2793/3754/2792 2791/3752/2790 2790/3751/2789
f 2794/3755/2793 2795/3756/2794 2791/3752/2790 2793/3754/2792
f 2796/3757/2795 2788/3749/2787 2791/3752/2790 2795/3756/2794
f 2797/3758/2796 2798/3759/2797 2796/3757/2795 2795/3756/2794
f 967/1349/966 966/1348/965 2796/3757/2795 2798/3759/2797
f 2787/3748/2786 2788/3749/2787 2796/3757/2795 966/1348/965
f 1753/2342/1752 1751/2340/1750 2798/3759/2797 2797/3758/2796
f 968/1350/967 967/1349/966 2798/3759/2797 1751/2340/1750
f 2794/3755/2793 2799/3760/2798 2797/3758/2796 2795/3756/2794
f 1769/2366/1768 1753/2342/1752 2797/3758/2796 2799/3760/2798
f 2800/3761/2799 1759/2352/1758 2799/3760/2798 2794/3755/2793
f 1762/2355/1761 1769/2366/1768 2799/3760/2798 1759/2352/1758
f 2801/3762/2800 2802/3763/2801 2800/3761/2799 2803/3764/2802
f 1760/2353/1759 1759/2352/1758 2800/3761/2799 2802/3763/2801
f 2793/3754/2792 2803/3764/2802 2800/3761/2799 2794/3755/2793
f 2779/3738/2778 2804/3765/2803 2802/3763/2801 2801/3762/2800
f 1763/2356/1762 1760/2353/1759 2802/3763/2801 2804/3765/2803
f 2775/3731/2774 2774/3730/2773 2804/3765/2803 2779/3738/2778
f 2805/3766/2804 1763/2356/1762 2804/3765/2803 2774/3730/2773
f 2771/3733/2770 2770/3767/2769 2805/3766/2804 2774/3730/2773
f 2806/3768/2805 2807/3769/2806 2805/3766/2804 2770/3767/2769
f 1764/2357/1763 1763/2356/1762 2805/3766/2804 2807/3769/2806
f 2808/3770/2807 2809/3771/2808 2807/3769/2806 2806/3768/2805
f 1765/2358/1764 1764/2361/1763 2807/3772/2806 2809/3773/2808
f 2810/3774/2809 2811/3775/2810 2812/3776/2811 2813/3777/2812
f 2806/3768/2805 2813/3778/2812 2812/3779/2811 2808/3770/2807
f 2766/3720/2765 2810/3774/2809 2813/3777/2812 2768/3724/2767
f 2770/3726/2769 2768/3724/2767 2813/3777/2812 2806/3780/2805
f 2780/3739/2779 2779/3738/2778 2801/3762/2800 2784/3745/2783
f 2814/3781/2813 2784/3745/2783 2801/3762/2800 2803/3764/2802
f 2792/3753/2791 2814/3781/2813 2803/3764/2802 2793/3754/2792
f 944/1320/943 943/1319/942 2787/3748/2786 966/1348/965
f 2782/3743/2781 2783/3744/2782 2787/3748/2786 943/1319/942
f 2814/3781/2813 2789/3750/2788 2785/3746/2784 2784/3745/2783
f 945/1323/944 2815/3782/2814 2782/3783/2781 943/3784/942
f 2777/3785/2776 2778/3742/2777 2782/3743/2781 2815/3786/2814
f 946/1322/945 950/1329/949 2815/3782/2814 945/1323/944
f 948/1326/947 2777/3736/2776 2815/3782/2814 950/1329/949
f 947/1325/946 2773/3729/2772 2777/3736/2776 948/1326/947
f 2816/3787/2815 2810/3774/2809 2766/3720/2765 2764/3723/2763
f 2817/3788/2816 2816/3789/2815 2764/3717/2763 2762/3714/2761
f 961/1343/960 942/1318/941 2754/3704/2753 2752/3701/2751
f 939/1313/938 938/1312/937 2754/3790/2753 942/3791/941
f 955/1335/954 971/1353/970 2754/3790/2753 938/1312/937
f 963/1345/962 961/1343/960 2752/3701/2751 2751/3700/2750
f 1848/2469/1847 1824/2440/1823 1863/3792/1862 1849/2470/1848
f 2818/3793/2817 1849/2470/1848 1863/3792/1862 1862/3794/1861
f 1854/2476/1853 1857/2479/1856 1861/2486/1860 2819/3795/2818
f 1853/2474/1852 2819/3795/2818 1861/2486/1860 1825/2475/1824
f 2820/3796/2819 1854/2476/1853 2819/3795/2818 2821/3797/2820
f 2822/3798/2821 2821/3797/2820 2819/3795/2818 1853/2474/1852
f 2823/3799/2822 2821/3797/2820 2822/3798/2821 2824/3800/2823
f 1778/2376/1777 2825/3801/2824 2822/3798/2821 1853/2474/1852
f 2826/3802/2825 2824/3800/2823 2822/3798/2821 2825/3801/2824
f 2827/3803/2826 2824/3800/2823 2826/3802/2825 2828/3804/2827
f 2829/3805/2828 2830/3806/2829 2826/3802/2825 2825/3801/2824
f 2831/3807/2830 2828/3808/2827 2826/3809/2825 2830/3810/2829
f 1773/2370/1772 2828/3808/2827 2831/3807/2830 1772/2369/1771
f 2832/3811/2831 2833/3812/2832 2831/3807/2830 2830/3810/2829
f 1771/2368/1770 1772/2369/1771 2831/3807/2830 2833/3812/2832
f 2834/3813/2833 2835/3814/2834 2833/3812/2832 2832/3811/2831
f 2836/3815/2835 1771/2368/1770 2833/3812/2832 2835/3814/2834
f 1755/2344/1754 1771/2368/1770 2836/3815/2835 2837/3816/2836
f 2838/3817/2837 2839/3818/2838 2836/3815/2835 2835/3814/2834
f 1758/3819/1757 2837/3816/2836 2836/3815/2835 2839/3818/2838
f 2834/3813/2833 2840/3820/2839 2838/3817/2837 2835/3814/2834
f 2841/3821/2840 2842/3822/2841 2838/3823/2837 2840/3824/2839
f 1768/2365/1767 2839/3825/2838 2838/3823/2837 2842/3822/2841
f 2827/3826/2826 2843/3827/2842 2842/3822/2841 2841/3821/2840
f 1767/2362/1766 1768/2365/1767 2842/3822/2841 2843/3827/2842
f 2828/3808/2827 1773/2370/1772 2843/3827/2842 2827/3826/2826
f 1770/2371/1769 1767/2362/1766 2843/3827/2842 1773/2370/1772
f 2844/3828/2843 2823/3799/2822 2841/3829/2840 2840/3830/2839
f 2824/3800/2823 2827/3803/2826 2841/3829/2840 2823/3799/2822
f 2834/3831/2833 2845/3832/2844 2844/3828/2843 2840/3830/2839
f 2846/3833/2845 2820/3796/2819 2844/3828/2843 2845/3832/2844
f 2821/3797/2820 2823/3799/2822 2844/3828/2843 2820/3796/2819
f 2847/3834/2846 1774/2372/1773 2846/3833/2845 2845/3832/2844
f 1777/2375/1776 1855/2477/1854 2846/3833/2845 1774/2372/1773
f 1854/2476/1853 2820/3796/2819 2846/3833/2845 1855/2477/1854
f 2830/3835/2829 2829/3836/2828 2847/3834/2846 2832/3837/2831
f 1775/2373/1774 1774/2372/1773 2847/3834/2846 2829/3836/2828
f 2834/3831/2833 2832/3837/2831 2847/3834/2846 2845/3832/2844
f 1756/2345/1755 1755/2344/1754 2837/3816/2836 2848/3838/2847
f 1757/2348/1756 2848/3839/2847 2837/3840/2836 1758/2349/1757
f 2849/3841/2848 1756/3842/1755 2848/3839/2847 2850/3843/2849
f 2851/3844/2850 2850/3843/2849 2848/3839/2847 1757/2348/1756
f 2852/3845/2851 2850/3843/2849 2851/3844/2850 2853/3846/2852
f 1750/2351/1749 2854/3847/2853 2851/3844/2850 1757/2348/1756
f 2855/3848/2854 2853/3846/2852 2851/3844/2850 2854/3847/2853
f 2856/3849/2855 2853/3846/2852 2855/3848/2854 2857/3850/2856
f 2858/3851/2857 2859/3852/2858 2855/3853/2854 2854/3854/2853
f 2860/3855/2859 2857/3856/2856 2855/3853/2854 2859/3852/2858
f 2861/3857/2860 2857/3856/2856 2860/3855/2859 2862/3858/2861
f 2863/3859/2862 2864/3860/2863 2860/3855/2859 2859/3852/2858
f 2865/3861/2864 2862/3858/2861 2860/3855/2859 2864/3860/2863
f 2866/3862/2865 2862/3858/2861 2865/3861/2864 2867/3863/2866
f 2868/3864/2867 2869/3865/2868 2865/3861/2864 2864/3860/2863
f 2870/3866/2869 2867/3863/2866 2865/3861/2864 2869/3865/2868
f 2871/3867/2870 2867/3863/2866 2870/3866/2869 2872/3868/2871
f 2873/3869/2872 2874/3870/2873 2870/3866/2869 2869/3865/2868
f 2875/3871/2874 2872/3868/2871 2870/3866/2869 2874/3870/2873
f 1737/2321/1736 1736/2320/1735 2875/3871/2874 2876/3872/2875
f 2877/3873/2876 2872/3868/2871 2875/3871/2874 1736/2320/1735
f 2878/3874/2877 2876/3872/2875 2875/3871/2874 2874/3870/2873
f 2873/3869/2872 2879/3875/2878 2878/3874/2877 2874/3870/2873
f 2861/3876/2860 2880/3877/2879 2878/3874/2877 2879/3875/2878
f 2881/3878/2880 2876/3872/2875 2878/3874/2877 2880/3877/2879
f 1730/2313/1729 1744/2328/1743 2881/3879/2880 2882/3880/2881
f 1737/2321/1736 2876/3872/2875 2881/3878/2880 1744/2334/1743
f 2866/3862/2865 2882/3880/2881 2881/3879/2880 2880/3881/2879
f 1728/2310/1727 1730/2313/1729 2882/3880/2881 2871/3867/2870
f 2867/3863/2866 2871/3867/2870 2882/3880/2881 2866/3862/2865
f 2862/3858/2861 2866/3862/2865 2880/3881/2879 2861/3857/2860
f 2883/3882/2882 2856/3849/2855 2879/3875/2878 2873/3869/2872
f 2857/3850/2856 2861/3876/2860 2879/3875/2878 2856/3849/2855
f 2869/3865/2868 2868/3864/2867 2883/3882/2882 2873/3869/2872
f 2884/3883/2883 2852/3845/2851 2883/3882/2882 2868/3864/2867
f 2853/3846/2852 2856/3849/2855 2883/3882/2882 2852/3845/2851
f 2864/3860/2863 2863/3859/2862 2884/3883/2883 2868/3864/2867
f 2885/3884/2884 2849/3841/2848 2884/3883/2883 2863/3859/2862
f 2850/3843/2849 2852/3845/2851 2884/3883/2883 2849/3841/2848
f 2859/3852/2858 2858/3851/2857 2885/3884/2884 2863/3859/2862
f 1749/3885/1748 1752/3886/1751 2885/3884/2884 2858/3851/2857
f 1756/3842/1755 2849/3841/2848 2885/3884/2884 1752/3886/1751
f 1733/2317/1732 2886/3887/2885 2877/3873/2876 1736/2320/1735
f 1729/2311/1728 1728/2310/1727 2877/3873/2876 2886/3887/2885
f 2871/3867/2870 2872/3868/2871 2877/3873/2876 1728/2310/1727
f 1732/2316/1731 2887/3888/2886 2886/3887/2885 1733/2317/1732
f 1731/2314/1730 1729/2311/1728 2886/3887/2885 2887/3888/2886
f 1750/3889/1749 1749/3885/1748 2858/3851/2857 2854/3854/2853
f 1778/2376/1777 1775/2379/1774 2829/3805/2828 2825/3801/2824
f 2888/3890/2887 2889/3891/2888 1848/2469/1847 1847/2468/1846
f 1823/2439/1822 1824/2440/1823 1848/2469/1847 2889/3891/2888
f 2890/3892/2889 2891/3893/2890 2889/3891/2888 2888/3890/2887
f 1822/2438/1821 1823/2439/1822 2889/3891/2888 2891/3893/2890
f 2892/3894/2891 2893/3895/2892 2891/3893/2890 2890/3892/2889
f 2894/3896/2893 1822/2438/1821 2891/3893/2890 2893/3895/2892
f 2895/3897/2894 2896/3898/2895 2894/3896/2893 2893/3895/2892
f 2897/3899/2896 2898/3900/2897 2894/3896/2893 2896/3898/2895
f 1780/2380/1779 1822/2438/1821 2894/3896/2893 2898/3900/2897
f 2899/3901/2898 2900/3902/2899 2898/3900/2897 2897/3899/2896
f 1781/2381/1780 1780/2380/1779 2898/3900/2897 2900/3902/2899
f 2901/3903/2900 2902/3904/2901 2900/3905/2899 2899/3906/2898
f 1784/2386/1783 1781/2389/1780 2900/3905/2899 2902/3904/2901
f 2903/3907/2902 2892/3894/2891 2902/3904/2901 2901/3903/2900
f 2890/3892/2889 1784/2386/1783 2902/3904/2901 2892/3894/2891
f 2904/3908/2903 2905/3909/2904 2903/3907/2902 2901/3903/2900
f 2906/3910/2905 2895/3897/2894 2903/3907/2902 2905/3909/2904
f 2893/3895/2892 2892/3894/2891 2903/3907/2902 2895/3897/2894
f 2907/3911/2906 2908/3912/2907 2906/3910/2905 2905/3909/2904
f 2909/3913/2908 2910/3914/2909 2906/3910/2905 2908/3912/2907
f 2896/3898/2895 2895/3897/2894 2906/3910/2905 2910/3914/2909
f 2911/3915/2910 2912/3916/2911 2910/3914/2909 2909/3913/2908
f 2897/3899/2896 2896/3898/2895 2910/3914/2909 2912/3916/2911
f 2913/3917/2912 2914/3918/2913 2912/3916/2911 2911/3915/2910
f 2899/3901/2898 2897/3899/2896 2912/3916/2911 2914/3918/2913
f 2915/3919/2914 2904/3908/2903 2914/3920/2913 2913/3921/2912
f 2901/3903/2900 2899/3906/2898 2914/3920/2913 2904/3908/2903
f 2916/3922/2915 1816/2430/1815 2915/3919/2914 2913/3921/2912
f 1818/2433/1817 2907/3911/2906 2915/3919/2914 1816/2430/1815
f 2905/3909/2904 2904/3908/2903 2915/3919/2914 2907/3911/2906
f 1810/2422/1809 1812/2424/1811 2916/3923/2915 2917/3924/2916
f 1817/2431/1816 1816/2430/1815 2916/3922/2915 1812/3925/1811
f 2911/3915/2910 2917/3924/2916 2916/3923/2915 2913/3917/2912
f 1804/2414/1803 1810/2422/1809 2917/3924/2916 1807/2419/1806
f 2909/3913/2908 1807/2419/1806 2917/3924/2916 2911/3915/2910
f 1808/2420/1807 1807/2419/1806 2909/3913/2908 2908/3912/2907
f 1818/2433/1817 1808/2420/1807 2908/3912/2907 2907/3911/2906
f 1783/2387/1782 1784/2386/1783 2890/3892/2889 2888/3890/2887
f 1782/2481/1781 1783/2387/1782 2888/3890/2887 1847/2468/1846
f 1843/3926/1842 1842/3927/1841 1845/2466/1844 1846/2467/1845
f 2918/3928/2917 2919/3929/2918 1845/3930/1844 1842/2463/1841
f 876/3931/875 874/1237/873 1845/2466/1844 2919/3932/2918
f 2920/3933/2919 2921/3934/2920 2919/3929/2918 2918/3928/2917
f 2922/3935/2921 876/3936/875 2919/3929/2918 2921/3934/2920
f 872/1235/871 876/1240/875 2922/3937/2921 2923/3938/2922
f 1827/2443/1826 1826/2442/1825 2922/3939/2921 2921/3940/2920
f 1835/2456/1834 2923/3941/2922 2922/3942/2921 1826/3943/1825
f 869/1232/868 872/1235/871 2923/3938/2922 2924/3944/2923
f 1836/2455/1835 2924/3945/2923 2923/3941/2922 1835/2456/1834
f 2925/3946/2924 869/1232/868 2924/3944/2923 2926/3947/2925
f 1837/2457/1836 2926/3948/2925 2924/3945/2923 1836/2455/1835
f 2918/3928/2917 2925/3946/2924 2926/3947/2925 2920/3933/2919
f 1832/2448/1831 2920/3949/2919 2926/3950/2925 1837/2458/1836
f 1832/2448/1831 1827/2443/1826 2921/3940/2920 2920/3949/2919
f 1839/2460/1838 2925/3946/2924 2918/3928/2917 1842/2463/1841
f 1844/3951/1843 1843/3926/1842 1846/2467/1845 2927/3952/2926
f 1796/2405/1795 1805/2417/1804 1821/3953/1820 1794/3954/1793
f 1812/3955/1811 1811/3588/1810 1819/3587/1818 1817/3956/1816
f 1801/2415/1800 1808/2420/1807 1818/2433/1817 1806/2432/1805
f 1797/2404/1796 1802/2412/1801 1805/2417/1804 1796/2405/1795
f 1797/2404/1796 1798/2406/1797 1799/2409/1798 1802/2412/1801
f 1762/2363/1761 1767/2362/1766 1770/2371/1769 1769/3957/1768
f 1704/2275/1703 1703/2274/1702 1742/2326/1741 1741/2325/1740
f 2604/3488/2603 1704/2275/1703 1741/2325/1740 1740/2324/1739
f 1686/2253/1685 1691/2259/1690 1718/2296/1717 1710/2281/1709
f 2928/3958/2927 1717/2295/1716 1718/2296/1717 1691/2259/1690
f 1702/2272/1701 1717/2295/1716 2928/3958/2927 1689/2257/1688
f 1682/2247/1681 1684/2249/1683 2928/3958/2927 1691/2259/1690
f 1690/2258/1689 1689/2257/1688 2928/3958/2927 1684/2249/1683
f 1687/2254/1686 1686/2253/1685 1710/2281/1709 1692/2284/1691
f 1688/2255/1687 1695/2263/1694 1702/2272/1701 1689/2257/1688
f 1688/2255/1687 1687/2256/1686 1692/2260/1691 1695/2263/1694
f 2929/3959/2928 2930/3960/2929 1685/2250/1684 1673/2252/1672
f 2931/3961/2930 1681/2246/1680 1685/2250/1684 2930/3960/2929
f 1680/2245/1679 1681/2246/1680 2931/3961/2930 2932/3962/2931
f 1655/2218/1654 1660/2225/1659 2931/3961/2930 2930/3960/2929
f 1657/2222/1656 2932/3962/2931 2931/3961/2930 1660/2225/1659
f 1666/2231/1665 1680/2245/1679 2932/3962/2931 2933/3963/2932
f 1656/2221/1655 2933/3963/2932 2932/3962/2931 1657/2222/1656
f 1665/2230/1664 1666/2231/1665 2933/3963/2932 981/1365/980
f 978/1366/977 981/1365/980 2933/3963/2932 1656/2221/1655
f 1650/2219/1649 1655/2218/1654 2930/3960/2929 2929/3959/2928
f 1671/3964/1670 979/3965/978 2929/3959/2928 1673/2252/1672
f 973/3966/972 1650/2219/1649 2929/3959/2928 979/3965/978
f 980/1362/979 979/1361/978 1671/2236/1670 1662/2227/1661
f 981/1365/980 980/1362/979 1662/2227/1661 1665/2230/1664
f 1654/2217/1653 1661/2226/1660 1660/2225/1659 1655/2218/1654
f 976/3967/975 978/1366/977 1656/2221/1655 1659/2224/1658
f 1543/2088/1542 976/1358/975 1659/3968/1658 1548/2093/1547
f 1534/2079/1533 1535/2080/1534 1653/3969/1652 1652/3970/1651
f 2934/3971/2933 2935/3972/2934 1652/2215/1651 1649/2212/1648
f 2936/3973/2935 1534/2079/1533 1652/3970/1651 2935/3974/2934
f 2937/3975/2936 2938/3976/2937 2936/3977/2935 2935/3978/2934
f 1637/2193/1636 1538/2192/1537 2936/3977/2935 2938/3976/2937
f 1521/2063/1520 1534/2079/1533 2936/3973/2935 1538/2083/1537
f 2939/3979/2938 2940/3980/2939 2938/3976/2937 2937/3975/2936
f 2941/3981/2940 1637/2193/1636 2938/3976/2937 2940/3980/2939
f 2942/3982/2941 2943/3983/2942 2941/3981/2940 2940/3980/2939
f 2944/3984/2943 1643/2202/1642 2941/3981/2940 2943/3983/2942
f 1638/2194/1637 1637/2193/1636 2941/3981/2940 1643/2202/1642
f 1644/2203/1643 1643/2202/1642 2944/3984/2943 2945/3985/2944
f 1642/2201/1641 1644/2203/1643 2945/3985/2944 2946/3986/2945
f 1641/2199/1640 1642/2201/1641 2946/3986/2945 2947/3987/2946
f 2948/3988/2947 1641/2199/1640 2947/3987/2946 2949/3989/2948
f 1640/2200/1639 1641/2199/1640 2948/3988/2947 2950/3990/2949
f 2951/3991/2950 2939/3992/2938 2948/3988/2947 2949/3989/2948
f 2937/3993/2936 2950/3990/2949 2948/3988/2947 2939/3992/2938
f 2940/3980/2939 2939/3979/2938 2951/3994/2950 2942/3982/2941
f 1639/3995/1638 1640/2200/1639 2950/3990/2949 2934/3996/2933
f 2935/3972/2934 2934/3971/2933 2950/3997/2949 2937/3998/2936
f 1651/2214/1650 1639/2196/1638 2934/3971/2933 1649/2212/1648
f 1553/2099/1552 1551/2096/1550 2952/3999/2951 2953/4000/2952
f 1550/2095/1549 1650/4001/1649 2952/3999/2951 1551/2096/1550
f 973/4002/972 972/4003/971 2952/3999/2951 1650/4001/1649
f 1555/2101/1554 2953/4004/2952 2952/4005/2951 972/2102/971
f 2954/4006/2953 1553/2099/1552 2953/4000/2952 2955/4007/2954
f 2956/4008/2955 2955/4009/2954 2953/4004/2952 1555/2101/1554
f 1554/2100/1553 2957/4010/2956 2956/4008/2955 1555/2101/1554
f 1553/2099/1552 2954/4006/2953 2957/4010/2956 1554/2100/1553
f 1537/2082/1536 1647/2208/1646 1648/2207/1647 1533/2078/1532
f 1522/2064/1521 1539/2084/1538 1639/2196/1638 1651/2214/1650
f 2958/4011/2957 1625/2180/1624 1635/2190/1634 2959/4012/2958
f 2960/4013/2959 2961/4014/2960 1635/2190/1634 1636/2191/1635
f 2962/4015/2961 2959/4012/2958 1635/2190/1634 2961/4014/2960
f 2963/4016/2962 2959/4012/2958 2962/4015/2961 2964/4017/2963
f 2965/4018/2964 2966/4019/2965 2962/4015/2961 2961/4014/2960
f 2967/4020/2966 2964/4017/2963 2962/4015/2961 2966/4019/2965
f 1576/4021/1575 2964/4017/2963 2967/4020/2966 2968/4022/2967
f 2969/4023/2968 2970/4024/2969 2967/4020/2966 2966/4019/2965
f 2971/4025/2970 2968/4022/2967 2967/4020/2966 2970/4024/2969
f 2972/4026/2971 2968/4027/2967 2971/4028/2970 2973/4029/2972
f 2974/4030/2973 2975/4031/2974 2976/4032/2975 2977/4033/2976
f 2972/4026/2971 2973/4029/2972 2976/4032/2975 2975/4031/2974
f 1568/2115/1567 1571/2118/1570 2975/4031/2974 2974/4030/2973
f 1577/2124/1576 2972/4026/2971 2975/4031/2974 1571/2118/1570
f 1610/2162/1609 1568/2115/1567 2974/4030/2973 2978/4034/2977
f 2979/4035/2978 2978/4034/2977 2974/4030/2973 2977/4033/2976
f 2980/4036/2979 2978/4034/2977 2979/4035/2978 2981/4037/2980
f 2982/4038/2981 2983/4039/2982 2984/4040/2983 2985/4041/2984
f 2980/4036/2979 2981/4037/2980 2984/4042/2983 2983/4043/2982
f 2986/4044/2985 1612/4045/1611 2983/4039/2982 2982/4038/2981
f 1611/2163/1610 2980/4036/2979 2983/4043/2982 1612/2164/1611
f 1636/2191/1635 2987/4046/2986 2986/4044/2985 2960/4013/2959
f 1613/4047/1612 1612/4045/1611 2986/4044/2985 2987/4046/2986
f 2988/4048/2987 2960/4013/2959 2986/4044/2985 2982/4038/2981
f 2961/4014/2960 2960/4013/2959 2988/4048/2987 2965/4018/2964
f 2985/4041/2984 2989/4049/2988 2988/4048/2987 2982/4038/2981
f 2990/4050/2989 2965/4018/2964 2988/4048/2987 2989/4049/2988
f 2966/4019/2965 2965/4018/2964 2990/4050/2989 2969/4023/2968
f 1628/2183/1627 1620/2172/1619 2987/4046/2986 1636/2191/1635
f 1614/2175/1613 1613/4047/1612 2987/4046/2986 1620/2172/1619
f 1610/2162/1609 2978/4034/2977 2980/4036/2979 1611/2163/1610
f 1576/2123/1575 2968/4027/2967 2972/4026/2971 1577/2124/1576
f 1574/4051/1573 2991/4052/2990 2963/4016/2962 1575/4053/1574
f 2958/4011/2957 2959/4012/2958 2963/4016/2962 2991/4052/2990
f 1576/4021/1575 1575/4053/1574 2963/4016/2962 2964/4017/2963
f 1585/2135/1584 1586/2136/1585 2991/4052/2990 1574/4051/1573
f 1587/2137/1586 2958/4011/2957 2991/4052/2990 1586/2136/1585
f 1626/2181/1625 1625/2180/1624 2958/4011/2957 1587/2137/1586
f 1599/2149/1598 1619/4054/1618 1634/2189/1633 1617/2169/1616
f 1618/4055/1617 1623/2179/1622 1634/2189/1633 1619/4054/1618
f 1629/2184/1628 1617/2169/1616 1634/2189/1633 1630/2185/1629
f 1591/2141/1590 1617/2169/1616 1629/2184/1628 1588/2138/1587
f 1598/2148/1597 1597/2147/1596 1619/2171/1618 1599/4056/1598
f 2992/4057/2991 2993/4058/2992 1616/2168/1615 1606/2158/1605
f 2994/4059/2993 1589/2139/1588 1616/2168/1615 2993/4058/2992
f 2995/4060/2994 2996/4061/2995 2994/4059/2993 2993/4058/2992
f 2997/4062/2996 1562/2109/1561 2994/4059/2993 2996/4061/2995
f 1563/2110/1562 1589/2139/1588 2994/4059/2993 1562/2109/1561
f 1582/2129/1581 2998/4063/2997 2997/4062/2996 2996/4061/2995
f 1573/2120/1572 1572/2119/1571 2997/4062/2996 2998/4063/2997
f 1559/2106/1558 1562/2109/1561 2997/4062/2996 1572/2119/1571
f 1583/2130/1582 1585/4064/1584 2998/4063/2997 1582/2129/1581
f 1574/2121/1573 1573/2120/1572 2998/4063/2997 1585/4064/1584
f 1581/2128/1580 1582/2129/1581 2996/4061/2995 2995/4060/2994
f 2999/4065/2998 2995/4060/2994 2993/4058/2992 2992/4057/2991
f 1569/2116/1568 1568/2115/1567 1610/2162/1609 1556/2103/1555
f 1596/2146/1595 2992/4057/2991 1606/2158/1605 1593/2143/1592
f 1556/2103/1555 1559/2106/1558 1572/2119/1571 1569/2116/1568
f 1519/4066/1518 1524/2069/1523 3000/4067/2999 1535/4068/1534
f 1527/2072/1526 1541/2086/1540 3000/4067/2999 1524/2069/1523
f 1522/2067/1521 1651/4069/1650 1647/2208/1646 1537/2082/1536
f 1651/2214/1650 1550/2211/1549 1646/2205/1645 1647/2206/1646
f 1533/2078/1532 1532/2077/1531 1536/2081/1535 1537/2082/1536
f 1531/2076/1530 3001/4070/3000 1536/2081/1535 1532/2077/1531
f 1515/2055/1514 1517/2057/1516 1536/2081/1535 3001/4070/3000
f 1503/2037/1502 1497/2030/1496 3001/4070/3000 1531/2076/1530
f 1496/2029/1495 1515/2055/1514 3001/4070/3000 1497/2030/1496
f 1492/2036/1491 1503/2037/1502 1531/2076/1530 1507/2043/1506
f 1511/2059/1510 1518/2058/1517 1525/2070/1524 1523/4071/1522
f 1499/2032/1498 1502/2035/1501 1514/2054/1513 1512/2052/1511
f 1482/2012/1481 1499/2032/1498 1512/2052/1511 1481/2011/1480
f 1470/4072/1469 1469/3252/1468 1506/2040/1505 1476/2042/1475
f 1480/2010/1479 1481/2011/1480 1495/2028/1494 1493/2026/1492
f 1477/2007/1476 1480/2010/1479 1493/2026/1492 1487/2017/1486
f 1449/1968/1448 1472/2002/1471 1471/2001/1470 1462/3404/1461
f 3002/4073/3001 1445/1971/1444 1457/1981/1456 3003/4074/3002
f 3002/4073/3001 1472/2002/1471 1449/1968/1448 1445/1971/1444
f 1357/1851/1356 1360/1854/1359 1434/1950/1433 1433/1947/1432
f 1142/1571/1141 1357/1851/1356 1433/1947/1432 1432/1946/1431
f 1009/1397/1008 1008/1396/1007 1959/2607/1958 1014/1402/1013
f 1007/1395/1006 1429/1942/1428 1959/2607/1958 1008/1396/1007
f 995/1383/994 1407/1906/1406 1429/1942/1428 1007/1395/1006
f 1130/1558/1129 1015/1932/1014 1425/1935/1424 1129/1557/1128
f 1122/1554/1121 1129/1557/1128 1425/1935/1424 998/1386/997
f 3004/4075/3003 3005/4076/3004 1419/1922/1418 1415/1927/1414
f 3006/4077/3005 1411/1919/1410 1419/1922/1418 3005/4076/3004
f 3007/4078/3006 3008/4079/3007 3006/4077/3005 3005/4076/3004
f 3009/4080/3008 3010/4081/3009 3006/4082/3005 3008/4083/3007
f 1412/4084/1411 1411/4085/1410 3006/4082/3005 3010/4081/3009
f 3011/4086/3010 3004/4075/3003 3010/4081/3009 3009/4080/3008
f 1415/1927/1414 1412/4084/1411 3010/4081/3009 3004/4075/3003
f 3012/4087/3011 3013/4088/3012 3011/4086/3010 3009/4080/3008
f 3014/4089/3013 3007/4078/3006 3011/4086/3010 3013/4088/3012
f 3005/4076/3004 3004/4075/3003 3011/4086/3010 3007/4078/3006
f 3015/4090/3014 3016/4091/3015 3014/4089/3013 3013/4088/3012
f 3017/4092/3016 3018/4093/3017 3014/4089/3013 3016/4091/3015
f 3008/4079/3007 3007/4078/3006 3014/4089/3013 3018/4093/3017
f 3019/4094/3018 3012/4087/3011 3018/4095/3017 3017/4096/3016
f 3009/4080/3008 3008/4083/3007 3018/4095/3017 3012/4087/3011
f 3013/4088/3012 3012/4087/3011 3019/4094/3018 3015/4090/3014
f 994/1382/993 1406/1905/1405 1407/1906/1406 995/1383/994
f 994/1382/993 993/1381/992 1403/1902/1402 1406/1905/1405
f 3020/4097/3019 1401/4098/1400 1402/4099/1401 3021/4100/3020
f 3022/4101/3021 3023/4102/3022 1402/1901/1401 1399/1898/1398
f 3024/4103/3023 3021/4100/3020 1402/4099/1401 3023/4104/3022
f 3025/4105/3024 3021/4100/3020 3024/4103/3023 3026/4106/3025
f 3027/4107/3026 3028/4108/3027 3024/4103/3023 3023/4104/3022
f 3029/4109/3028 3026/4106/3025 3024/4103/3023 3028/4108/3027
f 3030/4110/3029 3026/4106/3025 3029/4109/3028 3031/4111/3030
f 3032/4112/3031 3033/4113/3032 3029/4109/3028 3028/4108/3027
f 3034/4114/3033 3031/4111/3030 3029/4109/3028 3033/4113/3032
f 3035/4115/3034 3031/4111/3030 3034/4114/3033 1386/1883/1385
f 3036/4116/3035 3037/4117/3036 3034/4114/3033 3033/4113/3032
f 1387/1884/1386 1386/1883/1385 3034/4114/3033 3037/4117/3036
f 1374/1868/1373 1373/1867/1372 3037/4117/3036 3036/4116/3035
f 1372/1866/1371 1387/1884/1386 3037/4117/3036 1373/1867/1372
f 3032/4112/3031 1392/1889/1391 3036/4116/3035 3033/4113/3032
f 1391/1888/1390 1374/1868/1373 3036/4116/3035 1392/1889/1391
f 3023/4102/3022 3022/4101/3021 3035/4115/3034 3027/4118/3026
f 3030/4110/3029 3031/4111/3030 3035/4115/3034 3022/4101/3021
f 1389/1886/1388 3027/4118/3026 3035/4115/3034 1386/1883/1385
f 3027/4107/3026 1389/4119/1388 3032/4112/3031 3028/4108/3027
f 1388/1890/1387 1392/1889/1391 3032/4112/3031 1389/4119/1388
f 1399/1898/1398 1398/1897/1397 3030/4110/3029 3022/4101/3021
f 3025/4105/3024 3026/4106/3025 3030/4110/3029 1398/1897/1397
f 1397/1896/1396 3038/4120/3037 3025/4105/3024 1398/1897/1397
f 3020/4097/3019 3021/4100/3020 3025/4105/3024 3038/4120/3037
f 1371/1865/1370 1374/1868/1373 1391/1888/1390 1375/1869/1374
f 1377/1871/1376 1376/1870/1375 1383/1877/1382 1378/1872/1377
f 1357/1851/1356 1358/1852/1357 1361/1855/1360 1360/1854/1359
f 1352/1844/1351 1351/1843/1350 1355/1847/1354 1356/1850/1355
f 1349/1837/1348 1345/1832/1344 1355/1847/1354 1351/1843/1350
f 1344/1831/1343 1354/1848/1353 1355/1847/1354 1345/1832/1344
f 1344/1841/1343 1349/1837/1348 1351/1843/1350 1354/1846/1353
f 1328/1811/1327 1348/1840/1347 1350/1839/1349 1324/1800/1323
f 1337/1820/1336 3039/4121/3038 1350/1839/1349 1338/1821/1337
f 1323/1799/1322 1324/1800/1323 1350/1839/1349 3039/4121/3038
f 1329/1812/1328 3040/4122/3039 3039/4121/3038 1337/1820/1336
f 1322/1798/1321 1323/1799/1322 3039/4121/3038 3040/4122/3039
f 1332/1815/1331 3041/4123/3040 3040/4122/3039 1329/1812/1328
f 3042/4124/3041 1322/1798/1321 3040/4122/3039 3041/4123/3040
f 1321/1797/1320 1322/1798/1321 3042/4124/3041 3043/4125/3042
f 1346/1833/1345 3044/4126/3043 3042/4124/3041 3041/4123/3040
f 3045/4127/3044 3043/4125/3042 3042/4124/3041 3044/4126/3043
f 3046/4128/3045 3043/4125/3042 3045/4127/3044 3047/4129/3046
f 1327/1806/1326 1316/1809/1315 3045/4127/3044 3044/4126/3043
f 1315/1789/1314 3047/4130/3046 3045/4131/3044 1316/1790/1315
f 3048/4132/3047 1320/4133/1319 3046/4134/3045 3049/4135/3048
f 1321/1797/1320 3043/4125/3042 3046/4128/3045 1320/1794/1319
f 3050/4136/3049 3049/4135/3048 3046/4134/3045 3047/4130/3046
f 3051/4137/3050 3049/4135/3048 3050/4136/3049 3052/4138/3051
f 1315/1789/1314 1314/1788/1313 3050/4136/3049 3047/4130/3046
f 3053/4139/3052 3052/4138/3051 3050/4136/3049 1314/1788/1313
f 3054/4140/3053 3052/4138/3051 3053/4139/3052 3055/4141/3054
f 1313/1787/1312 3056/4142/3055 3053/4139/3052 1314/1788/1313
f 3057/4143/3056 3055/4141/3054 3053/4139/3052 3056/4142/3055
f 3058/4144/3057 3059/4145/3058 3054/4140/3053 3060/4146/3059
f 3051/4137/3050 3052/4138/3051 3054/4140/3053 3059/4145/3058
f 3061/4147/3060 3060/4146/3059 3054/4140/3053 3055/4141/3054
f 3062/4148/3061 3060/4146/3059 3061/4147/3060 1268/1725/1267
f 3057/4143/3056 1263/1719/1262 3061/4147/3060 3055/4141/3054
f 1262/1718/1261 1268/1725/1267 3061/4147/3060 1263/1719/1262
f 3063/4149/3062 3064/4150/3063 3062/4148/3061 3065/4151/3064
f 3058/4144/3057 3060/4146/3059 3062/4148/3061 3064/4150/3063
f 1267/1726/1266 3065/4151/3064 3062/4148/3061 1268/1725/1267
f 1276/1735/1275 1279/1738/1278 3064/4150/3063 3063/4149/3062
f 1280/1739/1279 3058/4144/3057 3064/4150/3063 1279/1738/1278
f 866/1740/865 1276/1735/1275 3063/4149/3062 3066/4152/3065
f 3067/4153/3066 3066/4152/3065 3063/4149/3062 3065/4151/3064
f 3068/4154/3067 3066/4155/3065 3067/4156/3066 3069/4157/3068
f 1267/1726/1266 1266/4158/1265 3067/4153/3066 3065/4151/3064
f 3070/4159/3069 3069/4157/3068 3067/4156/3066 1266/1722/1265
f 1258/1711/1257 1257/1710/1256 3070/4159/3069 1266/1722/1265
f 866/1228/865 3066/4155/3065 3068/4154/3067 867/1229/866
f 1280/1739/1279 3071/4160/3070 3059/4145/3058 3058/4144/3057
f 3072/4161/3071 3051/4137/3050 3059/4145/3058 3071/4160/3070
f 1167/1597/1166 1303/1766/1302 3072/4161/3071 3071/4160/3070
f 1304/1767/1303 3048/4132/3047 3072/4161/3071 1303/1766/1302
f 3049/4135/3048 3051/4137/3050 3072/4161/3071 3048/4132/3047
f 1168/1598/1167 1167/1597/1166 3071/4160/3070 1280/1739/1279
f 1305/1768/1304 1320/4133/1319 3048/4132/3047 1304/1767/1303
f 1347/1834/1346 1327/1806/1326 3044/4126/3043 1346/1833/1345
f 1333/1816/1332 1346/1833/1345 3041/4123/3040 1332/1815/1331
f 1327/1806/1326 1347/1834/1346 1348/1835/1347 1328/1807/1327
f 1330/1813/1329 1329/1812/1328 1337/1820/1336 1340/1823/1339
f 3073/4162/3072 3074/4163/3073 1325/1802/1324 3075/4164/3074
f 3076/4165/3075 1318/1803/1317 1325/1802/1324 3074/4163/3073
f 1310/1784/1309 3075/4164/3074 1325/1802/1324 1326/1805/1325
f 1298/1761/1297 1297/1760/1296 3076/4165/3075 3074/4163/3073
f 3077/4166/3076 3078/4167/3077 3076/4168/3075 1297/4169/1296
f 1312/1786/1311 1318/1792/1317 3076/4168/3075 3078/4167/3077
f 3079/4170/3078 3080/4171/3079 3078/4167/3077 3077/4166/3076
f 1309/1783/1308 1312/1786/1311 3078/4167/3077 3080/4171/3079
f 3073/4162/3072 3075/4164/3074 3080/4171/3079 3079/4170/3078
f 1310/1784/1309 1309/1783/1308 3080/4171/3079 3075/4164/3074
f 3081/4172/3080 3082/4173/3081 3079/4170/3078 3077/4166/3076
f 1301/1764/1300 3073/4162/3072 3079/4170/3078 3082/4173/3081
f 3083/4174/3082 3084/4175/3083 3082/4173/3081 3081/4172/3080
f 1302/1765/1301 1301/1764/1300 3082/4173/3081 3084/4175/3083
f 3085/4176/3084 3086/4177/3085 3084/4178/3083 3083/4179/3082
f 3087/4180/3086 1302/4181/1301 3084/4178/3083 3086/4177/3085
f 3088/4182/3087 3089/4183/3088 3086/4177/3085 3085/4176/3084
f 3090/4184/3089 3087/4180/3086 3086/4177/3085 3089/4183/3088
f 3091/4185/3090 3092/4186/3091 3090/4184/3089 3089/4183/3088
f 3093/4187/3092 3094/4188/3093 3090/4189/3089 3092/4190/3091
f 3095/4191/3094 3087/4192/3086 3090/4189/3089 3094/4188/3093
f 3096/4193/3095 3088/4182/3087 3094/4188/3093 3093/4187/3092
f 3085/4176/3084 3095/4191/3094 3094/4188/3093 3088/4182/3087
f 3097/4194/3096 3098/4195/3097 3096/4193/3095 3093/4187/3092
f 3099/4196/3098 3091/4185/3090 3096/4193/3095 3098/4195/3097
f 3089/4183/3088 3088/4182/3087 3096/4193/3095 3091/4185/3090
f 3100/4197/3099 3097/4194/3096 3093/4187/3092 3092/4190/3091
f 3101/4198/3100 3102/4199/3101 3100/4200/3099 3099/4196/3098
f 3103/4201/3102 3097/4202/3096 3100/4203/3099 3102/4204/3101
f 3091/4185/3090 3099/4196/3098 3100/4200/3099 3092/4186/3091
f 1300/4205/1299 3081/4172/3080 3077/4166/3076 1297/4169/1296
f 1301/1764/1300 1298/1761/1297 3074/4163/3073 3073/4162/3072
f 1288/1749/1287 1310/1784/1309 1326/1805/1325 1289/1750/1288
f 1273/1731/1272 3056/4142/3055 1313/1787/1312 1274/1732/1273
f 1164/1593/1163 1269/1727/1268 1303/1766/1302 1167/1597/1166
f 1283/1744/1282 1307/1775/1306 1284/4206/1283 1281/4207/1280
f 1238/1675/1237 1239/1676/1238 1284/1771/1283 1307/4208/1306
f 1159/4209/1158 1157/1586/1156 1283/1744/1282 1281/4207/1280
f 3104/4210/3103 3105/4211/3104 1250/1699/1249 1249/1698/1248
f 3106/4212/3105 1252/1701/1251 1250/1699/1249 3105/4211/3104
f 1189/1620/1188 1188/1619/1187 3106/4213/3105 3105/4214/3104
f 1190/1621/1189 1189/1620/1188 3105/4214/3104 3104/4215/3103
f 3107/4216/3106 3108/4217/3107 3104/4210/3103 1249/1698/1248
f 3109/4218/3108 1190/1621/1189 3104/4215/3103 3108/4219/3107
f 1245/1695/1244 1248/1694/1247 3109/4218/3108 3108/4219/3107
f 3110/4220/3109 3111/4221/3110 3109/4218/3108 1248/1694/1247
f 1191/1622/1190 1190/1621/1189 3109/4218/3108 3111/4221/3110
f 3112/4222/3111 3113/4223/3112 3111/4221/3110 3110/4220/3109
f 1192/1623/1191 1191/1622/1190 3111/4221/3110 3113/4223/3112
f 3114/4224/3113 1251/1700/1250 3113/4223/3112 3112/4222/3111
f 1195/1626/1194 1192/1623/1191 3113/4223/3112 1251/1700/1250
f 3115/4225/3114 1247/4226/1246 3114/4224/3113 3112/4222/3111
f 1213/4227/1212 3107/4216/3106 3114/4224/3113 1247/4226/1246
f 1249/1698/1248 1251/1700/1250 3114/4224/3113 3107/4216/3106
f 3110/4220/3109 3116/4228/3115 3115/4225/3114 3112/4222/3111
f 3117/4229/3116 3118/4230/3117 3115/4231/3114 3116/4232/3115
f 1246/4233/1245 1247/4226/1246 3115/4225/3114 3118/4234/3117
f 1202/1633/1201 1206/1640/1205 3118/4230/3117 3117/4229/3116
f 1207/1650/1206 1246/1692/1245 3118/4235/3117 1206/4236/1205
f 1244/1686/1243 1208/1689/1207 3117/4229/3116 3116/4232/3115
f 1201/1632/1200 1202/1633/1201 3117/4229/3116 1208/1689/1207
f 1248/1694/1247 1244/1697/1243 3116/4228/3115 3110/4220/3109
f 1213/4227/1212 1245/4237/1244 3108/4217/3107 3107/4216/3106
f 1203/1635/1202 1214/1649/1213 1246/1692/1245 1207/1650/1206
f 1236/4238/1235 1233/4239/1232 1242/4240/1241 1210/1645/1209
f 1235/1672/1234 1212/1683/1211 1242/1682/1241 1233/1670/1232
f 1211/1646/1210 1210/1645/1209 1242/4240/1241 1243/1690/1242
f 1212/1683/1211 1235/1672/1234 1236/1673/1235 1210/4241/1209
f 1229/1666/1228 1240/1677/1239 1237/1674/1236 1230/1667/1229
f 1225/1662/1224 1226/1663/1225 1228/4242/1227 1223/4243/1222
f 1219/4244/1218 1221/1658/1220 1225/1662/1224 1223/4243/1222
f 1220/4245/1219 1215/1652/1214 1221/1658/1220 1219/4244/1218
f 1216/1653/1215 1215/1652/1214 1220/4245/1219 3119/4246/3118
f 1273/1731/1272 1161/1590/1160 3057/4143/3056 3056/4142/3055
f 1160/1589/1159 1263/1719/1262 3057/4143/3056 1161/1590/1160
f 1154/1583/1153 1157/1586/1156 1159/4209/1158 1158/4247/1157
f 1134/1563/1133 1135/1564/1134 3120/4248/3119 3121/4249/3120
f 1136/1565/1135 3122/4250/3121 3120/4248/3119 1135/1564/1134
f 3123/4251/3122 3121/4249/3120 3120/4248/3119 3124/4252/3123
f 3125/4253/3124 3121/4249/3120 3123/4251/3122 3126/4254/3125
f 3127/4255/3126 3128/4256/3127 3123/4251/3122 3124/4252/3123
f 3129/4257/3128 3126/4254/3125 3123/4251/3122 3128/4256/3127
f 3130/4258/3129 3126/4259/3125 3129/4260/3128 3131/4261/3130
f 3132/4262/3131 3133/4263/3132 3129/4257/3128 3128/4256/3127
f 3134/4264/3133 3131/4265/3130 3129/4257/3128 3133/4263/3132
f 3135/4266/3134 3136/4267/3135 3134/4268/3133 3133/4269/3132
f 3137/4270/3136 3125/4271/3124 3138/4272/3137 3139/4273/3138
f 3126/4259/3125 3130/4258/3129 3138/4272/3137 3125/4271/3124
f 3140/4274/3139 3141/4275/3140 3137/4270/3136 3139/4273/3138
f 1133/1562/1132 1134/1563/1133 3137/4276/3136 3141/4277/3140
f 3121/4249/3120 3125/4253/3124 3137/4276/3136 1134/1563/1133
f 3142/4278/3141 3143/4279/3142 3141/4275/3140 3140/4274/3139
f 1132/1560/1131 1133/1562/1132 3141/4277/3140 3143/4280/3142
f 3144/4281/3143 3145/4282/3144 3143/4280/3142 3142/4283/3141
f 3146/4284/3145 1132/1560/1131 3143/4280/3142 3145/4282/3144
f 3147/4285/3146 3148/4286/3147 3146/4287/3145 3145/4288/3144
f 3149/4289/3148 3150/4290/3149 3146/4287/3145 3148/4286/3147
f 1131/1561/1130 1132/1560/1131 3146/4284/3145 3150/4291/3149
f 3151/4292/3150 3152/4293/3151 3150/4294/3149 3149/4295/3148
f 1130/4296/1129 1131/4297/1130 3150/4298/3149 3152/4299/3151
f 1010/1398/1009 1013/1401/1012 3152/4293/3151 3151/4292/3150
f 1015/1403/1014 1130/4296/1129 3152/4299/3151 1013/1404/1012
f 3153/4300/3152 3154/4301/3153 3151/4302/3150 3149/4289/3148
f 1001/1389/1000 1010/1398/1009 3151/4292/3150 3154/4303/3153
f 1120/1543/1119 1121/1544/1120 3154/4301/3153 3153/4300/3152
f 997/1385/996 1001/1389/1000 3154/4303/3153 1121/4304/1120
f 1117/1540/1116 1120/1543/1119 3153/4300/3152 3155/4305/3154
f 3148/4286/3147 3155/4305/3154 3153/4300/3152 3149/4289/3148
f 3156/4306/3155 1117/1540/1116 3155/4305/3154 3157/4307/3156
f 3147/4285/3146 3157/4307/3156 3155/4305/3154 3148/4286/3147
f 3158/4308/3157 3159/4309/3158 3156/4306/3155 3160/4310/3159
f 1118/1541/1117 1117/1540/1116 3156/4306/3155 3159/4309/3158
f 3161/4311/3160 3160/4310/3159 3156/4306/3155 3157/4307/3156
f 3162/4312/3161 3163/4313/3162 3159/4309/3158 3158/4308/3157
f 1128/1552/1127 1118/1541/1117 3159/4309/3158 3163/4313/3162
f 3164/4314/3163 3165/4315/3164 3163/4313/3162 3162/4312/3161
f 3166/4316/3165 1128/1552/1127 3163/4313/3162 3165/4315/3164
f 3167/4317/3166 3168/4318/3167 3166/4316/3165 3165/4315/3164
f 1112/1531/1111 3169/4319/3168 3166/4316/3165 3168/4318/3167
f 1127/1553/1126 1128/1552/1127 3166/4316/3165 3169/4319/3168
f 1115/1534/1114 3170/4320/3169 3169/4319/3168 1112/1531/1111
f 1126/4321/1125 1127/1553/1126 3169/4319/3168 3170/4320/3169
f 1116/1538/1115 3171/4322/3170 3170/4323/3169 1115/1539/1114
f 3172/4324/3171 1126/4325/1125 3170/4323/3169 3171/4322/3170
f 3173/4326/3172 3174/4327/3173 3172/4328/3171 3175/4329/3174
f 1125/1549/1124 1126/1550/1125 3172/4328/3171 3174/4327/3173
f 3176/4330/3175 3175/4331/3174 3172/4324/3171 3171/4322/3170
f 3177/4332/3176 3175/4331/3174 3176/4330/3175 3178/4333/3177
f 1116/1538/1115 3179/4334/3178 3176/4330/3175 3171/4322/3170
f 3180/4335/3179 3178/4333/3177 3176/4330/3175 3179/4334/3178
f 3181/4336/3180 3178/4333/3177 3180/4335/3179 3182/4337/3181
f 3183/4338/3182 3184/4339/3183 3180/4335/3179 3179/4334/3178
f 3185/4340/3184 3182/4341/3181 3180/4342/3179 3184/4343/3183
f 3186/4344/3185 3187/4345/3186 3185/4340/3184 3184/4343/3183
f 3188/4346/3187 3167/4317/3166 3189/4347/3188 3190/4348/3189
f 3165/4315/3164 3164/4314/3163 3189/4347/3188 3167/4317/3166
f 3191/4349/3190 3192/4350/3191 3188/4351/3187 3190/4352/3189
f 3193/4353/3192 3194/4354/3193 3188/4346/3187 3192/4355/3191
f 3168/4318/3167 3167/4317/3166 3188/4346/3187 3194/4354/3193
f 1110/1536/1109 1113/1532/1112 3194/4354/3193 3193/4353/3192
f 1112/1531/1111 3168/4318/3167 3194/4354/3193 1113/1532/1112
f 3195/4356/3194 3196/4357/3195 3193/4358/3192 3192/4350/3191
f 1109/1529/1108 1110/1528/1109 3193/4359/3192 3196/4360/3195
f 3197/4361/3196 3198/4362/3197 3196/4357/3195 3195/4356/3194
f 1108/1526/1107 1109/1527/1108 3196/4357/3195 3198/4362/3197
f 3199/4363/3198 3200/4364/3199 3198/4362/3197 3197/4361/3196
f 3201/4365/3200 1108/1526/1107 3198/4362/3197 3200/4364/3199
f 3202/4366/3201 3203/4367/3202 3201/4365/3200 3200/4364/3199
f 3204/4368/3203 3205/4369/3204 3201/4365/3200 3203/4367/3202
f 1107/1525/1106 1108/1526/1107 3201/4365/3200 3205/4369/3204
f 3206/4370/3205 3207/4371/3206 3205/4369/3204 3204/4368/3203
f 1106/1522/1105 1107/1525/1106 3205/4369/3204 3207/4371/3206
f 3208/4372/3207 3209/4373/3208 3207/4371/3206 3206/4370/3205
f 3210/4374/3209 1106/1522/1105 3207/4371/3206 3209/4373/3208
f 3211/4375/3210 3212/4376/3211 3210/4377/3209 3209/4378/3208
f 3213/4379/3212 3214/4380/3213 3210/4381/3209 3212/4382/3211
f 1105/4383/1104 1106/4384/1105 3210/4381/3209 3214/4380/3213
f 3215/4385/3214 3216/4386/3215 3214/4380/3213 3213/4379/3212
f 1104/4387/1103 1105/4383/1104 3214/4380/3213 3216/4386/3215
f 3217/4388/3216 3218/4389/3217 3216/4386/3215 3215/4385/3214
f 3219/4390/3218 1104/4387/1103 3216/4386/3215 3218/4389/3217
f 1092/1503/1091 1104/1519/1103 3219/4391/3218 1091/1502/1090
f 3220/4392/3219 1098/1510/1097 3219/4390/3218 3218/4389/3217
f 1097/1509/1096 1091/1502/1090 3219/4391/3218 1098/4393/1097
f 3217/4388/3216 3221/4394/3220 3220/4392/3219 3218/4389/3217
f 3222/4395/3221 3223/4396/3222 3220/4392/3219 3221/4394/3220
f 1099/1511/1098 1098/1510/1097 3220/4392/3219 3223/4396/3222
f 3224/4397/3223 3225/4398/3224 3223/4396/3222 3222/4395/3221
f 1100/1514/1099 1099/1511/1098 3223/4396/3222 3225/4398/3224
f 3226/4399/3225 3208/4372/3207 3225/4398/3224 3224/4397/3223
f 3206/4370/3205 1100/1514/1099 3225/4398/3224 3208/4372/3207
f 3209/4373/3208 3208/4372/3207 3226/4399/3225 3211/4400/3210
f 1101/1515/1100 1100/1514/1099 3206/4370/3205 3204/4368/3203
f 1102/4401/1101 1101/1515/1100 3204/4368/3203 3203/4367/3202
f 3227/4402/3226 1102/4401/1101 3203/4367/3202 3202/4366/3201
f 3184/4339/3183 3183/4338/3182 3227/4403/3226 3186/4404/3185
f 1103/1517/1102 1102/1516/1101 3227/4403/3226 3183/4338/3182
f 3228/4405/3227 3186/4344/3185 3227/4406/3226 3202/4407/3201
f 3187/4345/3186 3186/4344/3185 3228/4405/3227 3229/4408/3228
f 3200/4364/3199 3199/4363/3198 3228/4409/3227 3202/4366/3201
f 3230/4410/3229 3229/4408/3228 3228/4405/3227 3199/4411/3198
f 3197/4361/3196 3231/4412/3230 3230/4413/3229 3199/4363/3198
f 3195/4356/3194 3232/4414/3231 3231/4412/3230 3197/4361/3196
f 3192/4350/3191 3191/4349/3190 3232/4414/3231 3195/4356/3194
f 3233/4415/3232 3177/4416/3176 3234/4417/3233 3235/4418/3234
f 3178/4333/3177 3181/4336/3180 3234/4419/3233 3177/4332/3176
f 3136/4267/3135 3135/4266/3134 3233/4420/3232 3235/4421/3234
f 3236/4422/3235 3173/4326/3172 3233/4415/3232 3135/4423/3134
f 3175/4329/3174 3177/4416/3176 3233/4415/3232 3173/4326/3172
f 3133/4263/3132 3132/4262/3131 3236/4422/3235 3135/4423/3134
f 3237/4424/3236 3238/4425/3237 3236/4422/3235 3132/4262/3131
f 3174/4327/3173 3173/4326/3172 3236/4422/3235 3238/4425/3237
f 1136/1565/1135 1123/1546/1122 3238/4425/3237 3237/4424/3236
f 1125/1549/1124 3174/4327/3173 3238/4425/3237 1123/1546/1122
f 3128/4256/3127 3127/4255/3126 3237/4424/3236 3132/4262/3131
f 3122/4250/3121 1136/1565/1135 3237/4424/3236 3127/4255/3126
f 1116/1538/1115 1103/1517/1102 3183/4338/3182 3179/4334/3178
f 3239/4426/3238 3161/4311/3160 3157/4307/3156 3147/4285/3146
f 3145/4288/3144 3144/4427/3143 3239/4426/3238 3147/4285/3146
f 998/1386/997 997/1385/996 1121/4304/1120 1122/1554/1121
f 1080/1488/1079 1091/1502/1090 1097/1509/1096 1071/1475/1070
f 1090/1499/1089 1084/1493/1083 1095/1507/1094 1094/1506/1093
f 1085/1494/1084 1084/1493/1083 1090/1499/1089 1078/1486/1077
f 1077/1484/1076 1076/1483/1075 1086/4428/1085 3240/4429/3239
f 1082/1490/1081 3240/4430/3239 1086/4431/1085 1081/1491/1080
f 3241/4432/3240 1077/1484/1076 3240/4429/3239 3242/4433/3241
f 3243/4434/3242 3242/4435/3241 3240/4430/3239 1082/1490/1081
f 3244/4436/3243 3242/4435/3241 3243/4434/3242 1050/4437/1049
f 1069/1473/1068 3245/4438/3244 3243/4434/3242 1082/1490/1081
f 1044/1443/1043 1050/4437/1049 3243/4434/3242 3245/4438/3244
f 1059/1460/1058 3246/4439/3245 3245/4438/3244 1069/1473/1068
f 1045/1444/1044 1044/1443/1043 3245/4438/3244 3246/4439/3245
f 1058/1459/1057 3247/4440/3246 3246/4439/3245 1059/1460/1058
f 1046/1446/1045 1045/1444/1044 3246/4439/3245 3247/4440/3246
f 1063/1466/1062 3248/4441/3247 3247/4440/3246 1058/1459/1057
f 3249/4442/3248 1046/1446/1045 3247/4440/3246 3248/4441/3247
f 1036/1428/1035 1046/1446/1045 3249/4442/3248 1037/1429/1036
f 3250/4443/3249 3251/4444/3250 3249/4442/3248 3248/4441/3247
f 1038/1432/1037 1037/1429/1036 3249/4442/3248 3251/4444/3250
f 3241/4432/3240 3252/4445/3251 3251/4444/3250 3250/4443/3249
f 1026/1430/1025 1038/1432/1037 3251/4444/3250 3252/4445/3251
f 1063/1466/1062 1066/1469/1065 3250/4443/3249 3248/4441/3247
f 1077/1484/1076 3241/4432/3240 3250/4443/3249 1066/1469/1065
f 3244/4446/3243 3252/4445/3251 3241/4432/3240 3242/4433/3241
f 1056/1457/1055 1057/1458/1056 1085/1494/1084 1078/1486/1077
f 1024/1416/1023 1021/1413/1020 1049/4447/1048 3253/4448/3252
f 1047/1447/1046 3253/4449/3252 1049/1449/1048 1048/1448/1047
f 3254/4450/3253 1024/1416/1023 3253/4448/3252 3255/4451/3254
f 3256/4452/3255 3255/4453/3254 3253/4449/3252 1047/1447/1046
f 3257/4454/3256 3255/4453/3254 3256/4452/3255 3258/4455/3257
f 1023/1415/1022 3259/4456/3258 3256/4452/3255 1047/1447/1046
f 3260/4457/3259 3258/4455/3257 3256/4452/3255 3259/4456/3258
f 3254/4450/3253 3261/4458/3260 3260/4457/3259 3259/4456/3258
f 3255/4451/3254 3257/4459/3256 3261/4458/3260 3254/4450/3253
f 1024/1416/1023 3254/4450/3253 3259/4456/3258 1023/1415/1022
f 1032/1424/1031 1027/1439/1026 1042/1436/1041 1033/1425/1032
f 1020/1412/1019 1028/1420/1027 3262/4460/3261 1025/1417/1024
f 1027/1439/1026 1032/1424/1031 3262/4461/3261 1028/4462/1027
f 1958/2606/1957 1012/1400/1011 1014/1402/1013 1959/2607/1958
f 1001/1389/1000 1002/1390/1001 1011/1399/1010 1010/1398/1009
f 1003/1391/1002 1009/1397/1008 1011/1399/1010 1002/1390/1001
f 984/1373/983 987/1372/986 1469/4463/1468 985/4464/984
f 989/1376/988 2490/3316/2489 987/3257/986 986/1377/985
f 968/1350/967 1749/2338/1748 1748/2337/1747 969/1351/968
f 949/1327/948 951/1330/950 964/1346/963 956/3716/955
f 957/1339/956 963/1345/962 965/1347/964 958/1340/957
f 940/1316/939 941/1315/940 960/1342/959 946/1322/945
f 883/1248/882 887/1252/886 886/1251/885 884/1249/883
f 923/4465/922 913/1282/912 914/1283/913 2314/4466/2313
f 2792/3753/2791 2790/3751/2789 2789/3750/2788 2814/3781/2813
f 3262/4461/3261 1032/1424/1031 1035/1427/1034 1025/1431/1024
f 1062/4467/1061 1055/1456/1054 1054/1455/1053 1065/1468/1064
f 3124/4252/3123 3120/4248/3119 3122/4250/3121 3127/4255/3126
f 2604/3488/2603 1708/2279/1707 1705/2276/1704 1704/2275/1703
f 1785/2390/1784 1788/2393/1787 1789/2394/1788 1795/2402/1794
f 2727/3660/2726 1953/2598/1952 1017/2597/1016 2721/3661/2720
f 2084/2776/2083 2405/3207/2404 2093/2785/2092 2085/2777/2084
f 1952/2596/1951 1018/1410/1017 1012/1409/1011 1958/3379/1957
f 1264/1720/1263 1261/1715/1260 1260/1714/1259 1262/1718/1261
f 1035/1427/1034 1034/1426/1033 1037/1429/1036 1038/1432/1037
f 1061/1464/1060 1052/1453/1051 1070/1477/1069 1068/1472/1067
f 1095/1507/1094 1096/1508/1095 1103/1517/1102 1114/1535/1113
f 1391/1888/1390 1390/1891/1389 1385/1882/1384 1375/1869/1374
f 1396/1895/1395 1384/1880/1383 2024/4468/2023 2023/2701/2022
f 1519/4066/1518 1523/4071/1522 1525/2070/1524 1524/2069/1523
f 1561/2108/1560 1560/2107/1559 1608/2160/1607 1590/2140/1589
f 1677/2242/1676 1679/2244/1678 1685/2250/1684 1681/2246/1680
f 1920/2556/1919 1928/2566/1927 1930/2568/1929 1917/2550/1916
f 1239/1676/1238 1234/1671/1233 1233/1670/1232 1240/1680/1239
f 1283/1744/1282 1282/1743/1281 1285/1746/1284 1307/1775/1306
f 2759/3711/2758 2758/3710/2757 2817/3788/2816 2762/3714/2761
f 2401/3203/2400 2403/3205/2402 2404/3206/2403 2402/3204/2401
f 888/1253/887 887/1252/886 2403/3205/2402 2068/2757/2067
f 883/1248/882 882/1247/881 2403/3205/2402 887/1252/886
f 2605/3489/2604 2093/2785/2092 2082/2774/2081 2081/2773/2080
f 928/1302/927 936/1310/935 949/1338/948 933/1307/932
f 949/1338/948 936/1310/935 935/1309/934 2173/2898/2172
f 931/4469/930 949/4470/948 2173/2887/2172 932/3136/931
f 2337/3119/2336 932/3136/931 2173/2887/2172 2316/3094/2315
f 1748/2337/1747 1747/2336/1746 970/1352/969 969/1351/968
f 1747/2336/1746 1758/4471/1757 1866/2492/1865 970/1352/969
f 1761/4472/1760 1766/4473/1765 1864/4474/1863 1866/4475/1865
f 1768/2365/1767 1761/2364/1760 1866/4476/1865 1758/4477/1757
f 2103/3202/2102 1369/1863/1368 1368/1862/1367 885/1250/884
f 2106/2798/2105 1369/4478/1368 2103/2795/2102 2102/2794/2101
f 1370/4479/1369 1369/4480/1368 2121/2815/2120 2122/2814/2121
f 1456/1980/1455 3263/4481/3262 3003/4074/3002 1457/1981/1456
f 3003/4074/3002 3263/4481/3262 1472/2002/1471 3002/4073/3001
f 1463/1991/1462 1440/4482/1439 3263/4483/3262 1450/1992/1449
f 3263/4483/3262 985/4464/984 1469/4463/1468 1472/4484/1471
f 1437/4485/1436 985/4464/984 3263/4483/3262 1440/4482/1439
f 1547/2092/1546 1548/2093/1547 1540/4486/1539 1546/2091/1545
f 1535/4487/1534 3000/4488/2999 1654/2217/1653 1653/2220/1652
f 1658/2223/1657 1661/2226/1660 3264/4489/3263 1659/2224/1658
f 1548/2093/1547 1659/3968/1658 3264/4490/3263 1540/4486/1539
f 1638/2194/1637 1645/2204/1644 1644/2203/1643 1642/2201/1641
f 2995/4060/2994 2999/4065/2998 1578/2125/1577 1581/2128/1580
f 1596/2146/1595 1595/2145/1594 2999/4065/2998 2992/4057/2991
f 1605/2157/1604 1604/2156/1603 1601/2151/1600 1592/2142/1591
f 2999/4065/2998 1595/2145/1594 1598/2148/1597 1601/4491/1600
f 1578/2155/1577 2999/4492/2998 1601/2151/1600 1604/2156/1603
f 2062/2749/2061 2092/2784/2091 2090/2782/2089 2407/3209/2406
f 2087/2779/2086 2090/2782/2089 2095/2787/2094 2086/2778/2085
f 2138/3174/2137 2146/2853/2145 2149/2852/2148 2383/3175/2382
f 2145/2847/2144 2146/2848/2145 2138/2836/2137 2139/2839/2138
f 1955/2605/1954 1957/2604/1956 2725/3657/2724 1974/4493/1973
f 1968/4494/1967 1974/4493/1973 2725/3657/2724 2724/3656/2723
f 1984/2641/1983 1974/4495/1973 1968/2619/1967 1967/2618/1966
f 3265/4496/3264 3266/4497/3265 1265/4498/1264 1163/4499/1162
f 1277/1736/1276 3266/4497/3265 3265/4496/3264 1278/1737/1277
f 1265/4498/1264 3266/4497/3265 1277/1736/1276 868/1741/867
f 1306/1779/1305 3267/4500/3266 1271/1729/1270 1290/1751/1289
f 1271/1729/1270 3267/4500/3266 1275/1734/1274 1272/1730/1271
f 1300/4205/1299 1299/4501/1298 3083/4174/3082 3081/4172/3080
f 871/1234/870 870/1233/869 1838/2459/1837 3268/4502/3267
f 3269/4503/3268 3270/4504/3269 1256/1709/1255 1177/4505/1176
f 3269/4506/3268 1177/1608/1176 1176/1607/1175 3271/4507/3270
f 3270/4504/3269 1255/1707/1254 1254/1706/1253 1256/1709/1255
f 3271/4508/3270 1255/1707/1254 3270/4504/3269 3269/4503/3268
f 1292/1753/1291 1291/1752/1290 1296/4509/1295 1295/4510/1294
f 1849/2470/1848 2818/3793/2817 3272/4511/3271 1852/2473/1851
f 1552/2210/1551 975/1357/974 974/1356/973 977/1359/976
f 1541/2086/1540 1527/2072/1526 1526/2071/1525 1530/2075/1529
f 3000/4067/2999 1541/2086/1540 3264/4512/3263 1661/4513/1660
f 1605/2157/1604 1592/2142/1591 1584/2131/1583 1579/2134/1578
f 2197/2922/2196 2201/2926/2200 2194/2919/2193 1989/2648/1988
f 2425/3235/2424 1461/1989/1460 1441/1988/1440 3273/4514/3272
f 893/1258/892 894/1259/893 1895/2527/1894 3274/4515/3273
f 2220/2957/2219 3275/4516/3274 2233/2977/2232 2235/2980/2234
f 3274/4515/3273 1901/2533/1900 2309/3085/2308 893/1258/892
f 2425/3235/2424 3273/4514/3272 2420/3230/2419 2422/3229/2421
f 2394/3192/2393 3276/4517/3275 2115/2807/2114 878/1243/877
f 3276/4517/3275 1369/4478/1368 2105/2797/2104 2115/2807/2114
f 1447/4518/1446 3277/4519/3276 1456/1980/1455 1448/1979/1447
f 3278/4520/3277 3275/4516/3274 2220/2957/2219 2219/2960/2218
f 2181/4521/2180 3275/4522/3274 3278/4523/3277 2182/3138/2181
f 2216/2951/2215 3278/4523/3277 2219/4524/2218 2217/2952/2216
f 3263/4483/3262 3277/4525/3276 1446/1965/1445 1450/1992/1449
f 3279/4526/3278 3280/4527/3279 3281/4528/3280 3282/4529/3281
f 3283/4530/3282 3280/4531/3279 3279/4532/3278 3284/4533/3283
f 3285/4534/3284 3284/4533/3283 3279/4532/3278 3286/4535/3285
f 3287/4536/3286 3288/4537/3287 3285/4538/3284 3289/4539/3288
f 3284/4540/3283 3288/4541/3287 3290/4542/3289 3282/4529/3281
f 3290/4543/3289 3288/4537/3287 3287/4536/3286 3291/4544/3290
f 3292/4545/3291 3291/4544/3290 3287/4536/3286 3293/4546/3292
f 3290/4543/3289 3291/4544/3290 3294/4547/3293 3286/4548/3285
f 3294/4547/3293 3291/4544/3290 3292/4545/3291 3295/4549/3294
f 3296/4550/3295 3295/4549/3294 3292/4545/3291 3297/4551/3296
f 3294/4552/3293 3295/4553/3294 3298/4554/3297 3289/4539/3288
f 3298/4554/3297 3295/4553/3294 3296/4555/3295 3299/4556/3298
f 3300/4557/3299 3299/4556/3298 3296/4555/3295 3301/4558/3300
f 3298/4554/3297 3299/4556/3298 3302/4559/3301 3293/4546/3292
f 3302/4559/3301 3299/4556/3298 3300/4557/3299 3303/4560/3302
f 3304/4561/3303 3303/4560/3302 3300/4557/3299 3305/4562/3304
f 3302/4559/3301 3303/4560/3302 3306/4563/3305 3297/4551/3296
f 3306/4563/3305 3303/4560/3302 3304/4561/3303 3307/4564/3306
f 3308/4565/3307 3307/4566/3306 3304/4567/3303 3309/4568/3308
f 3306/4569/3305 3307/4566/3306 3310/4570/3309 3301/4571/3300
f 3310/4570/3309 3307/4566/3306 3308/4565/3307 3311/4572/3310
f 3301/4571/3300 3310/4570/3309 3305/4573/3304 3300/4574/3299
f 3305/4573/3304 3310/4570/3309 3311/4572/3310 3312/4575/3311
f 3297/4551/3296 3306/4563/3305 3301/4576/3300 3296/4550/3295
f 3304/4561/3303 3305/4562/3304 3312/4577/3311 3309/4578/3308
f 3293/4546/3292 3302/4559/3301 3297/4551/3296 3292/4545/3291
f 3289/4539/3288 3298/4554/3297 3293/4546/3292 3287/4536/3286
f 3286/4579/3285 3294/4552/3293 3289/4539/3288 3285/4538/3284
f 3282/4529/3281 3290/4542/3289 3286/4580/3285 3279/4526/3278
f 3283/4581/3282 3284/4540/3283 3282/4529/3281 3281/4528/3280
f 3309/4578/3308 3312/4577/3311 3311/4582/3310 3308/4583/3307
f 3313/4584/3312 3314/4585/3313 3315/4586/3314 3316/4587/3315
f 3317/4588/3316 3314/4585/3313 3313/4584/3312 3318/4589/3317
f 3319/4590/3318 3318/4589/3317 3313/4584/3312 3320/4591/3319
f 3317/4588/3316 3318/4589/3317 3321/4592/3320 3322/4593/3321
f 3321/4594/3320 3318/4595/3317 3319/4596/3318 3323/4597/3322
f 3324/4598/3323 3323/4597/3322 3319/4596/3318 3325/4599/3324
f 3321/4594/3320 3323/4597/3322 3326/4600/3325 3316/4587/3315
f 3326/4600/3325 3323/4597/3322 3324/4598/3323 3327/4601/3326
f 3328/4602/3327 3327/4601/3326 3324/4598/3323 3329/4603/3328
f 3326/4600/3325 3327/4601/3326 3330/4604/3329 3320/4591/3319
f 3330/4604/3329 3327/4601/3326 3328/4602/3327 3331/4605/3330
f 3332/4606/3331 3331/4607/3330 3328/4608/3327 3333/4609/3332
f 3330/4610/3329 3331/4611/3330 3334/4612/3333 3325/4613/3324
f 3334/4612/3333 3331/4611/3330 3332/4614/3331 3335/4615/3334
f 3334/4612/3333 3335/4615/3334 3336/4616/3335 3329/4617/3328
f 3337/4618/3336 3336/4616/3335 3332/4614/3331 3338/4619/3337
f 3329/4617/3328 3336/4616/3335 3333/4609/3332 3328/4608/3327
f 3333/4609/3332 3336/4616/3335 3337/4618/3336 3339/4620/3338
f 3325/4599/3324 3334/4621/3333 3329/4603/3328 3324/4598/3323
f 3332/4622/3331 3333/4623/3332 3339/4624/3338 3338/4625/3337
f 3320/4591/3319 3330/4604/3329 3325/4626/3324 3319/4590/3318
f 3316/4587/3315 3326/4600/3325 3320/4591/3319 3313/4584/3312
f 3322/4627/3321 3321/4628/3320 3316/4629/3315 3315/4630/3314
f 3317/4588/3316 3322/4593/3321 3315/4586/3314 3314/4585/3313
f 3340/4631/3339 3341/4632/3340 3342/4633/3341 3343/4634/3342
f 3344/4635/3343 3341/4632/3340 3340/4631/3339 3345/4636/3344
f 3346/4637/3345 3345/4638/3344 3340/4639/3339 3347/4640/3346
f 3344/4641/3343 3345/4638/3344 3343/4642/3342 3342/4643/3341
f 3343/4642/3342 3345/4638/3344 3346/4637/3345 3348/4644/3347
f 3349/4645/3348 3348/4646/3347 3346/4647/3345 3350/4648/3349
f 3343/4642/3342 3348/4644/3347 3347/4649/3346 3340/4650/3339
f 3347/4651/3346 3348/4652/3347 3349/4653/3348 3351/4654/3350
f 3347/4655/3346 3351/4656/3350 3350/4648/3349 3346/4647/3345
f 3352/4657/3351 3353/4658/3352 3354/4659/3353 3355/4660/3354
f 3356/4661/3355 3357/4662/3356 3355/4660/3354 3354/4659/3353
f 3358/4663/3357 3357/4664/3356 3356/4665/3355 3359/4666/3358
f 3358/4663/3357 3359/4666/3358 3353/4667/3352 3352/4668/3351
f 3357/4664/3356 3358/4663/3357 3352/4668/3351 3355/4669/3354
f 3354/4659/3353 3353/4658/3352 3359/4670/3358 3356/4661/3355
f 3360/4671/3359 3361/4672/3360 3362/4673/3361 3363/4674/3362
f 3364/4675/3363 3363/4674/3362 3362/4673/3361 3365/4676/3364
f 3360/4671/3359 3363/4674/3362 3366/4677/3365 3367/4678/3366
f 3366/4677/3365 3363/4674/3362 3364/4675/3363 3368/4679/3367
f 3369/4680/3368 3368/4679/3367 3364/4675/3363 3370/4681/3369
f 3366/4677/3365 3368/4679/3367 3371/4682/3370 3372/4683/3371
f 3371/4682/3370 3368/4679/3367 3369/4680/3368 3373/4684/3372
f 3374/4685/3373 3373/4684/3372 3369/4680/3368 3375/4686/3374
f 3371/4682/3370 3373/4684/3372 3376/4687/3375 3365/4688/3364
f 3376/4687/3375 3373/4684/3372 3374/4685/3373 3377/4689/3376
f 3378/4690/3377 3377/4691/3376 3374/4692/3373 3379/4693/3378
f 3376/4694/3375 3377/4691/3376 3380/4695/3379 3370/4696/3369
f 3380/4695/3379 3377/4691/3376 3378/4690/3377 3381/4697/3380
f 3370/4681/3369 3380/4698/3379 3375/4686/3374 3369/4680/3368
f 3375/4699/3374 3380/4695/3379 3381/4697/3380 3382/4700/3381
f 3365/4676/3364 3376/4701/3375 3370/4681/3369 3364/4675/3363
f 3374/4692/3373 3375/4702/3374 3382/4703/3381 3379/4693/3378
f 3372/4683/3371 3371/4682/3370 3365/4688/3364 3362/4704/3361
f 3367/4678/3366 3366/4677/3365 3362/4704/3361 3361/4705/3360
f 3378/4690/3377 3379/4693/3378 3382/4703/3381 3383/4706/3382
f 3384/4707/3383 3385/4708/3384 3386/4709/3385 3387/4710/3386
f 3388/4711/3387 3385/4708/3384 3384/4707/3383 3389/4712/3388
f 3386/4709/3385 3385/4708/3384 3388/4711/3387 3390/4713/3389
f 3391/4714/3390 3392/4715/3391 3393/4716/3392 3394/4717/3393
f 3393/4716/3392 3392/4715/3391 3395/4718/3394 3396/4719/3395
f 3395/4718/3394 3392/4715/3391 3397/4720/3396 3398/4721/3397
f 3397/4720/3396 3392/4715/3391 3399/4722/3398 3400/4723/3399
f 3399/4722/3398 3392/4715/3391 3391/4714/3390 3401/4724/3400
f 3388/4725/3387 3402/4726/3401 3403/4727/3402 3390/4728/3389
f 3404/4729/3403 3402/4730/3401 3388/4711/3387 3389/4712/3388
f 3403/4727/3402 3402/4726/3401 3404/4731/3403 3405/4732/3404
f 3387/4710/3386 3386/4709/3385 3390/4713/3389 3406/4733/3405
f 3407/4734/3406 3408/4735/3407 3409/4736/3408 3410/4737/3409
f 3409/4736/3408 3408/4735/3407 3411/4738/3410 3412/4739/3411
f 3390/4728/3389 3403/4727/3402 3405/4732/3404 3406/4740/3405
f 3394/4741/3393 3413/4742/3412 3414/4743/3413 3415/4744/3414
f 3416/4745/3415 3413/4746/3412 3394/4717/3393 3393/4716/3392
f 3414/4743/3413 3413/4742/3412 3416/4747/3415 3417/4748/3416
f 3415/4744/3414 3414/4743/3413 3417/4748/3416 3418/4749/3417
f 3419/4750/3418 3397/4751/3396 3400/4752/3399 3420/4753/3419
f 3418/4749/3417 3397/4751/3396 3419/4750/3418 3415/4744/3414
f 3398/4754/3397 3397/4751/3396 3418/4749/3417 3421/4755/3420
f 3398/4754/3397 3421/4755/3420 3422/4756/3421 3423/4757/3422
f 3422/4756/3421 3421/4755/3420 3424/4758/3423 3425/4759/3424
f 3424/4758/3423 3421/4755/3420 3418/4749/3417 3417/4748/3416
f 3425/4759/3424 3424/4758/3423 3426/4760/3425 3427/4761/3426
f 3426/4760/3425 3424/4758/3423 3417/4748/3416 3416/4747/3415
f 3427/4762/3426 3426/4763/3425 3396/4719/3395 3428/4764/3427
f 3396/4719/3395 3426/4763/3425 3416/4745/3415 3393/4716/3392
f 3427/4762/3426 3428/4764/3427 3429/4765/3428 3430/4766/3429
f 3429/4765/3428 3428/4764/3427 3431/4767/3430 3432/4768/3431
f 3431/4767/3430 3428/4764/3427 3396/4719/3395 3395/4718/3394
f 3432/4768/3431 3431/4767/3430 3423/4769/3422 3433/4770/3432
f 3423/4769/3422 3431/4767/3430 3395/4718/3394 3398/4721/3397
f 3432/4771/3431 3433/4772/3432 3434/4773/3433 3435/4774/3434
f 3434/4773/3433 3433/4772/3432 3436/4775/3435 3437/4776/3436
f 3436/4775/3435 3433/4772/3432 3423/4757/3422 3422/4756/3421
f 3437/4776/3436 3436/4775/3435 3438/4777/3437 3439/4778/3438
f 3438/4777/3437 3436/4775/3435 3422/4756/3421 3425/4759/3424
f 3439/4778/3438 3438/4777/3437 3430/4779/3429 3440/4780/3439
f 3430/4779/3429 3438/4777/3437 3425/4759/3424 3427/4761/3426
f 3439/4781/3438 3440/4782/3439 3387/4710/3386 3406/4733/3405
f 3387/4710/3386 3440/4782/3439 3441/4783/3440 3384/4707/3383
f 3441/4783/3440 3440/4782/3439 3430/4766/3429 3429/4765/3428
f 3384/4707/3383 3441/4783/3440 3435/4784/3434 3389/4712/3388
f 3435/4784/3434 3441/4783/3440 3429/4765/3428 3432/4768/3431
f 3437/4776/3436 3439/4778/3438 3406/4740/3405 3405/4732/3404
f 3434/4773/3433 3437/4776/3436 3405/4732/3404 3404/4731/3403
f 3435/4774/3434 3434/4773/3433 3404/4731/3403 3389/4785/3388
f 3419/4750/3418 3420/4753/3419 3401/4786/3400 3391/4787/3390
f 3401/4786/3400 3420/4753/3419 3410/4788/3409 3409/4789/3408
f 3410/4788/3409 3420/4753/3419 3400/4752/3399 3442/4790/3441
f 3412/4791/3411 3442/4790/3441 3400/4752/3399 3399/4792/3398
f 3410/4788/3409 3442/4790/3441 3443/4793/3442 3407/4794/3406
f 3443/4793/3442 3442/4790/3441 3412/4791/3411 3411/4795/3410
f 3415/4744/3414 3419/4750/3418 3391/4787/3390 3394/4741/3393
f 3409/4736/3408 3412/4739/3411 3399/4722/3398 3401/4724/3400
f 3411/4738/3410 3408/4735/3407 3407/4734/3406 3443/4796/3442
f 3444/4797/3443 3445/4798/3444 3446/4799/3445 3447/4800/3446
f 3448/4801/3447 3449/4802/3448 3450/4803/3449 3451/4804/3450
f 3452/4805/3451 3449/4802/3448 3448/4801/3447 3453/4806/3452
f 3450/4807/3449 3449/4808/3448 3452/4809/3451 3454/4810/3453
f 3451/4811/3450 3450/4807/3449 3454/4810/3453 3455/4812/3454
f 3448/4801/3447 3451/4804/3450 3455/4813/3454 3453/4806/3452
f 3456/4814/3455 3457/4815/3456 3444/4797/3443 3447/4800/3446
f 3458/4816/3457 3457/4815/3456 3456/4814/3455 3459/4817/3458
f 3445/4818/3444 3458/4819/3457 3459/4820/3458 3446/4821/3445
f 3446/4821/3445 3459/4820/3458 3460/4822/3459 3461/4823/3460
f 3460/4822/3459 3459/4820/3458 3456/4824/3455 3462/4825/3461
f 3460/4826/3459 3462/4827/3461 3463/4828/3462 3464/4829/3463
f 3463/4828/3462 3462/4827/3461 3465/4830/3464 3466/4831/3465
f 3465/4830/3464 3462/4827/3461 3456/4814/3455 3447/4800/3446
f 3466/4831/3465 3465/4830/3464 3461/4832/3460 3467/4833/3466
f 3461/4832/3460 3465/4830/3464 3447/4800/3446 3446/4799/3445
f 3466/4834/3465 3467/4835/3466 3468/4836/3467 3469/4837/3468
f 3468/4836/3467 3467/4835/3466 3464/4838/3463 3470/4839/3469
f 3464/4838/3463 3467/4835/3466 3461/4823/3460 3460/4822/3459
f 3468/4836/3467 3470/4839/3469 3471/4840/3470 3472/4841/3471
f 3471/4842/3470 3470/4843/3469 3473/4844/3472 3474/4845/3473
f 3473/4844/3472 3470/4843/3469 3464/4829/3463 3463/4828/3462
f 3474/4845/3473 3473/4844/3472 3469/4846/3468 3475/4847/3474
f 3469/4846/3468 3473/4844/3472 3463/4828/3462 3466/4831/3465
f 3474/4845/3473 3475/4847/3474 3476/4848/3475 3477/4849/3476
f 3476/4850/3475 3475/4851/3474 3472/4841/3471 3478/4852/3477
f 3472/4841/3471 3475/4851/3474 3469/4837/3468 3468/4836/3467
f 3476/4850/3475 3478/4852/3477 3454/4810/3453 3452/4809/3451
f 3454/4810/3453 3478/4852/3477 3479/4853/3478 3455/4812/3454
f 3479/4853/3478 3478/4852/3477 3472/4841/3471 3471/4840/3470
f 3455/4813/3454 3479/4854/3478 3477/4849/3476 3453/4806/3452
f 3477/4849/3476 3479/4854/3478 3471/4842/3470 3474/4845/3473
f 3477/4849/3476 3476/4848/3475 3452/4805/3451 3453/4806/3452
f 3445/4798/3444 3444/4797/3443 3457/4815/3456 3458/4816/3457
f 3480/4855/3479 3481/4856/3480 3482/4857/3481 3483/4858/3482
f 3484/4859/3483 3481/4856/3480 3480/4855/3479 3485/4860/3484
f 3482/4857/3481 3481/4856/3480 3484/4859/3483 3486/4861/3485
f 3486/4861/3485 3484/4859/3483 3485/4860/3484 3487/4862/3486
f 3488/4863/3487 3489/4864/3488 3490/4865/3489 3491/4866/3490
f 3492/4867/3491 3489/4864/3488 3488/4863/3487 3493/4868/3492
f 3490/4865/3489 3489/4864/3488 3492/4867/3491 3494/4869/3493
f 3494/4870/3493 3492/4871/3491 3493/4872/3492 3495/4873/3494
f 3496/4874/3495 3497/4875/3496 3498/4876/3497 3499/4877/3498
f 3500/4878/3499 3497/4875/3496 3496/4874/3495 3501/4879/3500
f 3498/4876/3497 3497/4875/3496 3500/4878/3499 3502/4880/3501
f 3502/4881/3501 3500/4882/3499 3501/4883/3500 3503/4884/3502
f 3504/4885/3503 3505/4886/3504 3506/4887/3505 3507/4888/3506
f 3506/4889/3505 3505/4890/3504 3508/4891/3507 3509/4892/3508
f 3508/4891/3507 3505/4890/3504 3504/4893/3503 3510/4894/3509
f 3509/4892/3508 3508/4891/3507 3510/4894/3509 3511/4895/3510
f 3512/4896/3511 3511/4895/3510 3513/4897/3512 3514/4898/3513
f 3513/4897/3512 3511/4895/3510 3510/4894/3509 3515/4899/3514
f 3509/4892/3508 3511/4895/3510 3512/4896/3511 3516/4900/3515
f 3517/4901/3516 3516/4900/3515 3512/4896/3511 3518/4902/3517
f 3509/4892/3508 3516/4900/3515 3519/4903/3518 3506/4889/3505
f 3519/4903/3518 3516/4900/3515 3517/4901/3516 3520/4904/3519
f 3519/4905/3518 3520/4906/3519 3521/4907/3520 3522/4908/3521
f 3521/4907/3520 3520/4906/3519 3523/4909/3522 3524/4910/3523
f 3523/4911/3522 3520/4904/3519 3517/4901/3516 3525/4912/3524
f 3523/4911/3522 3525/4912/3524 3498/4876/3497 3502/4880/3501
f 3498/4876/3497 3525/4912/3524 3526/4913/3525 3499/4877/3498
f 3526/4913/3525 3525/4912/3524 3517/4901/3516 3518/4902/3517
f 3499/4877/3498 3526/4913/3525 3527/4914/3526 3528/4915/3527
f 3527/4914/3526 3526/4913/3525 3518/4902/3517 3529/4916/3528
f 3527/4914/3526 3529/4916/3528 3530/4917/3529 3531/4918/3530
f 3530/4917/3529 3529/4916/3528 3514/4898/3513 3532/4919/3531
f 3514/4898/3513 3529/4916/3528 3518/4902/3517 3512/4896/3511
f 3530/4917/3529 3532/4919/3531 3533/4920/3532 3534/4921/3533
f 3533/4920/3532 3532/4919/3531 3535/4922/3534 3536/4923/3535
f 3535/4922/3534 3532/4919/3531 3514/4898/3513 3513/4897/3512
f 3536/4923/3535 3535/4922/3534 3537/4924/3536 3538/4925/3537
f 3537/4924/3536 3535/4922/3534 3513/4897/3512 3515/4899/3514
f 3538/4926/3537 3537/4927/3536 3539/4928/3538 3540/4929/3539
f 3539/4930/3538 3537/4924/3536 3515/4899/3514 3541/4931/3540
f 3539/4928/3538 3541/4932/3540 3542/4933/3541 3543/4934/3542
f 3542/4933/3541 3541/4932/3540 3504/4885/3503 3507/4888/3506
f 3504/4893/3503 3541/4931/3540 3515/4899/3514 3510/4894/3509
f 3543/4934/3542 3542/4933/3541 3544/4935/3543 3545/4936/3544
f 3544/4935/3543 3542/4933/3541 3507/4888/3506 3522/4908/3521
f 3545/4936/3544 3544/4935/3543 3546/4937/3545 3547/4938/3546
f 3546/4937/3545 3544/4935/3543 3522/4908/3521 3521/4907/3520
f 3547/4938/3546 3546/4937/3545 3548/4939/3547 3549/4940/3548
f 3548/4939/3547 3546/4937/3545 3521/4907/3520 3524/4910/3523
f 3549/4940/3548 3548/4939/3547 3550/4941/3549 3551/4942/3550
f 3550/4941/3549 3548/4939/3547 3524/4910/3523 3503/4884/3502
f 3551/4942/3550 3550/4941/3549 3552/4943/3551 3553/4944/3552
f 3552/4943/3551 3550/4941/3549 3503/4884/3502 3501/4883/3500
f 3553/4945/3552 3552/4946/3551 3554/4947/3553 3555/4948/3554
f 3554/4947/3553 3552/4946/3551 3501/4879/3500 3496/4874/3495
f 3555/4948/3554 3554/4947/3553 3528/4915/3527 3556/4949/3555
f 3528/4915/3527 3554/4947/3553 3496/4874/3495 3499/4877/3498
f 3555/4948/3554 3556/4949/3555 3557/4950/3556 3558/4951/3557
f 3557/4950/3556 3556/4949/3555 3531/4918/3530 3559/4952/3558
f 3531/4918/3530 3556/4949/3555 3528/4915/3527 3527/4914/3526
f 3557/4950/3556 3559/4952/3558 3560/4953/3559 3561/4954/3560
f 3560/4953/3559 3559/4952/3558 3534/4921/3533 3562/4955/3561
f 3534/4921/3533 3559/4952/3558 3531/4918/3530 3530/4917/3529
f 3560/4953/3559 3562/4955/3561 3563/4956/3562 3564/4957/3563
f 3563/4956/3562 3562/4955/3561 3565/4958/3564 3566/4959/3565
f 3565/4958/3564 3562/4955/3561 3534/4921/3533 3533/4920/3532
f 3566/4959/3565 3565/4958/3564 3567/4960/3566 3568/4961/3567
f 3567/4960/3566 3565/4958/3564 3533/4920/3532 3536/4923/3535
f 3568/4961/3567 3567/4960/3566 3569/4962/3568 3570/4963/3569
f 3569/4962/3568 3567/4960/3566 3536/4923/3535 3538/4925/3537
f 3570/4964/3569 3569/4965/3568 3571/4966/3570 3572/4967/3571
f 3571/4966/3570 3569/4965/3568 3538/4926/3537 3540/4929/3539
f 3572/4967/3571 3571/4966/3570 3573/4968/3572 3574/4969/3573
f 3573/4968/3572 3571/4966/3570 3540/4929/3539 3575/4970/3574
f 3573/4968/3572 3575/4970/3574 3576/4971/3575 3577/4972/3576
f 3576/4971/3575 3575/4970/3574 3543/4934/3542 3545/4936/3544
f 3543/4934/3542 3575/4970/3574 3540/4929/3539 3539/4928/3538
f 3577/4972/3576 3576/4971/3575 3578/4973/3577 3579/4974/3578
f 3578/4973/3577 3576/4971/3575 3545/4936/3544 3547/4938/3546
f 3579/4974/3578 3578/4973/3577 3580/4975/3579 3581/4976/3580
f 3580/4975/3579 3578/4973/3577 3547/4938/3546 3549/4940/3548
f 3581/4976/3580 3580/4975/3579 3582/4977/3581 3583/4978/3582
f 3582/4977/3581 3580/4975/3579 3549/4940/3548 3551/4942/3550
f 3583/4978/3582 3582/4977/3581 3584/4979/3583 3585/4980/3584
f 3584/4979/3583 3582/4977/3581 3551/4942/3550 3553/4944/3552
f 3585/4980/3584 3584/4979/3583 3558/4981/3557 3586/4982/3585
f 3558/4981/3557 3584/4979/3583 3553/4944/3552 3555/4983/3554
f 3585/4980/3584 3586/4982/3585 3587/4984/3586 3588/4985/3587
f 3587/4986/3586 3586/4987/3585 3561/4954/3560 3589/4988/3588
f 3561/4954/3560 3586/4987/3585 3558/4951/3557 3557/4950/3556
f 3587/4986/3586 3589/4988/3588 3590/4989/3589 3591/4990/3590
f 3590/4989/3589 3589/4988/3588 3564/4957/3563 3592/4991/3591
f 3564/4957/3563 3589/4988/3588 3561/4954/3560 3560/4953/3559
f 3590/4989/3589 3592/4991/3591 3593/4992/3592 3594/4993/3593
f 3593/4992/3592 3592/4991/3591 3595/4994/3594 3596/4995/3595
f 3595/4994/3594 3592/4991/3591 3564/4957/3563 3563/4956/3562
f 3596/4995/3595 3595/4994/3594 3597/4996/3596 3598/4997/3597
f 3597/4996/3596 3595/4994/3594 3563/4956/3562 3566/4959/3565
f 3598/4997/3597 3597/4996/3596 3599/4998/3598 3600/4999/3599
f 3599/4998/3598 3597/4996/3596 3566/4959/3565 3568/4961/3567
f 3600/4999/3599 3599/4998/3598 3601/5000/3600 3602/5001/3601
f 3601/5000/3600 3599/4998/3598 3568/4961/3567 3570/4963/3569
f 3602/5002/3601 3601/5003/3600 3603/5004/3602 3604/5005/3603
f 3603/5004/3602 3601/5003/3600 3570/4964/3569 3572/4967/3571
f 3604/5005/3603 3603/5004/3602 3605/5006/3604 3606/5007/3605
f 3605/5006/3604 3603/5004/3602 3572/4967/3571 3574/4969/3573
f 3606/5007/3605 3605/5006/3604 3607/5008/3606 3608/5009/3607
f 3607/5008/3606 3605/5006/3604 3574/4969/3573 3609/5010/3608
f 3607/5008/3606 3609/5010/3608 3610/5011/3609 3611/5012/3610
f 3610/5011/3609 3609/5010/3608 3577/4972/3576 3579/4974/3578
f 3577/4972/3576 3609/5010/3608 3574/4969/3573 3573/4968/3572
f 3611/5012/3610 3610/5011/3609 3612/5013/3611 3613/5014/3612
f 3612/5013/3611 3610/5011/3609 3579/4974/3578 3581/4976/3580
f 3613/5014/3612 3612/5013/3611 3614/5015/3613 3615/5016/3614
f 3614/5015/3613 3612/5013/3611 3581/4976/3580 3583/4978/3582
f 3615/5016/3614 3614/5015/3613 3588/4985/3587 3616/5017/3615
f 3588/4985/3587 3614/5015/3613 3583/4978/3582 3585/4980/3584
f 3615/5016/3614 3616/5017/3615 3617/5018/3616 3618/5019/3617
f 3617/5018/3616 3616/5017/3615 3591/5020/3590 3619/5021/3618
f 3591/5020/3590 3616/5017/3615 3588/4985/3587 3587/4984/3586
f 3617/5018/3616 3619/5021/3618 3482/5022/3481 3486/5023/3485
f 3482/5024/3481 3619/5025/3618 3594/4993/3593 3483/5026/3482
f 3594/4993/3593 3619/5025/3618 3591/4990/3590 3590/4989/3589
f 3618/5019/3617 3617/5018/3616 3486/5023/3485 3487/5027/3486
f 3620/5028/3619 3618/5019/3617 3487/5027/3486 3621/5029/3620
f 3615/5016/3614 3618/5019/3617 3620/5028/3619 3613/5014/3612
f 3622/5030/3621 3621/5029/3620 3623/5031/3622 3624/5032/3623
f 3623/5031/3622 3621/5029/3620 3487/5027/3486 3485/5033/3484
f 3620/5028/3619 3621/5029/3620 3622/5030/3621 3625/5034/3624
f 3608/5009/3607 3625/5034/3624 3622/5030/3621 3626/5035/3625
f 3620/5028/3619 3625/5034/3624 3611/5012/3610 3613/5014/3612
f 3611/5012/3610 3625/5034/3624 3608/5009/3607 3607/5008/3606
f 3491/4866/3490 3626/5035/3625 3627/5036/3626 3488/4863/3487
f 3627/5036/3626 3626/5035/3625 3622/5030/3621 3624/5032/3623
f 3608/5009/3607 3626/5035/3625 3491/4866/3490 3606/5007/3605
f 3488/4863/3487 3627/5036/3626 3628/5037/3627 3493/4868/3492
f 3628/5037/3627 3627/5036/3626 3624/5032/3623 3629/5038/3628
f 3628/5039/3627 3629/5040/3628 3630/5041/3629 3631/5042/3630
f 3630/5041/3629 3629/5040/3628 3632/5043/3631 3633/5044/3632
f 3632/5045/3631 3629/5046/3628 3624/5047/3623 3623/5048/3622
f 3480/4855/3479 3632/5045/3631 3623/5048/3622 3485/4860/3484
f 3633/5044/3632 3632/5043/3631 3480/5049/3479 3483/5026/3482
f 3630/5041/3629 3633/5044/3632 3593/4992/3592 3596/4995/3595
f 3593/4992/3592 3633/5044/3632 3483/5026/3482 3594/4993/3593
f 3631/5042/3630 3630/5041/3629 3596/4995/3595 3598/4997/3597
f 3628/5039/3627 3631/5042/3630 3495/4873/3494 3493/4872/3492
f 3495/4873/3494 3631/5042/3630 3598/4997/3597 3600/4999/3599
f 3604/5005/3603 3606/5007/3605 3491/4866/3490 3490/4865/3489
f 3602/5002/3601 3604/5005/3603 3490/4865/3489 3494/4869/3493
f 3600/4999/3599 3602/5001/3601 3494/4870/3493 3495/4873/3494
f 3524/4910/3523 3523/4909/3522 3502/4881/3501 3503/4884/3502
f 3519/4905/3518 3522/4908/3521 3507/4888/3506 3506/4887/3505
f 3634/5050/3633 3635/5051/3634 3636/5052/3635 3637/5053/3636
f 3638/5054/3637 3639/5055/3638 3640/5056/3639 3641/5057/3640
f 3639/5055/3638 3636/5052/3635 3635/5051/3634 3640/5056/3639
f 3637/5053/3636 3636/5052/3635 3639/5055/3638 3642/5058/3641
f 3634/5059/3633 3637/5060/3636 3643/5061/3642 3644/5062/3643
f 3645/5063/3644 3646/5064/3645 3647/5065/3646 3648/5066/3647
f 3649/5067/3648 3650/5068/3649 3651/5069/3650 3652/5070/3651
f 3653/5071/3652 3654/5072/3653 3655/5073/3654 3656/5074/3655
f 3657/5075/3656 3654/5072/3653 3653/5071/3652 3658/5076/3657
f 3644/5062/3643 3659/5077/3658 3635/5078/3634 3634/5059/3633
f 3635/5078/3634 3659/5077/3658 3637/5079/3636 3642/5080/3641
f 3660/5081/3659 3659/5077/3658 3644/5062/3643 3661/5082/3660
f 3637/5079/3636 3659/5077/3658 3660/5081/3659 3662/5083/3661
f 3643/5084/3642 3637/5079/3636 3663/5085/3662 3664/5086/3663
f 3663/5085/3662 3637/5079/3636 3662/5083/3661 3665/5087/3664
f 3640/5056/3639 3635/5051/3634 3642/5088/3641 3666/5089/3665
f 3667/5090/3666 3668/5091/3667 3669/5092/3668 3670/5093/3669
f 3671/5094/3670 3672/5095/3671 3673/5096/3672 3674/5097/3673
f 3675/5098/3674 3672/5095/3671 3676/5099/3675 3677/5100/3676
f 3673/5096/3672 3672/5095/3671 3675/5098/3674 3678/5101/3677
f 3669/5092/3668 3668/5091/3667 3679/5102/3678 3680/5103/3679
f 3681/5104/3680 3682/5105/3681 3683/5106/3682 3684/5107/3683
f 3683/5108/3682 3682/5109/3681 3685/5110/3684 3686/5111/3685
f 3687/5112/3686 3682/5105/3681 3688/5113/3687 3689/5114/3688
f 3688/5113/3687 3682/5105/3681 3690/5115/3689 3691/5116/3690
f 3692/5117/3691 3682/5105/3681 3681/5104/3680 3693/5118/3692
f 3690/5115/3689 3682/5105/3681 3692/5117/3691 3694/5119/3693
f 3695/5120/3694 3696/5121/3695 3697/5122/3696 3698/5123/3697
f 3697/5124/3696 3696/5125/3695 3699/5126/3698 3700/5127/3699
f 3699/5128/3698 3696/5129/3695 3701/5130/3700 3702/5131/3701
f 3697/5124/3696 3700/5127/3699 3703/5132/3702 3704/5133/3703
f 3698/5123/3697 3697/5122/3696 3704/5134/3703 3705/5135/3704
f 3704/5136/3703 3703/5137/3702 3706/5138/3705 3707/5139/3706
f 3708/5140/3707 3709/5141/3708 3710/5142/3709 3711/5143/3710
f 3712/5144/3711 3713/5145/3712 3714/5146/3713 3715/5147/3714
f 3716/5148/3715 3717/5149/3716 3713/5145/3712 3712/5144/3711
f 3714/5150/3713 3713/5151/3712 3717/5152/3716 3718/5153/3717
f 3719/5154/3718 3717/5155/3716 3720/5156/3719 3721/5157/3720
f 3719/5154/3718 3721/5157/3720 3712/5144/3711 3715/5147/3714
f 3712/5144/3711 3721/5157/3720 3722/5158/3721 3716/5148/3715
f 3723/5159/3722 3724/5160/3723 3725/5161/3724 3726/5162/3725
f 3725/5161/3724 3724/5160/3723 3727/5163/3726 3728/5164/3727
f 3729/5165/3728 3730/5166/3729 3731/5167/3730 3732/5168/3731
f 3733/5169/3732 3734/5170/3733 3735/5171/3734 3736/5172/3735
f 3735/5171/3734 3734/5170/3733 3737/5173/3736 3738/5174/3737
f 3737/5175/3736 3734/5176/3733 3739/5177/3738 3740/5178/3739
f 3741/5179/3740 3740/5178/3739 3742/5180/3741 3743/5181/3742
f 3742/5180/3741 3740/5178/3739 3739/5177/3738 3744/5182/3743
f 3743/5183/3742 3742/5184/3741 3745/5185/3744 3746/5186/3745
f 3745/5187/3744 3742/5180/3741 3744/5182/3743 3747/5188/3746
f 3745/5185/3744 3747/5189/3746 3748/5190/3747 3749/5191/3748
f 3748/5192/3747 3747/5188/3746 3736/5193/3735 3750/5194/3749
f 3736/5193/3735 3747/5188/3746 3744/5182/3743 3733/5195/3732
f 3748/5190/3747 3750/5196/3749 3751/5197/3750 3752/5198/3751
f 3751/5199/3750 3750/5200/3749 3753/5201/3752 3754/5202/3753
f 3753/5201/3752 3750/5200/3749 3736/5172/3735 3735/5171/3734
f 3754/5202/3753 3753/5201/3752 3755/5203/3754 3756/5204/3755
f 3755/5203/3754 3753/5201/3752 3735/5171/3734 3738/5174/3737
f 3756/5204/3755 3755/5203/3754 3757/5205/3756 3758/5206/3757
f 3757/5205/3756 3755/5203/3754 3738/5174/3737 3759/5207/3758
f 3757/5205/3756 3759/5207/3758 3746/5186/3745 3760/5208/3759
f 3746/5186/3745 3759/5207/3758 3761/5209/3760 3743/5183/3742
f 3761/5209/3760 3759/5207/3758 3738/5174/3737 3737/5173/3736
f 3757/5205/3756 3760/5208/3759 3762/5210/3761 3758/5206/3757
f 3762/5210/3761 3760/5208/3759 3749/5191/3748 3763/5211/3762
f 3749/5191/3748 3760/5208/3759 3746/5186/3745 3745/5185/3744
f 3762/5210/3761 3763/5211/3762 3764/5212/3763 3765/5213/3764
f 3764/5212/3763 3763/5211/3762 3752/5198/3751 3766/5214/3765
f 3752/5198/3751 3763/5211/3762 3749/5191/3748 3748/5190/3747
f 3764/5212/3763 3766/5214/3765 3767/5215/3766 3768/5216/3767
f 3767/5215/3766 3766/5214/3765 3769/5217/3768 3770/5218/3769
f 3769/5217/3768 3766/5214/3765 3752/5198/3751 3751/5197/3750
f 3770/5219/3769 3769/5220/3768 3771/5221/3770 3772/5222/3771
f 3771/5221/3770 3769/5220/3768 3751/5199/3750 3754/5202/3753
f 3772/5222/3771 3771/5221/3770 3773/5223/3772 3774/5224/3773
f 3773/5223/3772 3771/5221/3770 3754/5202/3753 3756/5204/3755
f 3774/5224/3773 3773/5223/3772 3775/5225/3774 3776/5226/3775
f 3775/5225/3774 3773/5223/3772 3756/5204/3755 3758/5206/3757
f 3776/5226/3775 3775/5225/3774 3765/5213/3764 3777/5227/3776
f 3765/5213/3764 3775/5225/3774 3758/5206/3757 3762/5210/3761
f 3776/5226/3775 3777/5227/3776 3778/5228/3777 3779/5229/3778
f 3778/5228/3777 3777/5227/3776 3768/5216/3767 3780/5230/3779
f 3768/5216/3767 3777/5227/3776 3765/5213/3764 3764/5212/3763
f 3778/5228/3777 3780/5230/3779 3781/5231/3780 3782/5232/3781
f 3781/5231/3780 3780/5230/3779 3783/5233/3782 3784/5234/3783
f 3783/5233/3782 3780/5230/3779 3768/5216/3767 3767/5215/3766
f 3784/5234/3783 3783/5233/3782 3785/5235/3784 3729/5236/3728
f 3785/5235/3784 3783/5233/3782 3767/5215/3766 3770/5218/3769
f 3729/5165/3728 3785/5237/3784 3786/5238/3785 3730/5166/3729
f 3786/5238/3785 3785/5237/3784 3770/5219/3769 3772/5222/3771
f 3730/5166/3729 3786/5238/3785 3787/5239/3786 3788/5240/3787
f 3787/5239/3786 3786/5238/3785 3772/5222/3771 3774/5224/3773
f 3788/5240/3787 3787/5239/3786 3779/5229/3778 3789/5241/3788
f 3779/5229/3778 3787/5239/3786 3774/5224/3773 3776/5226/3775
f 3779/5229/3778 3778/5228/3777 3782/5232/3781 3789/5241/3788
f 3790/5242/3789 3784/5234/3783 3729/5236/3728 3732/5243/3731
f 3782/5232/3781 3790/5242/3789 3732/5243/3731 3789/5241/3788
f 3791/5244/3790 3792/5245/3791 3793/5246/3792 3794/5247/3793
f 3793/5248/3792 3792/5249/3791 3723/5159/3722 3795/5250/3794
f 3730/5251/3729 3792/5245/3791 3791/5244/3790 3796/5252/3795
f 3690/5115/3689 3796/5252/3795 3791/5244/3790 3691/5116/3690
f 3730/5251/3729 3796/5252/3795 3797/5253/3796 3731/5254/3730
f 3797/5253/3796 3796/5252/3795 3690/5115/3689 3694/5119/3693
f 3731/5255/3730 3797/5256/3796 3798/5257/3797 3728/5164/3727
f 3798/5257/3797 3797/5256/3796 3694/5258/3693 3799/5259/3798
f 3728/5164/3727 3798/5257/3797 3800/5260/3799 3725/5161/3724
f 3800/5260/3799 3798/5257/3797 3799/5259/3798 3687/5112/3686
f 3725/5161/3724 3800/5260/3799 3801/5261/3800 3726/5162/3725
f 3801/5261/3800 3800/5260/3799 3687/5112/3686 3689/5114/3688
f 3726/5162/3725 3801/5261/3800 3802/5262/3801 3803/5263/3802
f 3802/5262/3801 3801/5261/3800 3689/5114/3688 3804/5264/3803
f 3802/5262/3801 3804/5264/3803 3805/5265/3804 3806/5266/3805
f 3805/5265/3804 3804/5264/3803 3807/5267/3806 3808/5268/3807
f 3807/5267/3806 3804/5264/3803 3689/5114/3688 3688/5113/3687
f 3808/5268/3807 3807/5267/3806 3809/5269/3808 3810/5270/3809
f 3809/5269/3808 3807/5267/3806 3688/5113/3687 3691/5116/3690
f 3810/5270/3809 3809/5269/3808 3794/5247/3793 3811/5271/3810
f 3794/5247/3793 3809/5269/3808 3691/5116/3690 3791/5244/3790
f 3810/5270/3809 3811/5271/3810 3812/5272/3811 3813/5273/3812
f 3812/5272/3811 3811/5271/3810 3814/5274/3813 3815/5275/3814
f 3814/5274/3813 3811/5271/3810 3794/5247/3793 3793/5246/3792
f 3815/5276/3814 3814/5277/3813 3816/5278/3815 3817/5279/3816
f 3816/5278/3815 3814/5277/3813 3793/5248/3792 3795/5250/3794
f 3817/5279/3816 3816/5278/3815 3818/5280/3817 3819/5281/3818
f 3818/5280/3817 3816/5278/3815 3795/5250/3794 3803/5263/3802
f 3819/5281/3818 3818/5280/3817 3806/5266/3805 3820/5282/3819
f 3806/5266/3805 3818/5280/3817 3803/5263/3802 3802/5262/3801
f 3819/5283/3818 3820/5284/3819 3821/5285/3820 3822/5286/3821
f 3821/5285/3820 3820/5284/3819 3823/5287/3822 3824/5288/3823
f 3823/5289/3822 3820/5282/3819 3806/5266/3805 3805/5265/3804
f 3824/5290/3823 3823/5291/3822 3825/5292/3824 3826/5293/3825
f 3825/5294/3824 3823/5289/3822 3805/5265/3804 3808/5268/3807
f 3826/5293/3825 3825/5292/3824 3813/5295/3812 3827/5296/3826
f 3813/5273/3812 3825/5294/3824 3808/5268/3807 3810/5270/3809
f 3826/5293/3825 3827/5296/3826 3828/5297/3827 3829/5298/3828
f 3828/5297/3827 3827/5296/3826 3830/5299/3829 3831/5300/3830
f 3830/5299/3829 3827/5296/3826 3813/5295/3812 3812/5301/3811
f 3831/5300/3830 3830/5299/3829 3832/5302/3831 3833/5303/3832
f 3832/5302/3831 3830/5299/3829 3812/5301/3811 3815/5304/3814
f 3833/5303/3832 3832/5302/3831 3834/5305/3833 3835/5306/3834
f 3834/5305/3833 3832/5302/3831 3815/5304/3814 3817/5307/3816
f 3835/5306/3834 3834/5305/3833 3822/5286/3821 3836/5308/3835
f 3822/5286/3821 3834/5305/3833 3817/5307/3816 3819/5283/3818
f 3835/5306/3834 3836/5308/3835 3837/5309/3836 3838/5310/3837
f 3837/5309/3836 3836/5308/3835 3839/5311/3838 3840/5312/3839
f 3839/5311/3838 3836/5308/3835 3822/5286/3821 3821/5285/3820
f 3840/5312/3839 3839/5311/3838 3841/5313/3840 3842/5314/3841
f 3841/5313/3840 3839/5311/3838 3821/5285/3820 3824/5288/3823
f 3842/5315/3841 3841/5316/3840 3829/5298/3828 3843/5317/3842
f 3829/5298/3828 3841/5316/3840 3824/5290/3823 3826/5293/3825
f 3842/5315/3841 3843/5317/3842 3721/5157/3720 3720/5156/3719
f 3721/5157/3720 3843/5317/3842 3844/5318/3843 3722/5158/3721
f 3844/5318/3843 3843/5317/3842 3829/5298/3828 3828/5297/3827
f 3722/5158/3721 3844/5318/3843 3845/5319/3844 3846/5320/3845
f 3845/5319/3844 3844/5318/3843 3828/5297/3827 3831/5300/3830
f 3846/5320/3845 3845/5319/3844 3847/5321/3846 3848/5322/3847
f 3847/5321/3846 3845/5319/3844 3831/5300/3830 3833/5303/3832
f 3848/5322/3847 3847/5321/3846 3838/5310/3837 3849/5323/3848
f 3838/5310/3837 3847/5321/3846 3833/5303/3832 3835/5306/3834
f 3722/5158/3721 3846/5320/3845 3850/5324/3849 3716/5148/3715
f 3850/5324/3849 3846/5320/3845 3848/5322/3847 3851/5325/3850
f 3716/5148/3715 3850/5324/3849 3852/5326/3851 3717/5149/3716
f 3852/5326/3851 3850/5324/3849 3851/5325/3850 3853/5327/3852
f 3852/5326/3851 3853/5327/3852 3854/5328/3853 3855/5329/3854
f 3855/5329/3854 3854/5328/3853 3837/5309/3836 3840/5312/3839
f 3837/5309/3836 3854/5328/3853 3849/5323/3848 3838/5310/3837
f 3852/5326/3851 3855/5329/3854 3720/5330/3719 3717/5149/3716
f 3720/5330/3719 3855/5329/3854 3840/5312/3839 3842/5314/3841
f 3726/5162/3725 3803/5263/3802 3795/5250/3794 3723/5159/3722
f 3856/5331/3855 3799/5259/3798 3694/5258/3693 3692/5332/3691
f 3857/5333/3856 3719/5334/3718 3715/5335/3714 3858/5336/3857
f 3717/5152/3716 3719/5334/3718 3857/5333/3856 3859/5337/3858
f 3860/5338/3859 3859/5337/3858 3857/5333/3856 3861/5339/3860
f 3717/5152/3716 3859/5337/3858 3862/5340/3861 3718/5153/3717
f 3862/5340/3861 3859/5337/3858 3860/5338/3859 3863/5341/3862
f 3864/5342/3863 3863/5341/3862 3860/5338/3859 3865/5343/3864
f 3862/5340/3861 3863/5341/3862 3866/5344/3865 3867/5345/3866
f 3866/5344/3865 3863/5341/3862 3864/5342/3863 3868/5346/3867
f 3869/5347/3868 3868/5346/3867 3864/5342/3863 3870/5348/3869
f 3866/5344/3865 3868/5346/3867 3871/5349/3870 3872/5350/3871
f 3871/5349/3870 3868/5346/3867 3869/5347/3868 3873/5351/3872
f 3874/5352/3873 3873/5351/3872 3869/5347/3868 3875/5353/3874
f 3871/5349/3870 3873/5351/3872 3876/5354/3875 3877/5355/3876
f 3876/5354/3875 3873/5351/3872 3874/5352/3873 3878/5356/3877
f 3879/5357/3878 3878/5356/3877 3874/5352/3873 3880/5358/3879
f 3876/5354/3875 3878/5356/3877 3881/5359/3880 3882/5360/3881
f 3881/5359/3880 3878/5356/3877 3879/5357/3878 3883/5361/3882
f 3884/5362/3883 3883/5361/3882 3879/5357/3878 3885/5363/3884
f 3881/5359/3880 3883/5361/3882 3886/5364/3885 3887/5365/3886
f 3886/5364/3885 3883/5361/3882 3884/5362/3883 3888/5366/3887
f 3889/5367/3888 3888/5366/3887 3884/5362/3883 3890/5368/3889
f 3886/5364/3885 3888/5366/3887 3891/5369/3890 3892/5370/3891
f 3891/5369/3890 3888/5366/3887 3889/5367/3888 3893/5371/3892
f 3894/5372/3893 3893/5373/3892 3889/5374/3888 3895/5375/3894
f 3891/5376/3890 3893/5377/3892 3686/5111/3685 3896/5378/3895
f 3686/5379/3685 3893/5373/3892 3894/5372/3893 3683/5380/3682
f 3891/5376/3890 3896/5378/3895 3897/5381/3896 3892/5382/3891
f 3897/5381/3896 3896/5378/3895 3898/5383/3897 3899/5384/3898
f 3898/5383/3897 3896/5378/3895 3686/5111/3685 3685/5110/3684
f 3899/5384/3898 3898/5383/3897 3900/5385/3899 3702/5131/3701
f 3900/5385/3899 3898/5383/3897 3685/5110/3684 3901/5386/3900
f 3702/5131/3701 3900/5385/3899 3902/5387/3901 3699/5128/3698
f 3902/5387/3901 3900/5385/3899 3901/5386/3900 3693/5388/3692
f 3699/5126/3698 3902/5389/3901 3903/5390/3902 3904/5391/3903
f 3903/5390/3902 3902/5389/3901 3693/5392/3692 3681/5393/3680
f 3904/5391/3903 3903/5390/3902 3905/5394/3904 3906/5395/3905
f 3905/5394/3904 3903/5390/3902 3681/5393/3680 3684/5396/3683
f 3906/5395/3905 3905/5394/3904 3907/5397/3906 3908/5398/3907
f 3907/5397/3906 3905/5394/3904 3684/5396/3683 3909/5399/3908
f 3907/5400/3906 3909/5401/3908 3910/5402/3909 3911/5403/3910
f 3910/5402/3909 3909/5401/3908 3894/5372/3893 3895/5375/3894
f 3894/5372/3893 3909/5401/3908 3684/5404/3683 3683/5380/3682
f 3911/5403/3910 3910/5402/3909 3912/5405/3911 3913/5406/3912
f 3912/5405/3911 3910/5402/3909 3895/5375/3894 3914/5407/3913
f 3912/5405/3911 3914/5407/3913 3915/5408/3914 3916/5409/3915
f 3915/5408/3914 3914/5407/3913 3890/5410/3889 3917/5411/3916
f 3890/5410/3889 3914/5407/3913 3895/5375/3894 3889/5374/3888
f 3915/5408/3914 3917/5411/3916 3918/5412/3917 3919/5413/3918
f 3918/5414/3917 3917/5415/3916 3885/5363/3884 3920/5416/3919
f 3885/5363/3884 3917/5415/3916 3890/5368/3889 3884/5362/3883
f 3918/5414/3917 3920/5416/3919 3921/5417/3920 3714/5418/3713
f 3921/5417/3920 3920/5416/3919 3880/5358/3879 3922/5419/3921
f 3880/5358/3879 3920/5416/3919 3885/5363/3884 3879/5357/3878
f 3921/5417/3920 3922/5419/3921 3923/5420/3922 3858/5336/3857
f 3923/5420/3922 3922/5419/3921 3875/5353/3874 3924/5421/3923
f 3875/5353/3874 3922/5419/3921 3880/5358/3879 3874/5352/3873
f 3923/5420/3922 3924/5421/3923 3925/5422/3924 3861/5339/3860
f 3925/5422/3924 3924/5421/3923 3870/5348/3869 3926/5423/3925
f 3870/5348/3869 3924/5421/3923 3875/5353/3874 3869/5347/3868
f 3858/5336/3857 3923/5420/3922 3861/5339/3860 3857/5333/3856
f 3714/5418/3713 3921/5417/3920 3858/5336/3857 3715/5335/3714
f 3919/5413/3918 3918/5412/3917 3714/5150/3713 3718/5153/3717
f 3867/5345/3866 3919/5413/3918 3718/5153/3717 3862/5340/3861
f 3915/5408/3914 3919/5413/3918 3867/5345/3866 3916/5409/3915
f 3872/5350/3871 3916/5409/3915 3867/5345/3866 3866/5344/3865
f 3912/5405/3911 3916/5409/3915 3872/5350/3871 3913/5406/3912
f 3877/5355/3876 3913/5406/3912 3872/5350/3871 3871/5349/3870
f 3911/5403/3910 3913/5406/3912 3877/5355/3876 3927/5424/3926
f 3882/5360/3881 3927/5424/3926 3877/5355/3876 3876/5354/3875
f 3911/5403/3910 3927/5424/3926 3908/5425/3907 3907/5400/3906
f 3908/5425/3907 3927/5424/3926 3882/5360/3881 3928/5426/3927
f 3887/5365/3886 3928/5426/3927 3882/5360/3881 3881/5359/3880
f 3908/5398/3907 3928/5427/3927 3929/5428/3928 3906/5395/3905
f 3929/5429/3928 3928/5426/3927 3887/5365/3886 3930/5430/3886
f 3892/5370/3891 3930/5430/3886 3887/5365/3886 3886/5364/3885
f 3929/5428/3928 3930/5431/3886 3931/5432/3929 3932/5433/3930
f 3931/5432/3929 3930/5431/3886 3892/5382/3891 3897/5381/3896
f 3932/5433/3930 3931/5432/3929 3933/5434/3931 3700/5127/3699
f 3933/5434/3931 3931/5432/3929 3897/5381/3896 3899/5384/3898
f 3929/5428/3928 3932/5433/3930 3904/5391/3903 3906/5395/3905
f 3904/5391/3903 3932/5433/3930 3700/5127/3699 3699/5126/3698
f 3933/5434/3931 3899/5384/3898 3702/5131/3701 3701/5130/3700
f 3926/5423/3925 3870/5348/3869 3864/5342/3863 3865/5343/3864
f 3711/5143/3710 3710/5142/3709 3934/5435/3932 3935/5436/3933
f 3935/5436/3933 3934/5435/3932 3936/5437/3934 3937/5438/3935
f 3938/5439/3936 3939/5440/3937 3940/5441/3938 3941/5442/3939
f 3940/5441/3938 3939/5440/3937 3709/5141/3708 3708/5140/3707
f 3936/5437/3934 3939/5440/3937 3938/5439/3936 3942/5443/3940
f 3936/5437/3934 3942/5443/3940 3943/5444/3941 3937/5438/3935
f 3943/5445/3941 3942/5446/3940 3944/5447/3942 3945/5448/3943
f 3944/5447/3942 3942/5446/3940 3938/5449/3936 3946/5450/3944
f 3937/5438/3935 3943/5444/3941 3947/5451/3945 3948/5452/3946
f 3947/5453/3945 3943/5445/3941 3945/5448/3943 3949/5454/3947
f 3947/5455/3945 3949/5456/3947 3950/5457/3948 3951/5458/3949
f 3950/5457/3948 3949/5456/3947 3952/5459/3950 3953/5460/3951
f 3952/5459/3950 3949/5456/3947 3945/5461/3943 3946/5462/3944
f 3953/5460/3951 3952/5459/3950 3941/5442/3939 3954/5463/3952
f 3941/5442/3939 3952/5459/3950 3946/5462/3944 3938/5439/3936
f 3953/5460/3951 3954/5463/3952 3955/5464/3953 3956/5465/3954
f 3955/5464/3953 3954/5463/3952 3957/5466/3955 3958/5467/3956
f 3957/5466/3955 3954/5463/3952 3941/5442/3939 3940/5441/3938
f 3958/5467/3956 3957/5466/3955 3959/5468/3957 3960/5469/3958
f 3959/5468/3957 3957/5466/3955 3940/5441/3938 3708/5140/3707
f 3960/5469/3958 3959/5468/3957 3961/5470/3959 3962/5471/3960
f 3961/5470/3959 3959/5468/3957 3708/5140/3707 3711/5143/3710
f 3962/5471/3960 3961/5470/3959 3963/5472/3961 3964/5473/3962
f 3963/5472/3961 3961/5470/3959 3711/5143/3710 3935/5436/3933
f 3964/5473/3962 3963/5472/3961 3948/5452/3946 3965/5474/3963
f 3948/5452/3946 3963/5472/3961 3935/5436/3933 3937/5438/3935
f 3964/5473/3962 3965/5474/3963 3966/5475/3964 3967/5476/3965
f 3966/5475/3964 3965/5474/3963 3951/5477/3949 3968/5478/3966
f 3951/5477/3949 3965/5474/3963 3948/5452/3946 3947/5451/3945
f 3966/5479/3964 3968/5480/3966 3969/5481/3967 3970/5482/3968
f 3969/5481/3967 3968/5480/3966 3971/5483/3969 3972/5484/3970
f 3971/5483/3969 3968/5480/3966 3951/5458/3949 3950/5457/3948
f 3972/5484/3970 3971/5483/3969 3956/5465/3954 3973/5485/3971
f 3956/5465/3954 3971/5483/3969 3950/5457/3948 3953/5460/3951
f 3972/5484/3970 3973/5485/3971 3974/5486/3972 3975/5487/3973
f 3974/5486/3972 3973/5485/3971 3976/5488/3974 3977/5489/3975
f 3976/5488/3974 3973/5485/3971 3956/5465/3954 3955/5464/3953
f 3977/5489/3975 3976/5488/3974 3978/5490/3976 3979/5491/3977
f 3978/5490/3976 3976/5488/3974 3955/5464/3953 3958/5467/3956
f 3979/5491/3977 3978/5490/3976 3980/5492/3978 3981/5493/3979
f 3980/5492/3978 3978/5490/3976 3958/5467/3956 3960/5469/3958
f 3981/5493/3979 3980/5492/3978 3982/5494/3980 3983/5495/3981
f 3982/5494/3980 3980/5492/3978 3960/5469/3958 3962/5471/3960
f 3983/5495/3981 3982/5494/3980 3967/5476/3965 3984/5496/3982
f 3967/5476/3965 3982/5494/3980 3962/5471/3960 3964/5473/3962
f 3983/5495/3981 3984/5496/3982 3985/5497/3983 3986/5498/3984
f 3985/5499/3983 3984/5500/3982 3970/5501/3968 3987/5502/3985
f 3970/5503/3968 3984/5496/3982 3967/5476/3965 3966/5475/3964
f 3985/5499/3983 3987/5502/3985 3988/5504/3986 3989/5505/3987
f 3988/5504/3986 3987/5502/3985 3990/5506/3988 3991/5507/3989
f 3990/5506/3988 3987/5502/3985 3970/5501/3968 3969/5508/3967
f 3991/5507/3989 3990/5506/3988 3975/5509/3973 3992/5510/3990
f 3975/5487/3973 3990/5511/3988 3969/5481/3967 3972/5484/3970
f 3991/5507/3989 3992/5510/3990 3993/5512/3991 3994/5513/3992
f 3993/5512/3991 3992/5510/3990 3995/5514/3993 3996/5515/3994
f 3995/5514/3993 3992/5510/3990 3975/5509/3973 3974/5516/3972
f 3996/5515/3994 3995/5514/3993 3997/5517/3995 3998/5518/3996
f 3997/5519/3995 3995/5520/3993 3974/5486/3972 3977/5489/3975
f 3998/5518/3996 3997/5517/3995 3999/5521/3997 4000/5522/3998
f 3999/5523/3997 3997/5519/3995 3977/5489/3975 3979/5491/3977
f 4000/5524/3998 3999/5523/3997 4001/5525/3999 4002/5526/4000
f 4001/5525/3999 3999/5523/3997 3979/5491/3977 3981/5493/3979
f 4002/5526/4000 4001/5525/3999 3986/5498/3984 4003/5527/4001
f 3986/5498/3984 4001/5525/3999 3981/5493/3979 3983/5495/3981
f 4002/5528/4000 4003/5529/4001 3707/5139/3706 3706/5138/3705
f 3707/5530/3706 4003/5527/4001 3989/5531/3987 4004/5532/4002
f 3989/5531/3987 4003/5527/4001 3986/5498/3984 3985/5497/3983
f 3707/5139/3706 4004/5533/4002 3705/5534/3704 3704/5136/3703
f 3705/5135/3704 4004/5535/4002 4005/5536/4003 4006/5537/4004
f 4005/5536/4003 4004/5535/4002 3989/5538/3987 3988/5539/3986
f 4006/5537/4004 4005/5536/4003 3994/5540/3992 4007/5541/4005
f 3994/5513/3992 4005/5542/4003 3988/5504/3986 3991/5507/3989
f 4006/5537/4004 4007/5541/4005 4008/5543/4006 4009/5544/4007
f 4008/5543/4006 4007/5541/4005 3680/5103/3679 3679/5102/3678
f 3680/5103/3679 4007/5541/4005 3994/5540/3992 3993/5545/3991
f 4009/5544/4007 4008/5543/4006 4010/5546/4008 3703/5137/3702
f 4010/5546/4008 4008/5543/4006 3679/5102/3678 3667/5090/3666
f 3703/5137/3702 4010/5546/4008 4011/5547/4009 3706/5138/3705
f 4011/5547/4009 4010/5546/4008 3667/5090/3666 3670/5093/3669
f 3706/5138/3705 4011/5547/4009 4000/5548/3998 4002/5528/4000
f 4000/5548/3998 4011/5547/4009 3670/5093/3669 3998/5549/3996
f 3705/5135/3704 4006/5537/4004 4009/5544/4007 3698/5123/3697
f 3996/5515/3994 3998/5518/3996 3670/5550/3669 3669/5551/3668
f 3993/5512/3991 3996/5515/3994 3669/5551/3668 3680/5552/3679
f 4009/5544/4007 3703/5137/3702 3695/5120/3694 3698/5123/3697
f 3933/5434/3931 3701/5130/3700 3703/5132/3702 3700/5127/3699
f 3703/5132/3702 3701/5130/3700 3696/5129/3695 3695/5553/3694
f 3901/5386/3900 3856/5554/3855 3692/5555/3691 3693/5388/3692
f 3799/5259/3798 3856/5331/3855 3682/5105/3681 3687/5112/3686
f 3682/5109/3681 3856/5554/3855 3901/5386/3900 3685/5110/3684
f 3673/5096/3672 3678/5101/3677 4012/5556/4010 4013/5557/4011
f 4012/5556/4010 3678/5101/3677 4014/5558/4012 4015/5559/4013
f 4014/5558/4012 3678/5101/3677 3675/5098/3674 3661/5082/3660
f 4015/5559/4013 4014/5558/4012 3643/5061/3642 3664/5560/3663
f 3643/5061/3642 4014/5558/4012 3661/5082/3660 3644/5062/3643
f 4012/5556/4010 4015/5559/4013 4016/5561/4014 4017/5562/4015
f 4016/5561/4014 4015/5559/4013 3664/5560/3663 4018/5563/4016
f 4019/5564/4017 4018/5565/4016 3664/5086/3663 3663/5085/3662
f 4016/5561/4014 4018/5563/4016 4020/5566/4018 4021/5567/4019
f 4020/5568/4018 4018/5565/4016 4019/5564/4017 4022/5569/4020
f 4023/5570/4021 4022/5571/4020 4019/5572/4017 4024/5573/4022
f 4020/5574/4018 4022/5571/4020 4025/5575/4023 4026/5576/4024
f 4025/5575/4023 4022/5571/4020 4023/5570/4021 4027/5577/4025
f 4028/5578/4026 4027/5577/4025 4023/5570/4021 4029/5579/4027
f 4025/5575/4023 4027/5577/4025 4030/5580/4028 4031/5581/4029
f 4030/5580/4028 4027/5577/4025 4028/5578/4026 4032/5582/4030
f 4033/5583/4031 4032/5582/4030 4028/5578/4026 4034/5584/4032
f 4030/5580/4028 4032/5582/4030 4035/5585/4033 4036/5586/4034
f 4035/5585/4033 4032/5582/4030 4033/5583/4031 4037/5587/4035
f 4038/5588/4036 4037/5587/4035 4033/5583/4031 4039/5589/4037
f 4035/5585/4033 4037/5587/4035 4040/5590/4038 4041/5591/4039
f 4040/5590/4038 4037/5587/4035 4038/5588/4036 4042/5592/4040
f 4043/5593/4041 4042/5592/4040 4038/5588/4036 4044/5594/4042
f 4040/5590/4038 4042/5592/4040 4045/5595/4043 4046/5596/4044
f 4045/5595/4043 4042/5592/4040 4043/5593/4041 4047/5597/4045
f 4048/5598/4046 4047/5599/4045 4043/5600/4041 4049/5601/4047
f 4045/5602/4043 4047/5603/4045 3658/5076/3657 3653/5071/3652
f 3658/5076/3657 4047/5603/4045 4048/5604/4046 4050/5605/4048
f 4051/5606/4049 4050/5607/4048 4048/5598/4046 4052/5608/4050
f 3658/5076/3657 4050/5605/4048 4053/5609/4051 3657/5075/3656
f 4053/5609/4051 4050/5605/4048 4051/5610/4049 4054/5611/4052
f 4055/5612/4053 4056/5613/4054 4057/5614/4055 4058/5615/4056
f 4058/5615/4056 4057/5614/4055 4059/5616/4057 4060/5617/4058
f 4059/5616/4057 4057/5614/4055 4061/5618/4059 4062/5619/4060
f 4059/5616/4057 4062/5619/4060 4063/5620/4061 4064/5621/4062
f 4063/5620/4061 4062/5619/4060 4051/5610/4049 4052/5622/4050
f 4064/5623/4062 4063/5624/4061 4065/5625/4063 4036/5626/4034
f 4065/5625/4063 4063/5624/4061 4052/5608/4050 4066/5627/4064
f 4065/5628/4063 4066/5629/4064 4067/5630/4065 4031/5581/4029
f 4067/5631/4065 4066/5627/4064 4049/5601/4047 4068/5632/4066
f 4049/5601/4047 4066/5627/4064 4052/5608/4050 4048/5598/4046
f 4067/5633/4065 4068/5634/4066 4069/5635/4067 4026/5636/4024
f 4069/5635/4067 4068/5634/4066 4044/5594/4042 4070/5637/4068
f 4044/5594/4042 4068/5634/4066 4049/5638/4047 4043/5593/4041
f 4069/5635/4067 4070/5637/4068 4071/5639/4069 4021/5640/4019
f 4071/5639/4069 4070/5637/4068 4039/5589/4037 4072/5641/4070
f 4039/5589/4037 4070/5637/4068 4044/5594/4042 4038/5588/4036
f 4071/5639/4069 4072/5641/4070 4073/5642/4071 4017/5643/4015
f 4073/5642/4071 4072/5641/4070 4034/5584/4032 4074/5644/4072
f 4034/5584/4032 4072/5641/4070 4039/5589/4037 4033/5583/4031
f 4073/5645/4071 4074/5646/4072 4075/5647/4073 4013/5557/4011
f 4075/5647/4073 4074/5646/4072 4029/5648/4027 4076/5649/4074
f 4029/5579/4027 4074/5644/4072 4034/5584/4032 4028/5578/4026
f 4024/5650/4022 4076/5649/4074 4029/5648/4027 4023/5651/4021
f 4075/5647/4073 4076/5649/4074 4077/5652/4075 3674/5097/3673
f 4077/5652/4075 4076/5649/4074 4024/5650/4022 3665/5087/3664
f 3674/5097/3673 4077/5652/4075 4078/5653/4076 3671/5094/3670
f 4078/5653/4076 4077/5652/4075 3665/5087/3664 3662/5083/3661
f 3671/5094/3670 4078/5653/4076 3677/5100/3676 3676/5099/3675
f 3677/5100/3676 4078/5653/4076 3662/5083/3661 3660/5081/3659
f 4013/5557/4011 4075/5647/4073 3674/5097/3673 3673/5096/3672
f 4017/5562/4015 4073/5645/4071 4013/5557/4011 4012/5556/4010
f 4021/5640/4019 4071/5639/4069 4017/5643/4015 4016/5654/4014
f 4026/5636/4024 4069/5635/4067 4021/5640/4019 4020/5655/4018
f 4031/5581/4029 4067/5630/4065 4026/5576/4024 4025/5575/4023
f 4036/5586/4034 4065/5628/4063 4031/5581/4029 4030/5580/4028
f 4041/5656/4039 4064/5623/4062 4036/5626/4034 4035/5657/4033
f 4059/5616/4057 4064/5621/4062 4041/5658/4039 4060/5617/4058
f 4046/5659/4044 4060/5617/4058 4041/5658/4039 4040/5660/4038
f 4058/5615/4056 4060/5617/4058 4046/5659/4044 3656/5074/3655
f 4055/5612/4053 4058/5615/4056 3656/5074/3655 3655/5073/3654
f 4046/5659/4044 4045/5602/4043 3653/5071/3652 3656/5074/3655
f 3665/5087/3664 4024/5650/4022 4019/5564/4017 3663/5085/3662
f 3675/5098/3674 3677/5100/3676 3660/5081/3659 3661/5082/3660
f 4079/5661/4077 3666/5089/3665 4080/5662/4078 4081/5663/4079
f 4080/5662/4078 3666/5089/3665 3642/5088/3641 3639/5664/3638
f 3640/5056/3639 3666/5089/3665 4079/5661/4077 4082/5665/4080
f 3640/5056/3639 4082/5665/4080 4083/5666/4081 3641/5057/3640
f 4083/5666/4081 4082/5665/4080 4084/5667/4082 4085/5668/4083
f 4084/5667/4082 4082/5665/4080 4079/5661/4077 4086/5669/4084
f 4083/5666/4081 4085/5668/4083 4087/5670/4085 4088/5671/4086
f 4087/5670/4085 4085/5668/4083 4089/5672/4087 4090/5673/4088
f 4089/5672/4087 4085/5668/4083 4084/5667/4082 4091/5674/4089
f 4090/5673/4088 4089/5672/4087 4092/5675/4090 4093/5676/4091
f 4092/5675/4090 4089/5672/4087 4091/5674/4089 4094/5677/4092
f 4093/5676/4091 4092/5675/4090 4095/5678/4093 4096/5679/4094
f 4095/5678/4093 4092/5675/4090 4094/5677/4092 4081/5663/4079
f 4096/5679/4094 4095/5678/4093 4097/5680/4095 4098/5681/4096
f 4097/5680/4095 4095/5678/4093 4081/5663/4079 4080/5662/4078
f 4098/5681/4096 4097/5680/4095 3638/5682/3637 4099/5683/4097
f 3638/5682/3637 4097/5680/4095 4080/5662/4078 3639/5664/3638
f 4098/5681/4096 4099/5683/4097 4100/5684/4098 4101/5685/4099
f 4100/5686/4098 4099/5687/4097 4102/5688/4100 4103/5689/4101
f 4102/5688/4100 4099/5687/4097 3638/5054/3637 3641/5057/3640
f 4103/5689/4101 4102/5688/4100 4088/5671/4086 4104/5690/4102
f 4088/5671/4086 4102/5688/4100 3641/5057/3640 4083/5666/4081
f 4103/5689/4101 4104/5690/4102 4105/5691/4103 4106/5692/4104
f 4105/5691/4103 4104/5690/4102 4107/5693/4105 4108/5694/4106
f 4107/5693/4105 4104/5690/4102 4088/5671/4086 4087/5670/4085
f 4108/5694/4106 4107/5693/4105 4109/5695/4107 4110/5696/4108
f 4109/5695/4107 4107/5693/4105 4087/5670/4085 4090/5673/4088
f 4110/5696/4108 4109/5695/4107 4111/5697/4109 4112/5698/4110
f 4111/5697/4109 4109/5695/4107 4090/5673/4088 4093/5676/4091
f 4112/5698/4110 4111/5697/4109 4113/5699/4111 4114/5700/4112
f 4113/5699/4111 4111/5697/4109 4093/5676/4091 4096/5679/4094
f 4114/5700/4112 4113/5699/4111 4101/5685/4099 4115/5701/4113
f 4101/5685/4099 4113/5699/4111 4096/5679/4094 4098/5681/4096
f 4114/5700/4112 4115/5701/4113 4116/5702/4114 4117/5703/4115
f 4116/5702/4114 4115/5701/4113 4118/5704/4116 4119/5705/4117
f 4118/5704/4116 4115/5701/4113 4101/5685/4099 4100/5684/4098
f 4119/5706/4117 4118/5707/4116 4106/5692/4104 4120/5708/4118
f 4106/5692/4104 4118/5707/4116 4100/5686/4098 4103/5689/4101
f 4119/5706/4117 4120/5708/4118 3649/5709/3648 3652/5710/3651
f 3649/5709/3648 4120/5708/4118 4121/5711/4119 4122/5712/4120
f 4121/5711/4119 4120/5708/4118 4106/5692/4104 4105/5691/4103
f 4122/5712/4120 4121/5711/4119 4123/5713/4121 4124/5714/4122
f 4123/5713/4121 4121/5711/4119 4105/5691/4103 4108/5694/4106
f 4124/5714/4122 4123/5713/4121 4125/5715/4123 4126/5716/4124
f 4125/5715/4123 4123/5713/4121 4108/5694/4106 4110/5696/4108
f 4126/5716/4124 4125/5715/4123 4127/5717/4125 4128/5718/4126
f 4127/5717/4125 4125/5715/4123 4110/5696/4108 4112/5698/4110
f 4128/5718/4126 4127/5717/4125 4117/5703/4115 4129/5719/4127
f 4117/5703/4115 4127/5717/4125 4112/5698/4110 4114/5700/4112
f 4128/5718/4126 4129/5719/4127 4130/5720/4128 4131/5721/4129
f 4130/5720/4128 4129/5719/4127 4132/5722/4130 4133/5723/4131
f 4132/5722/4130 4129/5719/4127 4117/5703/4115 4116/5702/4114
f 4133/5724/4131 4132/5725/4130 3652/5070/3651 3651/5069/3650
f 3652/5070/3651 4132/5725/4130 4116/5726/4114 4119/5727/4117
f 4131/5728/4129 4130/5729/4128 3647/5065/3646 3646/5064/3645
f 3647/5065/3646 4130/5729/4128 4133/5724/4131 4134/5730/4132
f 4128/5718/4126 4131/5721/4129 4135/5731/4133 4126/5716/4124
f 4124/5714/4122 4126/5716/4124 4135/5731/4133 3645/5732/3644
f 4122/5712/4120 4124/5714/4122 3645/5732/3644 3648/5733/3647
f 3649/5067/3648 4122/5734/4120 3648/5066/3647 3650/5068/3649
f 4079/5661/4077 4081/5663/4079 4094/5677/4092 4086/5669/4084
f 4062/5619/4060 4061/5618/4059 4054/5611/4052 4051/5610/4049
f 4134/5730/4132 3650/5068/3649 3648/5066/3647 3647/5065/3646
f 4084/5667/4082 4086/5669/4084 4094/5677/4092 4091/5674/4089
f 4131/5728/4129 3646/5064/3645 3645/5063/3644 4135/5735/4133
f 3782/5232/3781 3781/5231/3780 3784/5234/3783 3790/5242/3789
f 3744/5182/3743 3739/5177/3738 3734/5176/3733 3733/5195/3732
f 4057/5614/4055 4056/5613/4054 4054/5611/4052 4061/5618/4059
f 4054/5611/4052 4056/5613/4054 4055/5612/4053 4053/5609/4051
f 3657/5075/3656 4053/5609/4051 4055/5612/4053 3655/5073/3654
f 3861/5339/3860 3925/5422/3924 3865/5343/3864 3860/5338/3859
f 3936/5437/3934 3934/5435/3932 3709/5141/3708 3939/5440/3937
f 3788/5736/3787 3727/5163/3726 3724/5160/3723 3723/5159/3722
f 3730/5737/3729 3788/5736/3787 3723/5159/3722 3792/5249/3791
f 3732/5243/3731 3727/5738/3726 3788/5240/3787 3789/5241/3788
f 3728/5164/3727 3727/5163/3726 3732/5739/3731 3731/5255/3730
f 861/1223/860 860/1222/859 859/1221/858 4136/5740/4134
f 865/5741/864 864/1230/863 4137/5742/4135 4138/5743/4136
f 4139/5744/4137 864/1230/863 867/1229/866 4140/5745/4138
f 4141/5746/4139 871/1234/870 4142/5747/4140 4143/5748/4141
f 875/1239/874 871/1238/870 4144/5749/4142 4145/5750/4143
f 4144/5749/4142 871/1238/870 4141/5751/4139 4146/5752/4144
f 4147/5753/4145 4148/5754/4146 4149/5755/4147 4150/5756/4148
f 4149/5755/4147 4148/5754/4146 4151/5757/4149 4152/5758/4150
f 4153/5759/4151 4154/5760/4152 4147/5753/4145 4150/5756/4148
f 4151/5757/4149 4148/5754/4146 4147/5753/4145 4154/5760/4152
f 4155/5761/4153 4156/5762/4154 4157/5763/4155 4158/5764/4156
f 4159/5765/4157 4160/5766/4158 4161/5767/4159 4162/5768/4160
f 4163/5769/4161 4160/5766/4158 4159/5765/4157 4164/5770/4162
f 4161/5767/4159 4160/5766/4158 4163/5769/4161 4165/5771/4163
f 861/1223/860 4136/5740/4134 4166/5772/4164 896/1261/895
f 4167/5773/4165 4136/5740/4134 859/1221/858 898/1263/897
f 4168/5774/4166 4169/5775/4167 4170/5776/4168 4171/5777/4169
f 4172/5778/4170 4169/5775/4167 4168/5774/4166 4173/5779/4171
f 4174/5780/4172 4169/5775/4167 4172/5778/4170 4175/5781/4173
f 4166/5782/4164 4176/5783/4174 4172/5778/4170 4173/5779/4171
f 4177/5784/4175 4176/5785/4174 4166/5772/4164 4136/5740/4134
f 4172/5786/4170 4176/5785/4174 4177/5784/4175 4175/5787/4173
f 4178/5788/4176 4179/5789/4177 4180/5790/4178 4181/5791/4179
f 4182/5792/4180 4179/5789/4177 4178/5788/4176 4183/5793/4181
f 4180/5790/4178 4179/5789/4177 4182/5792/4180 4184/5794/4182
f 4185/5795/4183 4181/5791/4179 4180/5790/4178 4186/5796/4184
f 4185/5795/4183 4186/5796/4184 4187/5797/4185 4188/5798/4186
f 4187/5797/4185 4186/5796/4184 4180/5790/4178 4184/5794/4182
f 4182/5792/4180 4183/5793/4181 4189/5799/4187 4190/5800/4188
f 4185/5795/4183 4191/5801/4189 4178/5788/4176 4181/5791/4179
f 4192/5802/4190 4191/5801/4189 4185/5795/4183 4193/5803/4191
f 4193/5803/4191 4185/5795/4183 4188/5798/4186 4194/5804/4192
f 4195/5805/4193 4196/5806/4194 4197/5807/4195 4198/5808/4196
f 4199/5809/4197 4200/5810/4198 4196/5806/4194 4195/5805/4193
f 4197/5807/4195 4196/5806/4194 4200/5810/4198 4201/5811/4199
f 4197/5812/4195 4202/5813/4200 4203/5814/4201 4204/5815/4202
f 4205/5816/4203 4206/5817/4204 4207/5818/4205 4208/5819/4206
f 4209/5820/4207 4206/5817/4204 4205/5816/4203 4210/5821/4208
f 4211/5822/4209 4208/5823/4206 4212/5824/4210 4213/5825/4211
f 4205/5826/4203 4208/5823/4206 4211/5822/4209 4214/5827/4212
f 4200/5828/4198 4215/5829/4213 4216/5830/4214 4217/5831/4215
f 4216/5832/4214 4215/5833/4213 4218/5834/4216 4219/5835/4217
f 4201/5836/4199 4200/5828/4198 4220/5837/4218 4221/5838/4219
f 4220/5837/4218 4200/5828/4198 4217/5831/4215 4222/5839/4220
f 4212/5824/4210 4208/5823/4206 4207/5840/4205 4223/5841/4221
f 4215/5842/4213 4201/5843/4199 4221/5844/4219 4224/5845/4222
f 4225/5846/4223 4226/5847/4224 4227/5848/4225 4228/5849/4226
f 4214/5850/4212 4219/5835/4217 4226/5847/4224 4225/5846/4223
f 4227/5848/4225 4226/5847/4224 4219/5835/4217 4218/5834/4216
f 4210/5821/4208 4229/5851/4227 4230/5852/4228 4209/5820/4207
f 4230/5852/4228 4229/5851/4227 4228/5849/4226 4231/5853/4229
f 4228/5849/4226 4229/5851/4227 4210/5821/4208 4225/5846/4223
f 4232/5854/4230 4227/5848/4225 4218/5834/4216 4233/5855/4231
f 4212/5824/4210 4223/5841/4221 4234/5856/4232 4235/5857/4233
f 4234/5856/4232 4223/5841/4221 4236/5858/4234 4237/5859/4235
f 4236/5860/4234 4223/5861/4221 4238/5862/4236 4239/5863/4237
f 4240/5864/4238 4241/5865/4239 4242/5866/4240 4243/5867/4241
f 4244/5868/4242 4241/5869/4239 4245/5870/4243 4246/5871/4244
f 4242/5872/4240 4241/5873/4239 4247/5874/4245 4248/5875/4246
f 4247/5876/4245 4241/5869/4239 4244/5868/4242 4249/5877/4247
f 4250/5878/4248 4251/5879/4249 4252/5880/4250 4253/5881/4251
f 4252/5880/4250 4251/5879/4249 4254/5882/4252 4255/5883/4253
f 4256/5884/4254 4255/5885/4253 4257/5886/4255 4258/5887/4256
f 4259/5888/4257 4260/5889/4258 4261/5890/4259 4262/5891/4260
f 4259/5888/4257 4262/5891/4260 4263/5892/4261 4264/5893/4262
f 4265/5894/4263 4266/5895/4264 4267/5896/4265 4268/5897/4266
f 4263/5892/4261 4262/5891/4260 4266/5895/4264 4265/5894/4263
f 4266/5895/4264 4262/5891/4260 4261/5890/4259 4267/5896/4265
f 4269/5898/4267 4265/5894/4263 4268/5897/4266 4270/5899/4268
f 4271/5900/4269 4265/5894/4263 4269/5898/4267 4272/5901/4270
f 4263/5892/4261 4265/5894/4263 4271/5900/4269 4273/5902/4271
f 4272/5901/4270 4274/5903/4272 4273/5902/4271 4271/5900/4269
f 4273/5902/4271 4274/5903/4272 4275/5904/4273 4276/5905/4274
f 4275/5904/4273 4274/5903/4272 4272/5901/4270 4277/5906/4275
f 4278/5907/4276 4279/5908/4277 4280/5909/4278 4281/5910/4279
f 4280/5909/4278 4279/5908/4277 4282/5911/4280 4277/5906/4275
f 4283/5912/4281 4279/5913/4277 4278/5914/4276 4284/5915/4282
f 4285/5916/4283 4279/5917/4277 4283/5918/4281 4286/5919/4284
f 4263/5892/4261 4273/5902/4271 4276/5905/4274 4264/5893/4262
f 4287/5920/4285 4288/5921/4286 4289/5922/4287 4290/5923/4288
f 4291/5924/4289 4288/5921/4286 4287/5920/4285 4292/5925/4290
f 4289/5922/4287 4288/5921/4286 4293/5926/4291 4294/5927/4292
f 4295/5928/4293 4296/5929/4294 4297/5930/4295 4298/5931/4296
f 4297/5930/4295 4296/5929/4294 4290/5923/4288 4289/5922/4287
f 4290/5923/4288 4296/5929/4294 4295/5928/4293 4299/5932/4297
f 4300/5933/4298 4301/5934/4299 4302/5935/4300 4303/5936/4301
f 4302/5935/4300 4301/5934/4299 4304/5937/4302 4305/5938/4303
f 4306/5939/4304 4300/5933/4298 4294/5927/4292 4293/5926/4291
f 4295/5928/4293 4307/5940/4305 4308/5941/4306 4299/5932/4297
f 4308/5941/4306 4307/5940/4305 4309/5942/4307 4310/5943/4308
f 4309/5942/4307 4307/5940/4305 4295/5928/4293 4298/5931/4296
f 4299/5944/4297 4308/5945/4306 4310/5946/4308 4311/5947/4309
f 4305/5938/4303 4310/5943/4308 4309/5942/4307 4302/5935/4300
f 4311/5947/4309 4310/5946/4308 4312/5948/4310 4313/5949/4311
f 4312/5950/4310 4310/5943/4308 4305/5938/4303 4314/5951/4312
f 4292/5952/4290 4287/5953/4285 4315/5954/4313 4316/5955/4314
f 4315/5954/4313 4317/5956/4315 4318/5957/4316 4319/5958/4317
f 4287/5953/4285 4311/5947/4309 4317/5956/4315 4315/5954/4313
f 4318/5957/4316 4317/5956/4315 4311/5947/4309 4313/5949/4311
f 4311/5947/4309 4287/5953/4285 4290/5959/4288 4299/5944/4297
f 4320/5960/4318 4321/5961/4319 4322/5962/4320 4323/5963/4321
f 4324/5964/4322 4322/5962/4320 4321/5961/4319 4325/5965/4323
f 4320/5960/4318 4323/5963/4321 4326/5966/4324 4327/5967/4325
f 4328/5968/4326 4323/5963/4321 4322/5962/4320 4329/5969/4327
f 4330/5970/4328 4331/5971/4329 4320/5960/4318 4327/5967/4325
f 4325/5965/4323 4321/5961/4319 4332/5972/4330 4333/5973/4331
f 4332/5972/4330 4331/5971/4329 4330/5970/4328 4334/5974/4332
f 4335/5975/4333 4328/5968/4326 4329/5969/4327 4336/5976/4334
f 4326/5966/4324 4323/5963/4321 4337/5977/4335 4338/5978/4336
f 4337/5977/4335 4335/5975/4333 4339/5979/4337 4340/5980/4338
f 4334/5974/4332 4341/5981/4339 4342/5982/4340 4332/5972/4330
f 4342/5982/4340 4341/5981/4339 4343/5983/4341 4344/5984/4342
f 4341/5981/4339 4334/5974/4332 4345/5985/4343 4343/5983/4341
f 4325/5965/4323 4333/5973/4331 4346/5986/4344 4347/5987/4345
f 4346/5986/4344 4333/5973/4331 4332/5972/4330 4342/5982/4340
f 4348/5988/4346 4337/5977/4335 4340/5980/4338 4349/5989/4347
f 4338/5978/4336 4337/5977/4335 4348/5988/4346 4350/5990/4348
f 4329/5969/4327 4322/5962/4320 4324/5964/4322 4336/5976/4334
f 4336/5976/4334 4351/5991/4349 4339/5979/4337 4335/5975/4333
f 4339/5979/4337 4351/5991/4349 4352/5992/4350 4353/5993/4351
f 4352/5992/4350 4351/5991/4349 4336/5976/4334 4324/5964/4322
f 4354/5994/4352 4344/5984/4342 4343/5983/4341 4355/5995/4353
f 4356/5996/4354 4344/5984/4342 4354/5994/4352 4357/5997/4355
f 4342/5982/4340 4344/5984/4342 4356/5996/4354 4346/5986/4344
f 4346/5986/4344 4356/5996/4354 4358/5998/4356 4347/5987/4345
f 4349/5989/4347 4354/5999/4352 4355/6000/4353 4348/5988/4346
f 4359/6001/4357 4354/6002/4352 4349/6003/4347 4360/6004/4358
f 4357/5997/4355 4354/5994/4352 4359/6005/4357 4361/6006/4359
f 4358/5998/4356 4356/5996/4354 4357/5997/4355 4362/6007/4360
f 4363/6008/4361 4340/5980/4338 4339/5979/4337 4353/5993/4351
f 4364/6009/4362 4340/6010/4338 4363/6011/4361 4365/6012/4363
f 4364/6009/4362 4365/6012/4363 4366/6013/4364 4367/6014/4365
f 4366/6013/4364 4365/6012/4363 4368/6015/4366 4369/6016/4367
f 4368/6017/4366 4365/6018/4363 4370/6019/4368 4371/6020/4369
f 4372/6021/4370 4361/6022/4359 4359/6023/4357 4373/6024/4371
f 4374/6025/4372 4361/6022/4359 4372/6021/4370 4375/6026/4373
f 4376/6027/4374 4361/6022/4359 4374/6025/4372 4377/6028/4375
f 4378/6029/4376 4361/6006/4359 4376/6030/4374 4379/6031/4377
f 4357/5997/4355 4361/6006/4359 4378/6029/4376 4362/6007/4360
f 4380/6032/4378 4381/6033/4379 4382/6034/4380 4383/6035/4381
f 4378/6029/4376 4381/6036/4379 4363/6008/4361 4362/6007/4360
f 4382/6037/4380 4381/6036/4379 4378/6029/4376 4379/6031/4377
f 4370/6019/4368 4381/6033/4379 4380/6032/4378 4384/6038/4382
f 4385/6039/4383 4386/6040/4384 4387/6041/4385 4388/6042/4386
f 4389/6043/4387 4386/6040/4384 4385/6039/4383 4390/6044/4388
f 4391/6045/4389 4386/6046/4384 4392/6047/4390 4393/6048/4391
f 4394/6049/4392 4386/6046/4384 4391/6045/4389 4395/6050/4393
f 4387/6041/4385 4386/6040/4384 4394/6051/4392 4396/6052/4394
f 4397/6053/4395 4392/6047/4390 4386/6046/4384 4389/6054/4387
f 4398/6055/4396 4392/6056/4390 4397/6057/4395 4399/6058/4397
f 4400/6059/4398 4392/6047/4390 4398/6060/4396 4401/6061/4399
f 4402/6062/4400 4392/6047/4390 4400/6059/4398 4403/6063/4401
f 4393/6048/4391 4392/6047/4390 4402/6062/4400 4404/6064/4402
f 4405/6065/4403 4406/6066/4404 4407/6067/4405 4408/6068/4406
f 4407/6067/4405 4406/6066/4404 4409/6069/4407 4410/6070/4408
f 4408/6068/4406 4407/6067/4405 4411/6071/4409 4412/6072/4410
f 4411/6071/4409 4407/6067/4405 4410/6070/4408 4413/6073/4411
f 4414/6074/4412 4415/6075/4413 4416/6076/4414 4417/6077/4415
f 4418/6078/4416 4419/6079/4417 4420/6080/4418 4421/6081/4419
f 4422/6082/4420 4423/6083/4421 4424/6084/4422 4425/6085/4423
f 4424/6084/4422 4423/6083/4421 4426/6086/4424 4427/6087/4425
f 4428/6088/4426 4429/6089/4427 4430/6090/4428 4431/6091/4429
f 4432/6092/4430 4429/6089/4427 4433/6093/4431 4434/6094/4432
f 4434/6094/4432 4433/6093/4431 4435/6095/4433 4436/6096/4434
f 4437/6097/4435 4438/6098/4436 1170/1600/1169 1169/1599/1168
f 1175/1606/1174 4438/6099/4436 4439/6100/4437 1173/1603/1172
f 4440/6101/4438 4441/6102/4439 4442/6103/4440 4443/6104/4441
f 1183/1614/1182 4444/6105/4442 4445/6106/4443 1180/1611/1179
f 4446/6107/4444 4444/6105/4442 1183/1614/1182 1184/1615/1183
f 4445/6106/4443 4444/6105/4442 4446/6107/4444 4447/6108/4445
f 1180/1611/1179 4445/6106/4443 4447/6108/4445 1187/1618/1186
f 1187/1618/1186 4447/6108/4445 4448/6109/4446 1188/1619/1187
f 4448/6110/4446 4447/6111/4445 4449/6112/4447 4450/6113/4448
f 4449/6112/4447 4447/6111/4445 4446/6114/4444 4451/6115/4449
f 4452/6116/4450 4446/6107/4444 1194/1625/1193 1193/1624/1192
f 4453/6117/4451 4454/6118/4452 4455/6119/4453 4456/6120/4454
f 4457/6121/4455 4454/6118/4452 4453/6117/4451 4458/6122/4456
f 4455/6119/4453 4454/6118/4452 4457/6121/4455 4459/6123/4457
f 4453/6117/4451 4460/6124/4458 4461/6125/4459 4458/6122/4456
f 4462/6126/4460 4460/6124/4458 4453/6117/4451 4456/6120/4454
f 4456/6120/4454 4455/6119/4453 4459/6123/4457 4463/6127/4461
f 4462/6128/4460 4456/6129/4454 4463/6130/4461 4464/6131/4462
f 4458/6132/4456 4465/6133/4463 4466/6134/4464 4457/6135/4455
f 4467/6136/4465 4465/6133/4463 4468/6137/4466 4469/6138/4467
f 4468/6137/4466 4465/6133/4463 4470/6139/4468 4471/6140/4469
f 4470/6139/4468 4465/6133/4463 4458/6132/4456 4461/6141/4459
f 4460/6142/4458 4462/6128/4460 4464/6131/4462 4461/6141/4459
f 4472/6143/4470 4473/6144/4471 4474/6145/4472 4475/6146/4473
f 4476/6147/4474 4473/6144/4471 4472/6143/4470 4477/6148/4475
f 4478/6149/4476 4472/6143/4470 4475/6146/4473 4479/6150/4477
f 4477/6148/4475 4472/6143/4470 4478/6149/4476 4480/6151/4478
f 4481/6152/4479 4482/6153/4480 4478/6154/4476 4479/6155/4477
f 4483/6156/4481 4482/6153/4480 4481/6152/4479 4484/6157/4482
f 4478/6154/4476 4482/6153/4480 4485/6158/4483 4480/6159/4478
f 4486/6160/4484 4487/6161/4485 4488/6162/4486 4489/6163/4487
f 4490/6164/4488 4488/6165/4486 4491/6166/4489 4492/6167/4490
f 4493/6168/4491 4488/6165/4486 4490/6164/4488 4494/6169/4492
f 4495/6170/4493 4491/6171/4489 4486/6160/4484 4496/6172/4494
f 4492/6173/4490 4497/6174/4495 4493/6168/4491 4494/6169/4492
f 4489/6175/4487 4497/6176/4495 4495/6170/4493 4498/6177/4496
f 4499/6178/4497 4465/6179/4463 4467/6180/4465 4500/6181/4498
f 4466/6182/4464 4465/6179/4463 4499/6178/4497 4501/6183/4499
f 4468/6137/4466 4471/6140/4469 4502/6184/4500 4499/6185/4497
f 4503/6186/4501 4471/6140/4469 4470/6139/4468 4504/6187/4502
f 4501/6188/4499 4499/6189/4497 4502/6190/4500 4505/6191/4503
f 4506/6192/4504 4452/6193/4450 4507/6194/4505 4508/6195/4506
f 4507/6196/4505 4452/6116/4450 1193/1624/1192 1252/1701/1251
f 1173/1603/1172 4439/6100/4437 4437/6197/4435 1169/1702/1168
f 4509/6198/4507 4510/6199/4508 4443/6200/4441 4511/6201/4509
f 4510/6199/4508 4512/6202/4510 4440/6203/4438 4443/6200/4441
f 1259/1713/1258 4138/6204/4136 4513/6205/4511 1257/1710/1256
f 4513/6205/4511 4138/6204/4136 4514/6206/4512 4515/6207/4513
f 4514/6208/4512 4138/5743/4136 4137/5742/4135 4139/5744/4137
f 4516/6209/4514 4431/6210/4429 4517/6211/4515 4518/6212/4516
f 4428/6088/4426 4431/6091/4429 4516/6213/4514 4519/6214/4517
f 4513/6205/4511 4515/6207/4513 4520/6215/4518 4521/6216/4519
f 4520/6215/4518 4515/6207/4513 4518/6212/4516 4522/6217/4520
f 4523/6218/4521 4432/6219/4430 4434/6220/4432 4524/6221/4522
f 4525/6222/4523 4526/6223/4524 4527/6224/4525 4528/6225/4526
f 4529/6226/4527 4526/6223/4524 4430/6227/4428 4432/6219/4430
f 4516/6213/4514 4514/6208/4512 4139/5744/4137 4519/6214/4517
f 4530/6228/4528 4531/6229/4529 4532/6230/4530 4533/6231/4531
f 4435/6095/4433 4531/6229/4529 4530/6228/4528 4534/6232/4532
f 4533/6231/4531 4532/6230/4530 4139/5744/4137 4140/5745/4138
f 4426/6233/4424 4423/6234/4421 4535/6235/4533 4536/6236/4534
f 4537/6237/4535 4535/6235/4533 4423/6234/4421 4422/6238/4420
f 4536/6236/4534 4535/6235/4533 4538/6239/4536 4539/6240/4537
f 4496/6172/4494 4486/6160/4484 4489/6163/4487 4540/6241/4538
f 4525/6242/4523 4528/6243/4526 4541/6244/4539 4542/6245/4540
f 4541/6244/4539 4528/6243/4526 4543/6246/4541 4544/6247/4542
f 4545/6248/4543 4546/6249/4544 4547/6250/4545 4548/6251/4546
f 4549/6252/4547 4550/6253/4548 4546/6254/4544 4545/6255/4543
f 4551/6256/4549 4552/6257/4550 4553/6258/4551 4554/6259/4552
f 4553/6258/4551 4552/6257/4550 4555/6260/4553 4556/6261/4554
f 4557/6262/4555 4523/6263/4521 4524/6264/4522 4558/6265/4556
f 4559/6266/4557 4523/6218/4521 4557/6267/4555 4560/6268/4558
f 4539/6269/4537 4538/6270/4536 4498/6177/4496 4495/6170/4493
f 4498/6271/4496 4538/6272/4536 4559/6266/4557 4560/6268/4558
f 4540/6241/4538 4538/6273/4536 4561/6274/4559 4496/6172/4494
f 4559/6266/4557 4538/6272/4536 4540/6275/4538 4543/6276/4541
f 4498/6271/4496 4560/6268/4558 4562/6277/4560 4489/6278/4487
f 4540/6279/4538 4489/6280/4487 4562/6281/4560 4543/6246/4541
f 4563/6282/4561 4564/6283/4562 4542/6245/4540 4541/6244/4539
f 4542/6284/4540 4564/6285/4562 4565/6286/4563 4566/6287/4564
f 4542/6288/4540 4566/6289/4564 4567/6290/4565 4525/6291/4523
f 4567/6290/4565 4566/6289/4564 4568/6292/4566 4569/6293/4567
f 4568/6294/4566 4566/6287/4564 4570/6295/4568 4571/6296/4569
f 4570/6295/4568 4566/6287/4564 4565/6286/4563 4572/6297/4570
f 4543/6246/4541 4562/6281/4560 4573/6298/4571 4544/6247/4542
f 4574/6299/4572 4562/6277/4560 4560/6268/4558 4575/6300/4573
f 4576/6301/4574 4562/6281/4560 4574/6302/4572 4577/6303/4575
f 4573/6298/4571 4562/6281/4560 4576/6301/4574 4578/6304/4576
f 4579/6305/4577 4570/6295/4568 4572/6297/4570 4580/6306/4578
f 4573/6298/4571 4570/6295/4568 4579/6305/4577 4544/6247/4542
f 4571/6296/4569 4570/6295/4568 4581/6307/4579 4582/6308/4580
f 4581/6307/4579 4570/6295/4568 4573/6298/4571 4578/6304/4576
f 4583/6309/4581 4584/6310/4582 4585/6311/4583 4586/6312/4584
f 4587/6313/4585 4584/6314/4582 4583/6315/4581 4588/6316/4586
f 4585/6317/4583 4584/6314/4582 4587/6313/4585 4589/6318/4587
f 4589/6318/4587 4587/6313/4585 4588/6316/4586 4590/6319/4588
f 4591/6320/4589 4592/6321/4590 4593/6322/4591 4594/6323/4592
f 4595/6324/4593 4592/6325/4590 4591/6326/4589 4596/6327/4594
f 4593/6328/4591 4592/6325/4590 4595/6324/4593 4597/6329/4595
f 4589/6318/4587 4590/6319/4588 4595/6324/4593 4596/6327/4594
f 4595/6324/4593 4590/6319/4588 4598/6330/4596 4599/6331/4597
f 4600/6332/4598 4590/6319/4588 4588/6316/4586 4601/6333/4599
f 4597/6334/4595 4590/6319/4588 4600/6332/4598 4602/6335/4600
f 4598/6330/4596 4590/6319/4588 4597/6334/4595 4603/6336/4601
f 4589/6318/4587 4596/6327/4594 4591/6326/4589 4585/6317/4583
f 4593/6322/4591 4597/6337/4595 4602/6338/4600 4604/6339/4602
f 4603/6340/4601 4597/6341/4595 4595/6342/4593 4599/6343/4597
f 4605/6344/4603 4606/6345/4604 4607/6346/4605 4608/6347/4606
f 4609/6348/4607 4606/6349/4604 4605/6350/4603 4610/6351/4608
f 4611/6352/4609 4410/6070/4408 4409/6069/4407 4612/6353/4610
f 4413/6073/4411 4410/6070/4408 4611/6352/4609 4613/6354/4611
f 4614/6355/4612 4615/6356/4613 4616/6357/4614 4617/6358/4615
f 4618/6359/4616 4615/6356/4613 4415/6075/4413 4619/6360/4617
f 4619/6360/4617 4415/6075/4413 4414/6074/4412 4620/6361/4618
f 4621/6362/4619 4622/6363/4620 4623/6364/4621 4624/6365/4622
f 4625/6366/4623 4626/6367/4624 4627/6368/4625 4628/6369/4626
f 4628/6369/4626 4629/6370/4627 4630/6371/4628 4631/6372/4629
f 4632/6373/4630 4629/6370/4627 4628/6369/4626 4627/6368/4625
f 4633/6374/4631 4634/6375/4632 4635/6376/4633 4636/6377/4634
f 4635/6376/4633 4634/6375/4632 4630/6378/4628 4637/6379/4635
f 4638/6380/4636 4634/6375/4632 4633/6374/4631 4639/6381/4637
f 4630/6378/4628 4634/6375/4632 4638/6380/4636 4631/6382/4629
f 4640/6383/4638 4641/6384/4639 4642/6385/4640 4643/6386/4641
f 4642/6385/4640 4641/6384/4639 4632/6373/4630 4627/6368/4625
f 4632/6373/4630 4641/6384/4639 4644/6387/4642 4637/6388/4635
f 4644/6389/4642 4641/6390/4639 4645/6391/4643 4646/6392/4644
f 4647/6393/4645 4639/6381/4637 4633/6374/4631 4648/6394/4646
f 4649/6395/4647 4639/6381/4637 4647/6393/4645 4650/6396/4648
f 1400/1899/1399 4651/6397/4649 4652/6398/4650 1397/1896/1396
f 4653/6399/4651 4651/6397/4649 1400/1899/1399 1401/1900/1400
f 4654/6400/4652 4655/6401/4653 4656/6402/4654 4657/6403/4655
f 4658/6404/4656 4655/6401/4653 4654/6400/4652 4659/6405/4657
f 4660/6406/4658 4655/6407/4653 4658/6408/4656 4661/6409/4659
f 4655/6407/4653 4660/6406/4658 4662/6410/4660 4663/6411/4661
f 4664/6412/4662 4662/6413/4660 4665/6414/4663 4666/6415/4664
f 4665/6416/4663 4662/6410/4660 4660/6406/4658 4667/6417/4665
f 4667/6417/4665 4660/6406/4658 4661/6409/4659 4668/6418/4666
f 4669/6419/4667 4670/6420/4668 4655/6421/4653 4663/6422/4661
f 4655/6401/4653 4670/6423/4668 4671/6424/4669 4656/6402/4654
f 4666/6415/4664 4670/6420/4668 4669/6419/4667 4664/6412/4662
f 4672/6425/4670 4670/6426/4668 4666/6427/4664 4673/6428/4671
f 4671/6429/4669 4670/6426/4668 4672/6425/4670 4674/6430/4672
f 4675/6431/4673 4676/6432/4674 4283/5912/4281 4284/5915/4282
f 4261/5890/4259 4676/6432/4674 4675/6431/4673 4267/5896/4265
f 4657/6403/4655 4676/6432/4674 4261/5890/4259 4260/5889/4258
f 4283/5912/4281 4676/6432/4674 4677/6433/4675 4286/6434/4284
f 4661/6409/4659 4658/6408/4656 4678/6435/4676 4679/6436/4677
f 4680/6437/4678 4658/6404/4656 4659/6405/4657 4681/6438/4679
f 4678/6435/4676 4658/6408/4656 4680/6439/4678 4682/6440/4680
f 4657/6403/4655 4656/6402/4654 4677/6433/4675 4676/6432/4674
f 4677/6441/4675 4656/6442/4654 4683/6443/4681 4684/6444/4682
f 4683/6443/4681 4656/6442/4654 4671/6445/4669 4685/6446/4683
f 4686/6447/4684 4285/5916/4283 4286/5919/4284 4687/6448/4685
f 4688/6449/4686 4689/6450/4687 4250/5878/4248 4253/5881/4251
f 4690/6451/4688 4689/6450/4687 4688/6449/4686 4691/6452/4689
f 4692/6453/4690 4693/6454/4691 4694/6455/4692 4695/6456/4693
f 4696/6457/4694 4697/6458/4695 4698/6459/4696 4699/6460/4697
f 4699/6460/4697 4698/6459/4696 4700/6461/4698 4701/6462/4699
f 4702/6463/4700 4703/6464/4701 4255/6465/4253 4256/6466/4254
f 4704/6467/4702 4703/6464/4701 4702/6463/4700 4705/6468/4703
f 4255/6465/4253 4703/6464/4701 4706/6469/4704 4252/6470/4250
f 4707/6471/4705 4708/6472/4706 4696/6457/4694 4699/6460/4697
f 4692/6473/4690 4695/6474/4693 4709/6475/4707 4710/6476/4708
f 4711/6477/4709 4695/6478/4693 4694/6479/4692 4712/6480/4710
f 4701/6462/4699 4700/6461/4698 4713/6481/4711 4714/6482/4712
f 4715/6483/4713 4716/6484/4714 4717/6485/4715 4718/6486/4716
f 4691/6452/4689 4688/6449/4686 4716/6484/4714 4715/6483/4713
f 4717/6485/4715 4716/6484/4714 4688/6449/4686 4719/6487/4717
f 4720/6488/4718 4721/6489/4719 4722/6490/4720 4723/6491/4721
f 4724/6492/4722 4721/6489/4719 4725/6493/4723 4726/6494/4724
f 4722/6490/4720 4721/6489/4719 4724/6492/4722 4727/6495/4725
f 4728/6496/4726 4729/6497/4727 4730/6498/4728 4731/6499/4729
f 4732/6500/4730 4729/6497/4727 4728/6496/4726 4733/6501/4731
f 4730/6502/4728 4729/6503/4727 4732/6504/4730 4734/6505/4732
f 4735/6506/4733 4736/6507/4734 4737/6508/4735 4738/6509/4736
f 4739/6510/4737 4736/6507/4734 4735/6506/4733 4731/6499/4729
f 4740/6511/4738 4736/6507/4734 4739/6510/4737 4741/6512/4739
f 4742/6513/4740 4736/6514/4734 4740/6515/4738 4743/6516/4741
f 4738/6509/4736 4744/6517/4742 4745/6518/4743 4735/6506/4733
f 4745/6518/4743 4744/6517/4742 4746/6519/4744 4747/6520/4745
f 4746/6519/4744 4744/6517/4742 4738/6509/4736 4748/6521/4746
f 4749/6522/4747 4750/6523/4748 4734/6505/4732 4732/6504/4730
f 4734/6505/4732 4750/6523/4748 4751/6524/4749 4752/6525/4750
f 4751/6524/4749 4750/6523/4748 4749/6522/4747 4753/6526/4751
f 4754/6527/4752 4737/6528/4735 4736/6514/4734 4742/6513/4740
f 4738/6529/4736 4737/6528/4735 4754/6527/4752 4748/6530/4746
f 4755/6531/4753 4756/6532/4754 4727/6495/4725 4724/6492/4722
f 4727/6495/4725 4756/6532/4754 4743/6533/4741 4757/6534/4755
f 4743/6516/4741 4756/6535/4754 4758/6536/4756 4742/6513/4740
f 4759/6537/4757 4760/6538/4758 4761/6539/4759 4762/6540/4760
f 4760/6541/4758 4756/6532/4754 4755/6531/4753 4761/6542/4759
f 4747/6520/4745 4763/6543/4761 4764/6544/4762 4733/6501/4731
f 4764/6545/4762 4763/6546/4761 4761/6542/4759 4765/6547/4763
f 4766/6548/4764 4763/6543/4761 4747/6520/4745 4746/6519/4744
f 4761/6539/4759 4763/6543/4761 4767/6549/4765 4762/6540/4760
f 4767/6549/4765 4763/6543/4761 4766/6548/4764 4768/6550/4766
f 4756/6535/4754 4760/6551/4758 4759/6552/4757 4769/6553/4767
f 4767/6549/4765 4770/6554/4768 4771/6555/4769 4762/6540/4760
f 4771/6555/4769 4770/6554/4768 4772/6556/4770 4773/6557/4771
f 4772/6556/4770 4770/6554/4768 4767/6549/4765 4768/6550/4766
f 4771/6555/4769 4774/6558/4772 4759/6537/4757 4762/6540/4760
f 4775/6559/4773 4776/6560/4774 4777/6561/4775 4778/6562/4776
f 4777/6561/4775 4776/6560/4774 4779/6563/4777 4769/6553/4767
f 4779/6563/4777 4776/6560/4774 4780/6564/4778 4781/6565/4779
f 4769/6553/4767 4779/6563/4777 4758/6536/4756 4756/6535/4754
f 4758/6536/4756 4779/6563/4777 4782/6566/4780 4783/6567/4781
f 4782/6566/4780 4779/6563/4777 4781/6565/4779 4784/6568/4782
f 4785/6569/4783 4771/6570/4769 4773/6571/4771 4786/6572/4784
f 4787/6573/4785 4772/6556/4770 4768/6550/4766 4788/6574/4786
f 4773/6571/4771 4772/6575/4770 4789/6576/4787 4790/6577/4788
f 4781/6565/4779 4780/6564/4778 4791/6578/4789 4792/6579/4790
f 4793/6580/4791 4794/6581/4792 4795/6582/4793 4796/6583/4794
f 4797/6584/4795 4794/6581/4792 4793/6580/4791 4798/6585/4796
f 4795/6582/4793 4794/6581/4792 4797/6584/4795 4799/6586/4797
f 4798/6585/4796 4793/6580/4791 4796/6583/4794 4800/6587/4798
f 4801/6588/4799 4240/5864/4238 4802/6589/4800 4803/6590/4801
f 4802/6589/4800 4240/5864/4238 4804/6591/4802 4805/6592/4803
f 4804/6591/4802 4240/5864/4238 4243/5867/4241 4806/6593/4804
f 4807/6594/4805 4808/6595/4806 4809/6596/4807 4810/6597/4808
f 4811/6598/4809 4812/6599/4810 4813/6600/4811 4814/6601/4812
f 4812/6599/4810 4815/6602/4813 4816/6603/4814 4813/6600/4811
f 4817/6604/4815 4812/6599/4810 4811/6598/4809 4818/6605/4816
f 4819/6606/4817 4820/6607/4818 4821/6608/4819 4822/6609/4820
f 4823/6610/4821 4824/6611/4822 4825/6612/4823 4826/6613/4824
f 4825/6612/4823 4824/6611/4822 4827/6614/4825 4828/6615/4826
f 4827/6614/4825 4824/6611/4822 4829/6616/4827 4830/6617/4828
f 4829/6616/4827 4824/6611/4822 4831/6618/4829 4832/6619/4830
f 4833/6620/4831 4834/6621/4832 4835/6622/4833 4836/6623/4834
f 4837/6624/4835 4834/6621/4832 4833/6620/4831 4838/6625/4836
f 4835/6622/4833 4834/6621/4832 4837/6624/4835 4839/6626/4837
f 4840/6627/4838 4839/6628/4837 4837/6629/4835 4841/6630/4839
f 4842/6631/4840 4839/6628/4837 4840/6627/4838 4843/6632/4841
f 4844/6633/4842 4815/6602/4813 4817/6604/4815 4845/6634/4843
f 4846/6635/4844 4839/6628/4837 4842/6631/4840 4847/6636/4845
f 4848/6637/4846 4849/6638/4847 4850/6639/4848 4851/6640/4849
f 4850/6639/4848 4849/6638/4847 4852/6641/4850 4853/6642/4851
f 4852/6643/4850 4854/6644/4852 4855/6645/4853 4856/6646/4854
f 4857/6647/4855 4850/6639/4848 4853/6642/4851 4858/6648/4856
f 4846/6635/4844 4847/6636/4845 4855/6645/4853 4854/6644/4852
f 4835/6649/4833 4859/6650/4857 4860/6651/4858 4836/6652/4834
f 4861/6653/4859 4851/6640/4849 4857/6647/4855 4858/6648/4856
f 4862/6654/4860 4816/6603/4814 4863/6655/4861 4864/6656/4862
f 4814/6601/4812 4813/6600/4811 4865/6657/4863 4866/6658/4864
f 4865/6657/4863 4813/6600/4811 4867/6659/4865 4868/6660/4866
f 4867/6659/4865 4813/6600/4811 4862/6654/4860 4869/6661/4867
f 4870/6662/4868 4871/6663/4869 4844/6633/4842 4845/6634/4843
f 4844/6633/4842 4871/6663/4869 4858/6648/4856 4863/6655/4861
f 4858/6648/4856 4871/6663/4869 4870/6662/4868 4861/6653/4859
f 4856/6646/4854 4855/6645/4853 4847/6636/4845 4872/6664/4870
f 4863/6655/4861 4858/6648/4856 4873/6665/4871 4864/6656/4862
f 4873/6665/4871 4858/6648/4856 4853/6642/4851 4874/6666/4872
f 4869/6667/4867 4875/6668/4873 4876/6669/4874 4877/6670/4875
f 4864/6656/4862 4875/6671/4873 4869/6661/4867 4862/6654/4860
f 4878/6672/4876 4875/6671/4873 4864/6656/4862 4873/6665/4871
f 4876/6669/4874 4875/6668/4873 4878/6673/4876 4879/6674/4877
f 4880/6675/4878 4881/6676/4879 4882/6677/4880 4883/6678/4881
f 4843/6632/4841 4882/6677/4880 4884/6679/4882 4842/6631/4840
f 4884/6679/4882 4882/6677/4880 4885/6680/4883 4886/6681/4884
f 4885/6680/4883 4882/6677/4880 4887/6682/4885 4888/6683/4886
f 4886/6681/4884 4879/6674/4877 4878/6673/4876 4889/6684/4887
f 4876/6669/4874 4879/6674/4877 4886/6681/4884 4885/6680/4883
f 4890/6685/4888 4880/6675/4878 4883/6678/4881 4891/6686/4889
f 4881/6676/4879 4880/6675/4878 4892/6687/4890 4893/6688/4891
f 4789/6576/4787 4894/6689/4892 4895/6690/4893 4790/6577/4788
f 4896/6691/4894 4894/6689/4892 4789/6576/4787 4897/6692/4895
f 4898/6693/4896 4894/6694/4892 4896/6695/4894 4899/6696/4897
f 4894/6694/4892 4900/6697/4898 4901/6698/4899 4902/6699/4900
f 4903/6700/4901 4798/6701/4796 4800/6702/4798 4904/6703/4902
f 4792/6579/4790 4798/6704/4796 4903/6705/4901 4905/6706/4903
f 4796/6707/4794 4245/6708/4243 4801/6588/4799 4800/6702/4798
f 4246/5871/4244 4245/5870/4243 4796/6709/4794 4795/6710/4793
f 4801/6588/4799 4803/6590/4801 4904/6703/4902 4800/6702/4798
f 4906/6711/4904 4803/6590/4801 4907/6712/4905 4908/6713/4906
f 4908/6714/4906 4907/6715/4905 4909/6716/4907 4910/6717/4908
f 4909/6718/4907 4907/6719/4905 4911/6720/4909 4912/6721/4910
f 4781/6565/4779 4792/6579/4790 4905/6706/4903 4784/6568/4782
f 4913/6722/4911 4914/6723/4912 4915/6724/4913 4916/6725/4914
f 4915/6724/4913 4914/6723/4912 4917/6726/4915 4918/6727/4916
f 4919/6728/4917 4920/6729/4918 4921/6730/4919 4922/6731/4920
f 4923/6732/4921 4920/6729/4918 4919/6728/4917 4924/6733/4922
f 4921/6730/4919 4920/6729/4918 4925/6734/4923 4926/6735/4924
f 4925/6734/4923 4920/6729/4918 4923/6732/4921 4927/6736/4925
f 4921/6730/4919 4928/6737/4926 4929/6738/4927 4922/6731/4920
f 4929/6738/4927 4928/6737/4926 4930/6739/4928 4931/6740/4929
f 4932/6741/4930 4928/6737/4926 4921/6730/4919 4926/6735/4924
f 4932/6741/4930 4926/6735/4924 4925/6734/4923 4933/6742/4931
f 4934/6743/4932 4923/6732/4921 4935/6744/4933 4936/6745/4934
f 4937/6746/4935 4935/6747/4933 4923/6748/4921 4924/6749/4922
f 4936/6750/4934 4935/6747/4933 4937/6746/4935 4938/6751/4936
f 4930/6739/4928 4928/6737/4926 4932/6741/4930 4933/6742/4931
f 4927/6736/4925 4923/6732/4921 4934/6743/4932 4939/6752/4937
f 4927/6736/4925 4940/6753/4938 4933/6742/4931 4925/6734/4923
f 4941/6754/4939 4940/6753/4938 4927/6736/4925 4939/6752/4937
f 4931/6755/4929 4930/6756/4928 4934/6743/4932 4942/6757/4940
f 4934/6743/4932 4930/6756/4928 4943/6758/4941 4944/6759/4942
f 4943/6760/4941 4930/6739/4928 4933/6742/4931 4945/6761/4943
f 4945/6761/4943 4933/6742/4931 4946/6762/4944 4947/6763/4945
f 4941/6754/4939 4946/6762/4944 4933/6742/4931 4940/6753/4938
f 4939/6752/4937 4934/6743/4932 4944/6759/4942 4948/6764/4946
f 4949/6765/4947 4950/6766/4948 4951/6767/4949 4952/6768/4950
f 4951/6769/4949 4950/6770/4948 4953/6771/4951 4954/6772/4952
f 4955/6773/4953 4950/6770/4948 4956/6774/4954 4957/6775/4955
f 4953/6771/4951 4950/6770/4948 4955/6773/4953 4958/6776/4956
f 4956/6777/4954 4950/6766/4948 4949/6765/4947 4959/6778/4957
f 4960/6779/4958 4961/6780/4959 4962/6781/4960 4963/6782/4961
f 4964/6783/4962 4965/6784/4963 4961/6785/4959 4966/6786/4964
f 4952/6787/4950 4951/6788/4949 4967/6789/4965 4968/6790/4966
f 4969/6791/4967 4951/6792/4949 4954/6793/4952 4970/6794/4968
f 4967/6795/4965 4951/6792/4949 4969/6791/4967 4971/6796/4969
f 4966/6797/4964 4961/6780/4959 4960/6779/4958 4972/6798/4970
f 4973/6799/4971 4974/6800/4972 4956/6777/4954 4959/6778/4957
f 4975/6801/4973 4974/6800/4972 4973/6799/4971 4976/6802/4974
f 4956/6774/4954 4974/6803/4972 4977/6804/4975 4957/6775/4955
f 4978/6805/4976 4974/6803/4972 4975/6806/4973 4979/6807/4977
f 4977/6804/4975 4974/6803/4972 4978/6805/4976 4980/6808/4978
f 1727/2315/1726 4981/6809/4979 4982/6810/4980 1724/6811/1723
f 4983/6812/4981 4981/6809/4979 4984/6813/4982 4985/6814/4983
f 4984/6813/4982 4981/6809/4979 1727/2315/1726 1731/2314/1730
f 1735/2319/1734 4986/6815/4984 4987/6816/4985 1732/2316/1731
f 4987/6817/4985 4986/6818/4984 4988/6819/4986 4989/6820/4987
f 4990/6821/4988 4986/6815/4984 1735/2319/1734 1738/2322/1737
f 4982/6822/4980 4981/6823/4979 4991/6824/4989 4992/6825/4990
f 4991/6824/4989 4981/6823/4979 4993/6826/4991 4994/6827/4992
f 4993/6828/4991 4981/6829/4979 4983/6830/4981 4995/6831/4993
f 4996/6832/4994 4986/6833/4984 4990/6834/4988 4997/6835/4995
f 4988/6819/4986 4986/6818/4984 4993/6828/4991 4995/6831/4993
f 4993/6826/4991 4986/6833/4984 4996/6832/4994 4994/6827/4992
f 4998/6836/4996 4999/6837/4997 5000/6838/4998 5001/6839/4999
f 4237/6840/4235 4999/6841/4997 5002/6842/5000 5003/6843/5001
f 5003/6843/5001 5002/6842/5000 5004/6844/5002 5005/6845/5003
f 5004/6846/5002 5002/6847/5000 5006/6848/5004 5007/6849/5005
f 4998/6836/4996 5001/6839/4999 5008/6850/5006 5009/6851/5007
f 5010/6852/5008 5011/6853/5009 5012/6854/5010 5013/6855/5011
f 5012/6854/5010 5011/6853/5009 5014/6856/5012 5015/6857/5013
f 5014/6856/5012 5011/6853/5009 1766/2359/1765 1765/2358/1764
f 5016/6858/5014 5011/6859/5009 5010/6860/5008 5017/6861/5015
f 5005/6845/5003 5004/6844/5002 5018/6862/5016 5019/6863/5017
f 5020/6864/5018 5004/6865/5002 5007/6866/5005 5021/6867/5019
f 5018/6868/5016 5004/6865/5002 5020/6864/5018 5022/6869/5020
f 5023/6870/5021 5024/6871/5022 5025/6872/5023 5026/6873/5024
f 5025/6872/5023 5024/6871/5022 5027/6874/5025 5028/6875/5026
f 5027/6876/5025 5024/6877/5022 5029/6878/5027 5030/6879/5028
f 5031/6880/5029 5024/6871/5022 5023/6870/5021 5032/6881/5030
f 5029/6878/5027 5024/6877/5022 5031/6882/5029 5033/6883/5031
f 5034/6884/5032 5035/6885/5033 5036/6886/5034 5037/6887/5035
f 5038/6888/5036 5035/6889/5033 5034/6890/5032 5039/6891/5037
f 5036/6886/5034 5035/6885/5033 5038/6892/5036 5040/6893/5038
f 5038/6888/5036 5039/6891/5037 5041/6894/5039 5042/6895/5040
f 5043/6896/5041 5039/6891/5037 5044/6897/5042 5045/6898/5043
f 5041/6894/5039 5039/6891/5037 5043/6896/5041 5046/6899/5044
f 5042/6900/5040 5041/6901/5039 5046/6902/5044 5047/6903/5045
f 5038/6892/5036 5042/6900/5040 5047/6903/5045 5040/6893/5038
f 5048/6904/5046 5049/6905/5047 5050/6906/5048 5051/6907/5049
f 5050/6906/5048 5049/6905/5047 5052/6908/5050 5053/6909/5051
f 5054/6910/5052 5049/6905/5047 5048/6904/5046 5055/6911/5053
f 5052/6912/5050 5049/6913/5047 5056/6914/5054 5057/6915/5055
f 5058/6916/5056 5059/6917/5057 5053/6918/5051 5052/6912/5050
f 5060/6919/5058 5061/6920/5059 5059/6917/5057 5058/6916/5056
f 5053/6921/5051 5059/6922/5057 5061/6923/5059 5062/6924/5060
f 5063/6925/5061 5054/6910/5052 5055/6911/5053 5064/6926/5062
f 5065/6927/5063 5054/6928/5052 5066/6929/5064 5067/6930/5065
f 5066/6931/5064 5054/6932/5052 5063/6933/5061 5068/6934/5066
f 5064/6926/5062 5055/6911/5053 5069/6935/5067 5070/6936/5068
f 5071/6937/5069 5027/6876/5025 5030/6879/5028 5072/6938/5070
f 5073/6939/5071 5027/6876/5025 5071/6937/5069 5074/6940/5072
f 5075/6941/5073 5076/6942/5074 5077/6943/5075 5078/6944/5076
f 5079/6945/5077 5076/6942/5074 5075/6941/5073 5080/6946/5078
f 5077/6947/5075 5076/6948/5074 5079/6949/5077 5081/6950/5079
f 5075/6941/5073 5082/6951/5080 5083/6952/5081 5080/6946/5078
f 5084/6953/5082 5082/6951/5080 5075/6941/5073 5078/6944/5076
f 5083/6954/5081 5082/6955/5080 5084/6956/5082 5085/6957/5083
f 5080/6958/5078 5083/6954/5081 5085/6957/5083 5086/6959/5084
f 5081/6950/5079 5079/6949/5077 5080/6958/5078 5086/6959/5084
f 1841/2462/1840 5087/6960/5085 5088/6961/5086 1838/2459/1837
f 5088/6961/5086 5087/6960/5085 5089/6962/5087 5090/6963/5088
f 5089/6962/5087 5087/6960/5085 1841/2462/1840 1844/2465/1843
f 5091/6964/5089 4145/5750/4143 4144/5749/4142 5092/6965/5090
f 5093/6966/5091 5094/6967/5092 5095/6968/5093 5096/6969/5094
f 1852/2473/1851 5094/6967/5092 5093/6966/5091 1851/2472/1850
f 5028/6875/5026 5027/6874/5025 5073/6970/5071 5097/6971/5095
f 5098/6972/5096 5099/6973/5097 5100/6974/5098 5101/6975/5099
f 5100/6976/5098 5099/6977/5097 5032/6881/5030 5023/6870/5021
f 5032/6978/5030 5099/6979/5097 5093/6966/5091 5096/6969/5094
f 5093/6966/5091 5099/6979/5097 1858/2482/1857 1851/2472/1850
f 1858/2484/1857 5099/6973/5097 5098/6972/5096 1859/2483/1858
f 5098/6972/5096 5102/6980/5100 1860/2485/1859 1859/2483/1858
f 1860/2485/1859 5102/6980/5100 5103/6981/5101 1862/2487/1861
f 5103/6981/5101 5102/6980/5100 5073/6970/5071 5074/6982/5072
f 5104/6983/5102 4239/5863/4237 1865/2491/1864 1864/2490/1863
f 1865/2491/1864 4239/5863/4237 4238/5862/4236 5105/6984/5103
f 5106/6985/5104 5107/6986/5105 5108/6987/5106 5109/6988/5107
f 5108/6987/5106 5107/6986/5105 5110/6989/5108 5111/6990/5109
f 5112/6991/5110 5107/6992/5105 5106/6993/5104 5113/6994/5111
f 5114/6995/5112 5115/6996/5113 5116/6997/5114 5117/6998/5115
f 5116/6997/5114 5115/6996/5113 5118/6999/5116 5119/7000/5117
f 5118/7001/5116 5115/7002/5113 5120/7003/5118 5121/7004/5119
f 5110/6989/5108 5107/6986/5105 5122/7005/5120 5123/7006/5121
f 5114/6995/5112 5117/6998/5115 5124/7007/5122 5125/7008/5123
f 5124/7009/5122 5117/7010/5115 5126/7011/5124 5127/7012/5125
f 4161/5767/4159 5128/7013/5126 5129/7014/5127 4162/5768/4160
f 5129/7014/5127 5128/7013/5126 5130/7015/5128 5131/7016/5129
f 5130/7015/5128 5128/7013/5126 4161/5767/4159 4165/5771/4163
f 4163/7017/4161 5132/7018/5130 5133/7019/5131 4165/7020/4163
f 5133/7019/5131 5132/7018/5130 5134/7021/5132 5135/7022/5133
f 5133/7019/5131 5136/7023/5134 5130/7024/5128 4165/7020/4163
f 5130/7015/5128 5136/7025/5134 5137/7026/5135 5131/7016/5129
f 5137/7027/5135 5136/7023/5134 5133/7019/5131 5135/7022/5133
f 5138/7028/5136 5134/7021/5132 5139/7029/5137 5140/7030/5138
f 5135/7031/5133 5134/7032/5132 5138/7033/5136 5141/7034/5139
f 5142/7035/5140 5137/7036/5135 5143/7037/5141 5144/7038/5142
f 5143/7037/5141 5137/7036/5135 5135/7031/5133 5141/7034/5139
f 5145/7039/5143 5140/7040/5138 5146/7041/5144 5147/7042/5145
f 5146/7041/5144 5148/7043/5146 5149/7044/5147 5147/7042/5145
f 5144/7038/5142 5148/7045/5146 5150/7046/5148 5142/7035/5140
f 5151/7047/5149 5152/7048/5150 5153/7049/5151 5154/7050/5152
f 5155/7051/5153 5152/7048/5150 5151/7047/5149 5156/7052/5154
f 5153/7049/5151 5152/7048/5150 5155/7051/5153 5157/7053/5155
f 5157/7054/5155 5155/7055/5153 5156/7056/5154 5158/7057/5156
f 5154/7050/5152 5159/7058/5157 5160/7059/5158 5161/7060/5159
f 5162/7061/5160 5159/7062/5157 5154/7063/5152 5153/7064/5151
f 5163/7065/5161 5159/7062/5157 5162/7061/5160 5164/7066/5162
f 5158/7057/5156 5165/7067/5163 5166/7068/5164 5162/7061/5160
f 5166/7069/5164 5165/7070/5163 5167/7071/5165 5168/7072/5166
f 5169/7073/5167 5170/7074/5168 5171/7075/5169 5172/7076/5170
f 5173/7077/5171 5170/7074/5168 5164/7066/5162 5174/7078/5172
f 5164/7066/5162 5170/7074/5168 5169/7073/5167 5163/7065/5161
f 5175/7079/5173 5176/7080/5174 5177/7081/5175 5178/7082/5176
f 5179/7083/5177 5176/7080/5174 5175/7079/5173 5180/7084/5178
f 5181/7085/5179 5176/7086/5174 5179/7087/5177 5182/7088/5180
f 5183/7089/5181 5174/7078/5172 5164/7066/5162 5162/7061/5160
f 5184/7090/5182 5185/7091/5183 5186/7092/5184 5187/7093/5185
f 5170/7074/5168 5173/7077/5171 5185/7091/5183 5184/7090/5182
f 5186/7094/5184 5185/7095/5183 5173/7096/5171 5188/7097/5186
f 5189/7098/5187 4285/5916/4283 4686/6447/4684 5190/7099/5188
f 5191/7100/5189 4286/7101/4284 4677/6441/4675 4684/6444/4682
f 4674/6430/4672 5192/7102/5190 4685/7103/4683 4671/6429/4669
f 5193/7104/5191 5194/7105/5192 5192/7102/5190 4674/6430/4672
f 4685/6446/4683 5192/7106/5190 5194/7107/5192 5195/7108/5193
f 5196/7109/5194 5197/7110/5195 4680/6437/4678 4681/6438/4679
f 5198/7111/5196 5197/7112/5195 5199/7113/5197 5200/7114/5198
f 4680/6439/4678 5197/7112/5195 5198/7111/5196 4682/6440/4680
f 5201/7115/5199 5202/7116/5200 5203/7117/5201 5204/7118/5202
f 5205/7119/5203 5202/7120/5200 5206/7121/5204 5207/7122/5205
f 5208/7123/5206 5209/7124/5207 5210/7125/5208 5211/7126/5209
f 5194/7107/5192 5209/7127/5207 5212/7128/5210 5213/7129/5211
f 5214/7130/5212 5209/7124/5207 5208/7123/5206 5215/7131/5213
f 5212/7132/5210 5209/7133/5207 5214/7134/5212 5216/7135/5214
f 5217/7136/5215 5218/7137/5216 5214/7138/5212 5215/7139/5213
f 5219/7140/5217 5218/7137/5216 5204/7118/5202 5203/7117/5201
f 5214/7134/5212 5218/7141/5216 5219/7142/5217 5216/7135/5214
f 5220/7143/5218 5221/7144/5219 5222/7145/5220 5207/7146/5205
f 5223/7147/5221 5221/7144/5219 5220/7143/5218 5224/7148/5222
f 5222/7145/5220 5221/7144/5219 5225/7149/5223 5226/7150/5224
f 5227/7151/5225 5221/7144/5219 5223/7147/5221 5228/7152/5226
f 5225/7149/5223 5221/7144/5219 5227/7151/5225 5229/7153/5227
f 5226/7154/5224 5230/7155/5228 5231/7156/5229 5222/7157/5220
f 5231/7156/5229 5230/7155/5228 5232/7158/5230 5233/7159/5231
f 5232/7158/5230 5230/7155/5228 5234/7160/5232 5235/7161/5233
f 5236/7162/5234 5237/7163/5235 5238/7164/5236 5239/7165/5237
f 5238/7164/5236 5237/7163/5235 5240/7166/5238 5241/7167/5239
f 5240/7166/5238 5237/7163/5235 5236/7162/5234 5242/7168/5240
f 5243/7169/5241 5238/7170/5236 5244/7171/5242 5245/7172/5243
f 5244/7171/5242 5238/7170/5236 5241/7173/5239 5246/7174/5244
f 5239/7175/5237 5238/7176/5236 5243/7177/5241 5247/7178/5245
f 5248/7179/5246 5239/7175/5237 5247/7178/5245 5249/7180/5247
f 5241/7167/5239 5240/7166/5238 5242/7168/5240 5250/7181/5248
f 5251/7182/5249 5252/7183/5250 5248/7184/5246 5249/7185/5247
f 5253/7186/5251 5252/7183/5250 5254/7187/5252 5255/7188/5253
f 5246/7174/5244 5241/7173/5239 5256/7189/5254 5257/7190/5255
f 5258/7191/5256 5241/7167/5239 5250/7181/5248 5253/7192/5251
f 5256/7193/5254 5241/7194/5239 5258/7195/5256 5259/7196/5257
f 5258/7197/5256 5253/7186/5251 5255/7188/5253 5260/7198/5258
f 5261/7199/5259 4635/7200/4633 5262/7201/5260 5263/7202/5261
f 5262/7201/5260 4635/7200/4633 4637/7203/4635 4644/7204/4642
f 4636/7205/4634 4635/7200/4633 5261/7199/5259 5264/7206/5262
f 5265/7207/5263 4649/7208/4647 5266/7209/5264 5267/7210/5265
f 5263/7202/5261 4649/7211/4647 5265/7212/5263 5261/7199/5259
f 5268/7213/5266 5261/7199/5259 5265/7212/5263 5269/7214/5267
f 5270/7215/5268 5261/7199/5259 5268/7213/5266 5271/7216/5269
f 5272/7217/5270 5273/7218/5271 4966/7219/4964 5269/7220/5267
f 5274/7221/5272 5273/7218/5271 5272/7217/5270 5271/7222/5269
f 4966/7219/4964 5273/7218/5271 5275/7223/5273 5276/7224/5274
f 5275/7223/5273 5273/7218/5271 5274/7221/5272 5277/7225/5275
f 4967/6789/4965 4975/6801/4973 4976/6802/4974 4968/6790/4966
f 5278/7226/5276 4975/7227/4973 4967/6795/4965 4971/6796/4969
f 4979/7228/4977 4975/7227/4973 5278/7226/5276 5279/7229/5277
f 4960/6779/4958 5277/7225/5275 5274/7221/5272 4972/6798/4970
f 5280/7230/5278 5277/7225/5275 4960/6779/4958 4963/6782/4961
f 5275/7223/5273 5277/7225/5275 5281/7231/5279 5282/7232/5280
f 4964/6783/4962 4966/6786/4964 5276/7233/5274 5283/7234/5281
f 4719/6487/4717 4688/6449/4686 4253/5881/4251 5284/7235/5282
f 5285/7236/5283 5286/7237/5284 5287/7238/5285 5288/7239/5286
f 5289/7240/5287 5286/7237/5284 5285/7236/5283 5290/7241/5288
f 5287/7242/5285 5286/7243/5284 5291/7244/5289 5292/7245/5290
f 5293/7246/5291 5294/7247/5292 5295/7248/5293 5296/7249/5294
f 5297/7250/5295 5298/7251/5296 5294/7247/5292 5293/7246/5291
f 5295/7248/5293 5294/7247/5292 5298/7251/5296 5299/7252/5297
f 5300/7253/5298 5301/7254/5299 5302/7255/5300 5303/7256/5301
f 5302/7255/5300 5301/7254/5299 5304/7257/5302 5305/7258/5303
f 5306/7259/5304 5301/7254/5299 5300/7253/5298 5307/7260/5305
f 5308/7261/5306 5309/7262/5307 5310/7263/5308 5311/7264/5309
f 5310/7263/5308 5309/7262/5307 5312/7265/5310 5313/7266/5311
f 5314/7267/5312 5309/7268/5307 5315/7269/5313 5316/7270/5314
f 5315/7271/5313 5309/7272/5307 5308/7273/5306 5317/7274/5315
f 5312/7265/5310 5309/7262/5307 5314/7275/5312 5318/7276/5316
f 5312/7265/5310 5319/7277/5317 5320/7278/5318 5313/7266/5311
f 5321/7279/5319 5322/7280/5320 5323/7281/5321 5324/7282/5322
f 5325/7283/5323 5326/7284/5324 5327/7285/5325 5328/7286/5326
f 5303/7256/5301 5329/7287/5327 5330/7288/5328 5300/7253/5298
f 5328/7286/5326 5331/7289/5329 5322/7280/5320 5321/7279/5319
f 5332/7290/5330 5329/7287/5327 5333/7291/5331 5334/7292/5332
f 5335/7293/5333 5336/7294/5334 5323/7281/5321 5337/7295/5335
f 5323/7281/5321 5336/7294/5334 5338/7296/5336 5324/7282/5322
f 4151/5757/4149 5336/7294/5334 5335/7293/5333 4152/5758/4150
f 5339/7297/5337 5340/7298/5338 5341/7299/5339 5342/7300/5340
f 5341/7299/5339 5343/7301/5341 5344/7302/5342 5342/7300/5340
f 5345/7303/5343 5346/7304/5344 5347/7305/5345 5348/7306/5346
f 4158/5764/4156 4157/5763/4155 5346/7307/5344 4623/7308/4621
f 5349/7309/5347 5348/7306/5346 5347/7305/5345 5350/7310/5348
f 5345/7303/5343 5348/7306/5346 5349/7309/5347 5351/7311/5349
f 5352/7312/5350 5353/7313/5351 5342/7300/5340 5344/7302/5342
f 5354/7314/5352 5355/7315/5353 4153/5759/4151 4150/5756/4148
f 5356/7316/5354 5357/7317/5355 5358/7318/5356 5359/7319/5357
f 5360/7320/5358 5357/7317/5355 5356/7316/5354 5361/7321/5359
f 5362/7322/5360 5357/7317/5355 5360/7320/5358 5363/7323/5361
f 5364/7324/5362 5355/7325/5353 5365/7326/5363 5366/7327/5364
f 5365/7326/5363 5355/7325/5353 5354/7328/5352 5359/7329/5357
f 5367/7330/5365 5368/7331/5366 5369/7332/5367 5370/7333/5368
f 5371/7334/5369 5368/7335/5366 5367/7336/5365 5372/7337/5370
f 5369/7332/5367 5368/7331/5366 5371/7338/5369 5373/7339/5371
f 5374/7340/5372 5362/7322/5360 5363/7323/5361 5375/7341/5373
f 5376/7342/5374 5362/7322/5360 5374/7340/5372 5377/7343/5375
f 5364/7324/5362 5366/7327/5364 5378/7344/5376 5379/7345/5377
f 5378/7344/5376 5366/7327/5364 5365/7326/5363 5380/7346/5378
f 5358/7347/5356 5380/7346/5378 5365/7326/5363 5359/7329/5357
f 5381/7348/5379 5380/7346/5378 5358/7347/5356 5382/7349/5380
f 5383/7350/5381 5380/7346/5378 5381/7348/5379 5384/7351/5382
f 5378/7344/5376 5380/7346/5378 5383/7350/5381 5385/7352/5383
f 5378/7344/5376 5385/7352/5383 5386/7353/5384 5379/7345/5377
f 5386/7353/5384 5385/7352/5383 5383/7350/5381 5387/7354/5385
f 5388/7355/5386 5389/7356/5387 5390/7357/5388 5391/7358/5389
f 5392/7359/5390 5393/7360/5391 5389/7356/5387 5388/7355/5386
f 5390/7357/5388 5389/7356/5387 5393/7360/5391 5394/7361/5392
f 5395/7362/5393 4184/5794/4182 4182/5792/4180 5396/7363/5394
f 5397/7364/5395 4184/5794/4182 5395/7362/5393 4204/5815/4202
f 4187/5797/4185 4184/5794/4182 5397/7364/5395 5398/7365/5396
f 5399/7366/5397 4187/7367/4185 5398/7368/5396 5400/7369/5398
f 4188/7370/4186 4187/7367/4185 5399/7366/5397 5401/7371/5399
f 5402/7372/5400 5403/7373/5401 5404/7374/5402 5405/7375/5403
f 5404/7376/5402 5403/7377/5401 5406/7378/5404 5407/7379/5405
f 5408/7380/5406 5404/7376/5402 5407/7379/5405 5409/7381/5407
f 5408/7382/5406 5410/7383/5408 5411/7384/5409 5412/7385/5410
f 5413/7386/5411 5410/7387/5408 5408/7380/5406 5409/7381/5407
f 5392/7388/5390 5410/7389/5408 5413/7390/5411 5414/7391/5412
f 5411/7384/5409 5410/7383/5408 5415/7392/5413 4203/5814/4201
f 5415/7392/5413 5410/7383/5408 5392/7393/5390 5416/7394/5414
f 5417/7395/5415 5418/7396/5416 5419/7397/5417 5420/7398/5418
f 5419/7397/5417 5418/7396/5416 5393/7399/5391 5421/7400/5419
f 5393/7399/5391 5392/7388/5390 5414/7391/5412 5421/7400/5419
f 5422/7401/5420 5234/7160/5232 5423/7402/5421 5424/7403/5422
f 5235/7161/5233 5234/7160/5232 5422/7401/5420 5425/7404/5423
f 5426/7405/5424 5427/7406/5425 5424/7403/5422 5423/7402/5421
f 5428/7407/5426 5427/7408/5425 5227/7151/5225 5228/7152/5226
f 5227/7151/5225 5427/7408/5425 5426/7409/5424 5229/7153/5227
f 5429/7410/5427 5430/7411/5428 5235/7161/5233 5425/7404/5423
f 5235/7161/5233 5430/7411/5428 5431/7412/5429 5232/7158/5230
f 5432/7413/5430 5433/7414/5431 5228/7152/5226 5223/7147/5221
f 5428/7407/5426 5228/7152/5226 5434/7415/5432 5435/7416/5433
f 5436/7417/5434 5433/7414/5431 5432/7413/5430 5437/7418/5435
f 5438/7419/5436 5433/7414/5431 5436/7417/5434 5439/7420/5437
f 5435/7416/5433 5434/7415/5432 5440/7421/5438 5441/7422/5439
f 5440/7421/5438 5434/7415/5432 5438/7419/5436 5439/7420/5437
f 5431/7412/5429 5430/7411/5428 5436/7417/5434 5437/7418/5435
f 5440/7421/5438 5430/7411/5428 5429/7410/5427 5441/7422/5439
f 5442/7423/5440 5441/7422/5439 5429/7410/5427 5443/7424/5441
f 5435/7416/5433 5441/7422/5439 5442/7423/5440 5444/7425/5442
f 5421/7400/5419 5444/7425/5442 5442/7423/5440 5419/7397/5417
f 5435/7416/5433 5444/7425/5442 5445/7426/5443 5428/7407/5426
f 5445/7426/5443 5444/7425/5442 5421/7400/5419 5414/7391/5412
f 5428/7407/5426 5445/7426/5443 5446/7427/5444 5427/7408/5425
f 5446/7427/5444 5445/7426/5443 5414/7391/5412 5413/7390/5411
f 5427/7406/5425 5446/7428/5444 5447/7429/5445 5424/7403/5422
f 5447/7429/5445 5446/7428/5444 5413/7386/5411 5409/7381/5407
f 5424/7403/5422 5447/7429/5445 5448/7430/5446 5422/7401/5420
f 5448/7430/5446 5447/7429/5445 5409/7381/5407 5407/7379/5405
f 5422/7401/5420 5448/7430/5446 5449/7431/5447 5425/7404/5423
f 5449/7431/5447 5448/7430/5446 5407/7379/5405 5406/7378/5404
f 5425/7404/5423 5449/7431/5447 5443/7424/5441 5429/7410/5427
f 5443/7424/5441 5449/7431/5447 5406/7378/5404 5420/7398/5418
f 5442/7423/5440 5443/7424/5441 5420/7398/5418 5419/7397/5417
f 5431/7412/5429 5437/7418/5435 5450/7432/5448 5451/7433/5449
f 5450/7432/5448 5437/7418/5435 5432/7413/5430 5452/7434/5450
f 5450/7432/5448 5452/7434/5450 5216/7135/5214 5219/7142/5217
f 5216/7135/5214 5452/7434/5450 5224/7148/5222 5212/7132/5210
f 5224/7148/5222 5452/7434/5450 5432/7413/5430 5223/7147/5221
f 5451/7433/5449 5450/7432/5448 5219/7142/5217 5203/7435/5201
f 5431/7412/5429 5451/7433/5449 5233/7159/5231 5232/7158/5230
f 5233/7159/5231 5451/7433/5449 5203/7435/5201 5202/7120/5200
f 5440/7421/5438 5439/7420/5437 5436/7417/5434 5430/7411/5428
f 5253/7436/5251 5426/7405/5424 5423/7402/5421 5252/7437/5250
f 5229/7153/5227 5426/7409/5424 5253/7192/5251 5250/7181/5248
f 5252/7437/5250 5423/7402/5421 5234/7160/5232 5248/7438/5246
f 4194/7439/4192 5453/7440/5451 5454/7441/5452 5455/7442/5453
f 5456/7443/5454 5453/7440/5451 5401/7371/5399 5457/7444/5455
f 5401/7371/5399 5453/7440/5451 4194/7439/4192 4188/7370/4186
f 5456/7443/5454 5457/7444/5455 5458/7445/5456 5459/7446/5457
f 5458/7445/5456 5457/7444/5455 5460/7447/5458 5461/7448/5459
f 5460/7447/5458 5457/7444/5455 5401/7371/5399 5399/7366/5397
f 5461/7448/5459 5460/7447/5458 5391/7358/5389 5390/7357/5388
f 5391/7358/5389 5460/7447/5458 5399/7366/5397 5400/7369/5398
f 5458/7445/5456 5461/7448/5459 5462/7449/5460 5463/7450/5461
f 5462/7449/5460 5461/7448/5459 5390/7357/5388 5464/7451/5462
f 5462/7449/5460 5464/7451/5462 5465/7452/5463 5466/7453/5464
f 5465/7452/5463 5464/7451/5462 5467/7454/5465 5468/7455/5466
f 5467/7454/5465 5464/7451/5462 5390/7357/5388 5394/7361/5392
f 5468/7456/5466 5467/7457/5465 5469/7458/5467 5470/7459/5468
f 5469/7458/5467 5467/7457/5465 5394/7460/5392 5471/7461/5469
f 5418/7462/5416 5471/7461/5469 5394/7460/5392 5393/7463/5391
f 5469/7458/5467 5471/7461/5469 5472/7464/5470 5473/7465/5471
f 5473/7465/5471 5472/7464/5470 5463/7450/5461 5474/7466/5472
f 5463/7450/5461 5472/7464/5470 5459/7446/5457 5458/7445/5456
f 5473/7465/5471 5474/7466/5472 5475/7467/5473 5476/7468/5474
f 5475/7467/5473 5474/7466/5472 5466/7453/5464 5477/7469/5475
f 5466/7453/5464 5474/7466/5472 5463/7450/5461 5462/7449/5460
f 5475/7467/5473 5477/7469/5475 5478/7470/5476 5479/7471/5477
f 5478/7470/5476 5477/7469/5475 5480/7472/5478 5481/7473/5479
f 5480/7472/5478 5477/7469/5475 5466/7453/5464 5465/7452/5463
f 5481/7473/5479 5480/7472/5478 5482/7474/5480 5483/7475/5481
f 5482/7474/5480 5480/7472/5478 5465/7452/5463 5468/7455/5466
f 5483/7476/5481 5482/7477/5480 5484/7478/5482 5485/7479/5483
f 5484/7478/5482 5482/7477/5480 5468/7456/5466 5470/7459/5468
f 5485/7479/5483 5484/7478/5482 5486/7480/5484 5487/7481/5485
f 5486/7480/5484 5484/7478/5482 5470/7459/5468 5476/7468/5474
f 5487/7481/5485 5486/7480/5484 5479/7471/5477 5488/7482/5486
f 5479/7471/5477 5486/7480/5484 5476/7468/5474 5475/7467/5473
f 5487/7481/5485 5488/7482/5486 5376/7483/5374 5384/7351/5382
f 5376/7483/5374 5488/7482/5486 5489/7484/5487 5362/7485/5360
f 5489/7484/5487 5488/7482/5486 5479/7471/5477 5478/7470/5476
f 5362/7485/5360 5489/7484/5487 5490/7486/5488 5357/7487/5355
f 5490/7486/5488 5489/7484/5487 5478/7470/5476 5481/7473/5479
f 5357/7487/5355 5490/7486/5488 5382/7488/5380 5358/7489/5356
f 5382/7488/5380 5490/7486/5488 5481/7473/5479 5483/7475/5481
f 5485/7479/5483 5487/7481/5485 5384/7351/5382 5381/7348/5379
f 5483/7476/5481 5485/7479/5483 5381/7348/5379 5382/7349/5380
f 5473/7465/5471 5476/7468/5474 5470/7459/5468 5469/7458/5467
f 5491/7490/5489 5455/7491/5453 5492/7492/5490 5120/7493/5118
f 5492/7492/5490 5455/7491/5453 5454/7494/5452 5493/7495/5491
f 4194/7439/4192 5455/7442/5453 5491/7496/5489 4193/7497/4191
f 5120/7493/5118 5492/7492/5490 5494/7498/5492 5121/7499/5119
f 5494/7498/5492 5492/7492/5490 5493/7495/5491 5403/7377/5401
f 5121/7500/5119 5494/7501/5492 5495/7502/5493 5496/7503/5494
f 5495/7502/5493 5494/7501/5492 5403/7504/5401 5402/7505/5400
f 5496/7503/5494 5495/7502/5493 5109/6988/5107 5108/6987/5106
f 5109/6988/5107 5495/7502/5493 5402/7505/5400 4189/7506/4187
f 5497/7507/5495 5496/7503/5494 5108/6987/5106 5111/6990/5109
f 5121/7500/5119 5496/7503/5494 5497/7507/5495 5118/7508/5116
f 5118/7508/5116 5497/7507/5495 5498/7509/5496 5119/7510/5117
f 5498/7509/5496 5497/7507/5495 5111/6990/5109 5499/7511/5497
f 5498/7509/5496 5499/7511/5497 5500/7512/5498 5501/7513/5499
f 5500/7512/5498 5499/7511/5497 5502/7514/5500 5503/7515/5501
f 5502/7514/5500 5499/7511/5497 5111/6990/5109 5110/6989/5108
f 5503/7515/5501 5502/7514/5500 5504/7516/5502 5505/7517/5503
f 5504/7516/5502 5502/7514/5500 5110/6989/5108 5123/7006/5121
f 5505/7517/5503 5504/7516/5502 5506/7518/5504 5507/7519/5505
f 5506/7518/5504 5504/7516/5502 5123/7006/5121 5508/7520/5506
f 5150/7521/5148 5508/7520/5506 5123/7006/5121 5122/7005/5120
f 5506/7518/5504 5508/7520/5506 5127/7012/5125 5126/7011/5124
f 5127/7012/5125 5508/7520/5506 5150/7521/5148 5148/7522/5146
f 5507/7519/5505 5506/7518/5504 5126/7011/5124 5509/7523/5507
f 5507/7519/5505 5509/7523/5507 5510/7524/5508 5511/7525/5509
f 5510/7524/5508 5509/7523/5507 5512/7526/5510 5513/7527/5511
f 5512/7526/5510 5509/7523/5507 5126/7011/5124 5117/7010/5115
f 5513/7527/5511 5512/7526/5510 5514/7528/5512 5515/7529/5513
f 5514/7528/5512 5512/7526/5510 5117/7010/5115 5116/7530/5114
f 5515/7529/5513 5514/7528/5512 5516/7531/5514 5517/7532/5515
f 5516/7531/5514 5514/7528/5512 5116/7530/5114 5119/7533/5117
f 5517/7534/5515 5516/7535/5514 5501/7513/5499 5518/7536/5516
f 5501/7513/5499 5516/7535/5514 5119/7510/5117 5498/7509/5496
f 5517/7534/5515 5518/7536/5516 5519/7537/5517 5520/7538/5518
f 5519/7537/5517 5518/7536/5516 5521/7539/5519 5522/7540/5520
f 5521/7539/5519 5518/7536/5516 5501/7513/5499 5500/7512/5498
f 5522/7540/5520 5521/7539/5519 5523/7541/5521 5524/7542/5522
f 5523/7541/5521 5521/7539/5519 5500/7512/5498 5503/7515/5501
f 5524/7542/5522 5523/7541/5521 5525/7543/5523 5526/7544/5524
f 5525/7543/5523 5523/7541/5521 5503/7515/5501 5505/7517/5503
f 5526/7544/5524 5525/7543/5523 5511/7525/5509 5527/7545/5525
f 5511/7525/5509 5525/7543/5523 5505/7517/5503 5507/7519/5505
f 5526/7544/5524 5527/7545/5525 2291/3062/2290 2290/3061/2289
f 2291/3062/2290 5527/7545/5525 5528/7546/5526 2292/3063/2291
f 5528/7546/5526 5527/7545/5525 5511/7525/5509 5510/7524/5508
f 2292/3063/2291 5528/7546/5526 5529/7547/5527 2294/3065/2293
f 5529/7547/5527 5528/7546/5526 5510/7524/5508 5513/7527/5511
f 2294/3065/2293 5529/7547/5527 5530/7548/5528 2296/3067/2295
f 5530/7548/5528 5529/7547/5527 5513/7527/5511 5515/7529/5513
f 2296/3067/2295 5530/7548/5528 5520/7549/5518 2298/3069/2297
f 5520/7549/5518 5530/7548/5528 5515/7529/5513 5517/7532/5515
f 2299/3072/2298 2298/3071/2297 5520/7538/5518 5519/7537/5517
f 2300/3073/2299 2299/3072/2298 5519/7537/5517 5522/7540/5520
f 2301/3074/2300 2300/3073/2299 5522/7540/5520 5524/7542/5522
f 2290/3061/2289 2301/3074/2300 5524/7542/5522 5526/7544/5524
f 5531/7550/5529 5491/7551/5489 5120/7003/5118 5115/7002/5113
f 4193/5803/4191 5491/7551/5489 5531/7550/5529 4192/5802/4190
f 5532/7552/5530 5531/7550/5529 5115/7002/5113 5114/7553/5112
f 4192/5802/4190 5531/7550/5529 5532/7552/5530 5533/7554/5531
f 5534/7555/5532 5533/7556/5531 5532/7557/5530 5535/7558/5533
f 4192/5802/4190 5533/7554/5531 5536/7559/5534 4191/5801/4189
f 5536/7560/5534 5533/7556/5531 5534/7555/5532 5537/7561/5535
f 5538/7562/5536 5537/7563/5535 5534/7564/5532 5539/7565/5537
f 5536/7560/5534 5537/7561/5535 5112/6991/5110 5113/6994/5111
f 5112/7566/5110 5537/7563/5535 5538/7562/5536 5540/7567/5538
f 4162/5768/4160 5540/7567/5538 5538/7562/5536 4159/5765/4157
f 5112/7566/5110 5540/7567/5538 5541/7568/5539 5107/7569/5105
f 5541/7568/5539 5540/7567/5538 4162/5768/4160 5129/7014/5127
f 5107/7569/5105 5541/7568/5539 5542/7570/5540 5122/7571/5120
f 5542/7570/5540 5541/7568/5539 5129/7014/5127 5131/7016/5129
f 5122/7571/5120 5542/7570/5540 5142/7572/5140 5150/7573/5148
f 5142/7572/5140 5542/7570/5540 5131/7016/5129 5137/7026/5135
f 5139/7029/5137 5539/7574/5537 5534/7555/5532 5535/7558/5533
f 5538/7575/5536 5539/7574/5537 4164/7576/4162 4159/7577/4157
f 4191/5801/4189 5536/7559/5534 5113/7578/5111 5543/7579/5541
f 5139/7029/5137 5535/7558/5533 5125/7008/5123 5140/7030/5138
f 5125/7008/5123 5535/7558/5533 5532/7557/5530 5114/6995/5112
f 5415/7392/5413 5416/7394/5414 5398/7365/5396 5397/7364/5395
f 5398/7368/5396 5416/7580/5414 5544/7581/5542 5400/7369/5398
f 5544/7581/5542 5416/7580/5414 5392/7359/5390 5388/7355/5386
f 4203/5814/4201 5415/7392/5413 5397/7364/5395 4204/5815/4202
f 5545/7582/5543 5412/7583/5410 5411/7584/5409 5546/7585/5544
f 5408/7586/5406 5412/7587/5410 5547/7588/5545 5404/7374/5402
f 5547/7588/5545 5412/7587/5410 5545/7589/5543 5548/7590/5546
f 5549/7591/5547 5548/7590/5546 5545/7589/5543 5550/7592/5548
f 5547/7588/5545 5548/7590/5546 5551/7593/5549 5552/7594/5550
f 5551/7593/5549 5548/7590/5546 5549/7591/5547 4170/7595/4168
f 5552/7594/5550 5551/7593/5549 5553/7596/5551 5554/7597/5552
f 5553/7596/5551 5551/7593/5549 4170/7595/4168 4169/7598/4167
f 5554/7597/5552 5553/7596/5551 5555/7599/5553 5396/7363/5394
f 5555/7599/5553 5553/7596/5551 4169/7598/4167 4174/7600/4172
f 5396/7363/5394 5555/7599/5553 5556/7601/5554 5395/7362/5393
f 5556/7601/5554 5555/7599/5553 4174/7600/4172 5557/7602/5555
f 5558/7603/5556 5557/7602/5555 4174/7600/4172 4175/7604/4173
f 5556/7601/5554 5557/7602/5555 4198/7605/4196 4197/5812/4195
f 4198/5808/4196 5557/7606/5555 5558/7607/5556 5559/7608/5557
f 5560/7609/5558 5559/7608/5557 5558/7607/5556 5561/7610/5559
f 4198/5808/4196 5559/7608/5557 5562/7611/5560 4195/5805/4193
f 5562/7611/5560 5559/7608/5557 5560/7609/5558 5563/7612/5561
f 5564/7613/5562 5563/7612/5561 5560/7609/5558 5565/7614/5563
f 5562/7611/5560 5563/7612/5561 5566/7615/5564 5567/7616/5565
f 5566/7615/5564 5563/7612/5561 5564/7613/5562 5568/7617/5566
f 2341/3123/2340 5568/7617/5566 5564/7613/5562 2340/3122/2339
f 5566/7615/5564 5568/7617/5566 5569/7618/5567 5570/7619/5568
f 5569/7618/5567 5568/7617/5566 2341/3123/2340 2344/3126/2343
f 5569/7618/5567 2344/3126/2343 2346/3128/2345 5571/7620/5569
f 898/1263/897 2347/3129/2346 5565/7614/5563 4167/5773/4165
f 5565/7614/5563 2347/3129/2346 2340/3122/2339 5564/7613/5562
f 2350/3132/2349 2349/3131/2348 4171/5777/4169 5572/7621/5570
f 4171/5777/4169 2349/3131/2348 2351/3133/2350 4168/5774/4166
f 4168/5774/4166 2351/3133/2350 2352/3134/2351 4173/5779/4171
f 4173/5779/4171 2352/3134/2351 896/3135/895 4166/5782/4164
f 2350/3132/2349 5572/7621/5570 5571/7620/5569 2346/3128/2345
f 5571/7620/5569 5572/7621/5570 5549/7622/5547 5550/7623/5548
f 5549/7622/5547 5572/7621/5570 4171/5777/4169 4170/5776/4168
f 5569/7618/5567 5571/7620/5569 5550/7623/5548 5570/7619/5568
f 5566/7615/5564 5570/7619/5568 5546/7585/5544 5567/7616/5565
f 5546/7585/5544 5570/7619/5568 5550/7623/5548 5545/7582/5543
f 4167/5773/4165 5565/7614/5563 5560/7609/5558 5561/7610/5559
f 4195/5805/4193 5562/7611/5560 5567/7616/5565 4199/5809/4197
f 4167/5773/4165 5561/7610/5559 4177/5784/4175 4136/5740/4134
f 4177/5784/4175 5561/7610/5559 5558/7607/5556 4175/5787/4173
f 5395/7362/5393 5556/7601/5554 4197/5812/4195 4204/5815/4202
f 5552/7594/5550 5554/7597/5552 4190/5800/4188 5405/7375/5403
f 4190/5800/4188 5554/7597/5552 5396/7363/5394 4182/5792/4180
f 5547/7588/5545 5552/7594/5550 5405/7375/5403 5404/7374/5402
f 5403/7377/5401 5493/7495/5491 5420/7398/5418 5406/7378/5404
f 5420/7398/5418 5493/7495/5491 5454/7494/5452 5417/7395/5415
f 5402/7372/5400 5405/7375/5403 4190/5800/4188 4189/5799/4187
f 5391/7358/5389 5400/7369/5398 5544/7581/5542 5388/7355/5386
f 5573/7624/5571 2355/3142/2354 2354/3141/2353 5574/7625/5572
f 2358/3145/2357 2355/3142/2354 5573/7624/5571 5575/7626/5573
f 5576/7627/5574 5575/7626/5573 5573/7624/5571 5577/7628/5575
f 2358/3145/2357 5575/7626/5573 5578/7629/2361 2361/3148/2360
f 5578/7629/2361 5575/7626/5573 5576/7627/5574 5579/7630/2362
f 5360/7320/5358 5579/7630/2362 5576/7627/5574 5363/7323/5361
f 5578/7629/2361 5579/7630/2362 5580/7631/5576 5581/7632/5577
f 5580/7631/5576 5579/7630/2362 5360/7320/5358 5361/7321/5359
f 5581/7633/5577 5580/7634/5576 5582/7635/5578 5583/7636/5579
f 5582/7635/5578 5580/7634/5576 5361/7637/5359 5584/7638/5580
f 5583/7636/5579 5582/7635/5578 5585/7639/2369 5586/7640/5581
f 5585/7639/2369 5582/7635/5578 5584/7638/5580 5587/7641/5582
f 5588/7642/5583 5587/7641/5582 5584/7638/5580 4621/6362/4619
f 5585/7639/2369 5587/7641/5582 5589/7643/5584 5590/7644/5585
f 5589/7643/5584 5587/7641/5582 5588/7642/5583 5591/7645/5586
f 5592/7646/5587 5591/7645/5586 5588/7642/5583 5593/7647/5588
f 5589/7643/5584 5591/7645/5586 5594/7648/5589 5595/7649/5590
f 5594/7648/5589 5591/7645/5586 5592/7646/5587 5596/7650/5591
f 5369/7332/5367 5596/7650/5591 5592/7646/5587 5370/7333/5368
f 5594/7648/5589 5596/7650/5591 5597/7651/5592 5598/7652/5593
f 5597/7651/5592 5596/7650/5591 5369/7332/5367 5373/7339/5371
f 5598/7652/5593 5597/7651/5592 5377/7343/5375 5374/7340/5372
f 5377/7343/5375 5597/7651/5592 5373/7339/5371 5599/7653/5594
f 5594/7648/5589 5598/7652/5593 5600/7654/5595 5595/7649/5590
f 5600/7654/5595 5598/7652/5593 5374/7340/5372 5375/7341/5373
f 5595/7649/5590 5600/7654/5595 5601/7655/5596 5602/7656/5597
f 5601/7655/5596 5600/7654/5595 5375/7341/5373 5577/7628/5575
f 5602/7656/5597 5601/7655/5596 5574/7625/5572 5603/7657/5598
f 5574/7625/5572 5601/7655/5596 5577/7628/5575 5573/7624/5571
f 5602/7656/5597 5603/7657/5598 5604/7658/2387 5590/7644/5585
f 5604/7658/2387 5603/7657/5598 2390/3182/2389 2389/3181/2388
f 2390/3182/2389 5603/7657/5598 5574/7625/5572 2354/3141/2353
f 5604/7658/2387 2389/3181/2388 2391/3183/2390 5586/7640/5581
f 5581/7632/5577 2392/3184/2391 2361/3148/2360 5578/7629/2361
f 2393/3186/2392 2392/3185/2391 5581/7633/5577 5583/7636/5579
f 2391/3183/2390 2393/3186/2392 5583/7636/5579 5586/7640/5581
f 5590/7644/5585 5604/7658/2387 5586/7640/5581 5585/7639/2369
f 5595/7649/5590 5602/7656/5597 5590/7644/5585 5589/7643/5584
f 5351/7659/5349 5593/7647/5588 4624/6365/4622 5345/7660/5343
f 4624/6365/4622 5593/7647/5588 5588/7642/5583 4621/6362/4619
f 5592/7646/5587 5593/7647/5588 5351/7659/5349 5370/7333/5368
f 5576/7627/5574 5577/7628/5575 5375/7341/5373 5363/7323/5361
f 5387/7661/5385 5599/7653/5594 5373/7339/5371 5371/7338/5369
f 5386/7353/5384 5387/7354/5385 5371/7334/5369 5372/7337/5370
f 5379/7345/5377 5386/7353/5384 5372/7337/5370 5350/7310/5348
f 5364/7324/5362 5379/7345/5377 5350/7310/5348 5347/7305/5345
f 5350/7310/5348 5372/7337/5370 5367/7336/5365 5349/7309/5347
f 5367/7330/5365 5370/7333/5368 5351/7659/5349 5349/7662/5347
f 5355/7325/5353 5364/7324/5362 5347/7305/5345 5346/7304/5344
f 5356/7316/5354 5359/7319/5357 5354/7663/5352 5605/7664/5599
f 4153/5759/4151 5355/7315/5353 5346/7307/5344 4157/5763/4155
f 5605/7665/5599 5354/7314/5352 4150/5756/4148 4149/5755/4147
f 5342/7300/5340 5353/7313/5351 5606/7666/5600 5339/7297/5337
f 5606/7667/5600 5353/7668/5351 5352/7669/5350 5607/7670/5601
f 5606/7667/5600 5607/7670/5601 5608/7671/5602 5609/7672/5603
f 5608/7671/5602 5607/7670/5601 4152/5758/4150 5335/7293/5333
f 4152/5758/4150 5607/7670/5601 5352/7669/5350 4149/5755/4147
f 5609/7672/5603 5608/7671/5602 5318/7276/5316 5314/7275/5312
f 5318/7276/5316 5608/7671/5602 5335/7293/5333 5337/7295/5335
f 5606/7666/5600 5609/7673/5603 5610/7674/5604 5339/7297/5337
f 5610/7674/5604 5609/7673/5603 5314/7267/5312 5316/7270/5314
f 5339/7297/5337 5610/7674/5604 5611/7675/5605 5340/7298/5338
f 5611/7675/5605 5610/7674/5604 5316/7270/5314 5306/7259/5304
f 5340/7298/5338 5611/7675/5605 4155/5761/4153 4158/5764/4156
f 4155/5761/4153 5611/7675/5605 5306/7259/5304 5307/7260/5305
f 5346/7676/5344 5345/7660/5343 4624/6365/4622 4623/6364/4621
f 5612/7677/5606 5613/7678/5607 5332/7290/5330 5334/7292/5332
f 5332/7290/5330 5613/7678/5607 5614/7679/5608 5330/7288/5328
f 5615/7680/5609 5612/7677/5606 5338/7296/5336 5336/7294/5334
f 5338/7296/5336 5612/7677/5606 5334/7292/5332 5324/7282/5322
f 5318/7276/5316 5337/7295/5335 5319/7277/5317 5312/7265/5310
f 5319/7277/5317 5337/7295/5335 5323/7281/5321 5616/7681/5610
f 5324/7282/5322 5334/7292/5332 5333/7291/5331 5321/7279/5319
f 5300/7253/5298 5330/7288/5328 5614/7679/5608 5307/7260/5305
f 5617/7682/5611 5326/7284/5324 5292/7245/5290 5291/7244/5289
f 5292/7245/5290 5326/7284/5324 5325/7283/5323 5618/7683/5612
f 5619/7684/5613 5326/7284/5324 5617/7682/5611 5620/7685/5614
f 4706/6469/4704 5620/7685/5614 5617/7682/5611 5284/7686/5282
f 5619/7684/5613 5620/7685/5614 5621/7687/5615 5622/7688/5616
f 5621/7687/5615 5620/7685/5614 4706/6469/4704 4703/6464/4701
f 5622/7688/5616 5621/7687/5615 5623/7689/5617 5624/7690/5618
f 5623/7689/5617 5621/7687/5615 4703/6464/4701 4704/6467/4702
f 5624/7690/5618 5623/7689/5617 5625/7691/5619 5626/7692/5620
f 5625/7691/5619 5623/7689/5617 4704/6467/4702 5627/7693/5621
f 5628/7694/5622 5627/7693/5621 4704/6467/4702 4705/6468/4703
f 5625/7691/5619 5627/7693/5621 5293/7246/5291 5296/7249/5294
f 5293/7246/5291 5627/7693/5621 5628/7694/5622 5297/7250/5295
f 5629/7695/5623 5628/7694/5622 4705/6468/4703 5630/7696/5624
f 5297/7250/5295 5628/7694/5622 5629/7695/5623 5631/7697/5625
f 4709/6475/4707 5631/7698/5625 5629/7699/5623 5632/7700/5626
f 5297/7701/5295 5631/7702/5625 5633/7703/5627 5298/7704/5296
f 5298/7704/5296 5633/7703/5627 5634/7705/5628 5289/7706/5287
f 5634/7705/5628 5633/7703/5627 5635/7707/5629 5636/7708/5630
f 5634/7705/5628 5636/7708/5630 4718/6486/4716 4717/6485/4715
f 4718/6486/4716 5636/7708/5630 5637/7709/5631 5638/7710/5632
f 5637/7709/5631 5636/7708/5630 5635/7707/5629 4711/6477/4709
f 5638/7710/5632 5637/7709/5631 5639/7711/5633 5640/7712/5634
f 5639/7711/5633 5637/7709/5631 4711/6477/4709 4712/6480/4710
f 5640/7713/5634 5639/7714/5633 5641/7715/5635 5642/7716/5636
f 5641/7715/5635 5639/7714/5633 4712/7717/4710 5643/7718/5637
f 5641/7715/5635 5643/7718/5637 5644/7719/5638 5645/7720/5639
f 5644/7719/5638 5643/7718/5637 5646/7721/5640 5647/7722/5641
f 5646/7723/5640 5643/7724/5637 4712/6480/4710 4694/6479/4692
f 5647/7725/5641 5646/7726/5640 5648/7727/5642 5649/7728/5643
f 5648/7727/5642 5646/7726/5640 4694/6455/4692 4693/6454/4691
f 5649/7728/5643 5648/7727/5642 4723/7729/4721 4757/7730/4755
f 4723/7729/4721 5648/7727/5642 4693/6454/4691 5650/7731/5644
f 4710/7732/4708 5650/7731/5644 4693/6454/4691 4692/6453/4690
f 4723/7729/4721 5650/7731/5644 5651/7733/5645 4254/7734/4252
f 5652/7735/5646 5651/7733/5645 5650/7731/5644 5653/7736/5647
f 4254/7734/4252 5651/7733/5645 5654/7737/5648 5655/7738/5649
f 5654/7737/5648 5651/7733/5645 5652/7735/5646 5656/7739/5650
f 5657/7740/5651 5656/7739/5650 5652/7735/5646 5658/7741/5652
f 5654/7737/5648 5656/7739/5650 5659/7742/5653 5660/7743/5654
f 5659/7742/5653 5656/7739/5650 5657/7740/5651 5661/7744/5655
f 5662/7745/5656 5661/7744/5655 5657/7740/5651 5663/7746/5657
f 5659/7742/5653 5661/7744/5655 5664/7747/5658 5665/7748/5659
f 5664/7747/5658 5661/7744/5655 5662/7745/5656 5666/7749/5660
f 5667/7750/5661 5666/7749/5660 5662/7745/5656 5668/7751/5662
f 5664/7747/5658 5666/7749/5660 5669/7752/5663 5670/7753/5664
f 5669/7752/5663 5666/7749/5660 5667/7750/5661 5671/7754/5665
f 5672/7755/5666 5671/7754/5665 5667/7750/5661 5673/7756/5667
f 5669/7752/5663 5671/7754/5665 5674/7757/5668 5675/7758/5669
f 5674/7757/5668 5671/7754/5665 5672/7755/5666 5676/7759/5670
f 5210/7125/5208 5676/7759/5670 5672/7755/5666 5211/7126/5209
f 5674/7757/5668 5676/7759/5670 5677/7760/5671 5678/7761/5672
f 5677/7760/5671 5676/7759/5670 5210/7125/5208 5193/7104/5191
f 5678/7761/5672 5677/7760/5671 4672/6425/4670 4673/6428/4671
f 4672/6425/4670 5677/7760/5671 5193/7104/5191 4674/6430/4672
f 5674/7757/5668 5678/7761/5672 5679/7762/5673 5675/7758/5669
f 5679/7762/5673 5678/7761/5672 4673/6428/4671 5680/7763/5674
f 5679/7762/5673 5680/7763/5674 5681/7764/5675 5682/7765/5676
f 5681/7764/5675 5680/7763/5674 5683/7766/5677 5684/7767/5678
f 5683/7766/5677 5680/7763/5674 4673/6428/4671 4666/6427/4664
f 5684/7767/5678 5683/7766/5677 5685/7768/5679 5686/7769/5680
f 5685/7768/5679 5683/7766/5677 4666/6427/4664 4665/7770/4663
f 5686/7771/5680 5685/7772/5679 5687/7773/5681 5658/7741/5652
f 5687/7773/5681 5685/7772/5679 4665/6416/4663 4667/6417/4665
f 5658/7741/5652 5687/7773/5681 5663/7746/5657 5657/7740/5651
f 5663/7746/5657 5687/7773/5681 4667/6417/4665 4668/6418/4666
f 5684/7767/5678 5686/7769/5680 5653/7774/5647 5688/7775/5682
f 5653/7736/5647 5686/7771/5680 5658/7741/5652 5652/7735/5646
f 5684/7767/5678 5688/7775/5682 5689/7776/5683 5681/7764/5675
f 5689/7776/5683 5688/7775/5682 4710/6476/4708 4709/6475/4707
f 4710/6476/4708 5688/7775/5682 5653/7774/5647 5650/7777/5644
f 5681/7764/5675 5689/7776/5683 5690/7778/5684 5682/7765/5676
f 5690/7778/5684 5689/7776/5683 4709/6475/4707 5632/7700/5626
f 5682/7765/5676 5690/7778/5684 5691/7779/5685 5692/7780/5686
f 5691/7779/5685 5690/7778/5684 5632/7700/5626 5693/7781/5687
f 5691/7779/5685 5693/7781/5687 5694/7782/5688 5695/7783/5689
f 5694/7782/5688 5693/7781/5687 5630/7784/5624 5696/7785/5690
f 5630/7784/5624 5693/7781/5687 5632/7700/5626 5629/7699/5623
f 5694/7782/5688 5696/7785/5690 5697/7786/5691 5698/7787/5692
f 5697/7786/5691 5696/7785/5690 4702/7788/4700 4256/5884/4254
f 4702/7788/4700 5696/7785/5690 5630/7784/5624 4705/7789/4703
f 5698/7787/5692 5697/7786/5691 5699/7790/5693 5660/7743/5654
f 5699/7790/5693 5697/7786/5691 4256/5884/4254 4258/5887/4256
f 5660/7743/5654 5699/7790/5693 5655/7738/5649 5654/7737/5648
f 5655/7738/5649 5699/7790/5693 4258/5887/4256 5700/7791/5694
f 5655/7738/5649 5700/7791/5694 5701/7792/5695 4254/7734/4252
f 5665/7748/5659 5698/7787/5692 5660/7743/5654 5659/7742/5653
f 5694/7782/5688 5698/7787/5692 5665/7748/5659 5695/7783/5689
f 5670/7753/5664 5695/7783/5689 5665/7748/5659 5664/7747/5658
f 5691/7779/5685 5695/7783/5689 5670/7753/5664 5692/7780/5686
f 5675/7758/5669 5692/7780/5686 5670/7753/5664 5669/7752/5663
f 5682/7765/5676 5692/7780/5686 5675/7758/5669 5679/7762/5673
f 5702/7793/5696 5673/7756/5667 4679/6436/4677 4678/6435/4676
f 4679/6436/4677 5673/7756/5667 5667/7750/5661 5668/7751/5662
f 5672/7755/5666 5673/7756/5667 5702/7793/5696 5211/7126/5209
f 5703/7794/5697 5702/7793/5696 4678/6435/4676 4682/6440/4680
f 5211/7126/5209 5702/7793/5696 5703/7794/5697 5208/7123/5206
f 5704/7795/5698 5703/7794/5697 4682/6440/4680 5198/7111/5196
f 5208/7123/5206 5703/7794/5697 5704/7795/5698 5215/7131/5213
f 5705/7796/5699 5704/7797/5698 5198/7798/5196 5200/7799/5198
f 5215/7139/5213 5704/7797/5698 5705/7796/5699 5217/7136/5215
f 5706/7800/5700 5705/7796/5699 5200/7799/5198 5707/7801/5701
f 5217/7136/5215 5705/7796/5699 5706/7800/5700 5708/7802/5702
f 5709/7803/5703 5708/7802/5702 5706/7800/5700 5710/7804/5704
f 5217/7136/5215 5708/7802/5702 5711/7805/5705 5218/7137/5216
f 5711/7805/5705 5708/7802/5702 5709/7803/5703 5712/7806/5706
f 5713/7807/5707 5712/7806/5706 5709/7803/5703 5714/7808/5708
f 5711/7805/5705 5712/7806/5706 5715/7809/5709 5716/7810/5710
f 5715/7809/5709 5712/7806/5706 5713/7807/5707 5717/7811/5711
f 5186/7812/5184 5717/7811/5711 5713/7807/5707 5182/7088/5180
f 5715/7809/5709 5717/7811/5711 5718/7813/5712 5719/7814/5713
f 5718/7813/5712 5717/7811/5711 5186/7812/5184 5188/7815/5186
f 5719/7814/5713 5718/7813/5712 5720/7816/5714 5721/7817/5715
f 5720/7816/5714 5718/7813/5712 5188/7815/5186 5722/7818/5716
f 5723/7819/5717 5722/7820/5716 5188/7097/5186 5173/7096/5171
f 5720/7816/5714 5722/7818/5716 5724/7821/5718 5725/7822/5719
f 5724/7823/5718 5722/7820/5716 5723/7819/5717 5726/7824/5720
f 5727/7825/5721 5726/7824/5720 5723/7819/5717 5183/7826/5181
f 5724/7823/5718 5726/7824/5720 5728/7827/5722 5729/7828/5723
f 5728/7827/5722 5726/7824/5720 5727/7825/5721 5730/7829/5724
f 5168/7072/5166 5730/7829/5724 5727/7825/5721 5166/7069/5164
f 5728/7827/5722 5730/7829/5724 5731/7830/5725 5732/7831/5726
f 5731/7830/5725 5730/7829/5724 5168/7072/5166 5733/7832/5727
f 5734/7833/5728 5733/7832/5727 5168/7072/5166 5167/7071/5165
f 5731/7830/5725 5733/7832/5727 5735/7834/5729 5736/7835/5730
f 5735/7834/5729 5733/7832/5727 5734/7833/5728 5161/7060/5159
f 5731/7830/5725 5736/7835/5730 5737/7836/5731 5732/7831/5726
f 5737/7837/5731 5736/7838/5730 5181/7085/5179 5714/7808/5708
f 5181/7839/5179 5736/7835/5730 5735/7834/5729 5176/7840/5174
f 5732/7841/5726 5737/7837/5731 5710/7804/5704 5738/7842/5732
f 5710/7804/5704 5737/7837/5731 5714/7808/5708 5709/7803/5703
f 5732/7831/5726 5738/7843/5732 5729/7828/5723 5728/7827/5722
f 5729/7828/5723 5738/7843/5732 5707/7844/5701 5739/7845/5733
f 5707/7801/5701 5738/7842/5732 5710/7804/5704 5706/7800/5700
f 5729/7846/5723 5739/7847/5733 5725/7822/5719 5724/7821/5718
f 5725/7822/5719 5739/7847/5733 5199/7848/5197 5740/7849/5734
f 5199/7850/5197 5739/7845/5733 5707/7844/5701 5200/7851/5198
f 5725/7822/5719 5740/7849/5734 5721/7817/5715 5720/7816/5714
f 5721/7817/5715 5740/7849/5734 5189/7098/5187 5190/7099/5188
f 5189/7098/5187 5740/7849/5734 5199/7848/5197 5197/7852/5195
f 5151/7047/5149 5734/7833/5728 5167/7071/5165 5156/7052/5154
f 5161/7060/5159 5734/7833/5728 5151/7047/5149 5154/7050/5152
f 5166/7068/5164 5727/7853/5721 5183/7089/5181 5162/7061/5160
f 5183/7826/5181 5723/7819/5717 5173/7096/5171 5174/7854/5172
f 5719/7814/5713 5721/7817/5715 5190/7099/5188 5741/7855/5735
f 5719/7814/5713 5741/7855/5735 5716/7810/5710 5715/7809/5709
f 5716/7810/5710 5741/7855/5735 5201/7115/5199 5204/7118/5202
f 5201/7115/5199 5741/7855/5735 5190/7099/5188 4686/6447/4684
f 5711/7805/5705 5716/7810/5710 5204/7118/5202 5218/7137/5216
f 5713/7807/5707 5714/7808/5708 5181/7085/5179 5182/7088/5180
f 4679/6436/4677 5668/7751/5662 4668/6418/4666 4661/6409/4659
f 4668/6418/4666 5668/7751/5662 5662/7745/5656 5663/7746/5657
f 5647/7725/5641 5649/7728/5643 4740/7856/4738 4741/7857/4739
f 4740/7858/4738 5649/7859/5643 4757/6534/4755 4743/6533/4741
f 5644/7719/5638 5647/7722/5641 4741/7860/4739 5742/7861/5736
f 5743/7862/5737 5742/7861/5736 5744/7863/5738 4752/6525/4750
f 5744/7863/5738 5742/7861/5736 4741/7860/4739 4739/7864/4737
f 5644/7719/5638 5742/7861/5736 5743/7862/5737 5645/7720/5639
f 4752/6525/4750 5744/7863/5738 4730/6502/4728 4734/6505/4732
f 4730/6502/4728 5744/7863/5738 4739/7864/4737 4731/7865/4729
f 5745/7866/5739 5743/7862/5737 4752/6525/4750 4751/6524/4749
f 5645/7720/5639 5743/7862/5737 5745/7866/5739 5746/7867/5740
f 5747/7868/5741 5746/7867/5740 5745/7866/5739 5748/7869/5742
f 5645/7720/5639 5746/7867/5740 5642/7716/5636 5641/7715/5635
f 5642/7716/5636 5746/7867/5740 5747/7868/5741 5749/7870/5743
f 4725/6493/4723 5749/7870/5743 5747/7868/5741 4726/6494/4724
f 5642/7716/5636 5749/7870/5743 5750/7871/5744 5640/7713/5634
f 5750/7871/5744 5749/7870/5743 4725/6493/4723 5751/7872/5745
f 4714/7873/4712 5751/7872/5745 4725/6493/4723 4721/6489/4719
f 5750/7871/5744 5751/7872/5745 5752/7874/5746 5753/7875/5747
f 5752/7874/5746 5751/7872/5745 4714/7873/4712 4713/7876/4711
f 5753/7877/5747 5752/7878/5746 4691/6452/4689 4715/6483/4713
f 4691/6452/4689 5752/7878/5746 4713/6481/4711 4690/6451/4688
f 5750/7871/5744 5753/7875/5747 5638/7879/5632 5640/7713/5634
f 5638/7710/5632 5753/7877/5747 4715/6483/4713 4718/6486/4716
f 5754/7880/5748 5748/7869/5742 4753/6526/4751 4765/6547/4763
f 4753/6526/4751 5748/7869/5742 5745/7866/5739 4751/6524/4749
f 5747/7868/5741 5748/7869/5742 5754/7880/5748 4726/6494/4724
f 4755/6531/4753 5754/7880/5748 4765/6547/4763 4761/6542/4759
f 4726/6494/4724 5754/7880/5748 4755/6531/4753 4724/6492/4722
f 5289/7706/5287 5634/7705/5628 4717/6485/4715 5286/7881/5284
f 5626/7692/5620 5625/7691/5619 5296/7249/5294 5755/7882/5749
f 5626/7692/5620 5755/7882/5749 5310/7263/5308 5313/7266/5311
f 5310/7263/5308 5755/7882/5749 5756/7883/5750 5311/7264/5309
f 5756/7883/5750 5755/7882/5749 5296/7249/5294 5295/7248/5293
f 5311/7884/5309 5756/7885/5750 5757/7886/5751 5758/7887/5752
f 5757/7886/5751 5756/7885/5750 5295/7888/5293 5759/7889/5753
f 5760/7890/5754 5759/7889/5753 5295/7888/5293 5299/7891/5297
f 5757/7886/5751 5759/7889/5753 5761/7892/5755 5762/7893/5756
f 5761/7892/5755 5759/7889/5753 5760/7890/5754 5763/7894/5757
f 5764/7895/5758 5763/7896/5757 5760/7897/5754 5765/7898/5759
f 5761/7892/5755 5763/7894/5757 5766/7899/5760 5283/7234/5281
f 5766/7900/5760 5763/7896/5757 5764/7895/5758 4970/6794/4968
f 5283/7234/5281 5766/7899/5760 5767/7901/5761 4964/6783/4962
f 5767/7902/5761 5766/7900/5760 4970/6794/4968 4954/6793/4952
f 4964/6783/4962 5767/7901/5761 5768/7903/5762 4965/6784/4963
f 5768/7904/5762 5767/7905/5761 4954/6772/4952 4953/6771/4951
f 4965/7906/4963 5768/7904/5762 5769/7907/5763 5770/7908/5764
f 5769/7907/5763 5768/7904/5762 4953/6771/4951 4958/6776/4956
f 5770/7908/5764 5769/7907/5763 5771/7909/5765 5772/7910/5766
f 5771/7909/5765 5769/7907/5763 4958/6776/4956 5773/7911/5767
f 5774/7912/5768 5773/7911/5767 4958/6776/4956 4955/6773/4953
f 5771/7909/5765 5773/7911/5767 2565/3437/2564 2564/3436/2563
f 2565/3437/2564 5773/7911/5767 5774/7912/5768 2566/3438/2565
f 2568/3440/2567 2566/3438/2565 5774/7912/5768 5775/7913/5769
f 2572/3444/2571 2571/3443/2570 5776/7914/5770 5777/7915/5771
f 5776/7914/5770 2571/3443/2570 2568/3440/2567 5775/7913/5769
f 5777/7915/5771 5776/7914/5770 4977/6804/4975 4980/6808/4978
f 4977/6804/4975 5776/7914/5770 5775/7913/5769 4957/6775/4955
f 5778/7916/5772 5777/7915/5771 4980/6808/4978 5779/7917/5773
f 2572/3444/2571 5777/7915/5771 5778/7916/5772 2575/3447/2574
f 2577/3449/2576 2575/3447/2574 5778/7916/5772 5780/7918/5774
f 2564/3436/2563 2578/3450/2577 5772/7910/5766 5771/7909/5765
f 5772/7910/5766 2578/3450/2577 1724/2306/1723 4982/7919/4980
f 4990/7920/4988 5780/7918/5774 5781/7921/5775 4997/7922/4995
f 5781/7921/5775 5780/7918/5774 5778/7916/5772 5779/7917/5773
f 2577/3449/2576 5780/7918/5774 4990/7920/4988 1738/3454/1737
f 4997/7923/4995 5781/7924/5775 5782/7925/5776 5783/7926/5777
f 5782/7925/5776 5781/7924/5775 5779/7927/5773 5784/7928/5778
f 5782/7925/5776 5784/7928/5778 5785/7929/2583 5786/7930/5779
f 5785/7929/2583 5784/7928/5778 4978/7931/4976 4979/7228/4977
f 4978/6805/4976 5784/7932/5778 5779/7917/5773 4980/6808/4978
f 5786/7930/5779 5785/7929/2583 5787/7933/5780 5788/7934/5781
f 5787/7933/5780 5785/7929/2583 4979/7228/4977 5279/7229/5277
f 5788/7934/5781 5787/7933/5780 5789/7935/5782 5790/7936/5783
f 5789/7935/5782 5787/7933/5780 5279/7229/5277 5791/7937/5784
f 5789/7935/5782 5791/7937/5784 5792/7938/5785 5793/7939/5786
f 5792/7938/5785 5791/7937/5784 5794/7940/5787 5795/7941/5788
f 5794/7940/5787 5791/7937/5784 5279/7229/5277 5278/7226/5276
f 5795/7941/5788 5794/7940/5787 5796/7942/5789 5797/7943/5790
f 5796/7942/5789 5794/7940/5787 5278/7226/5276 4971/6796/4969
f 5797/7943/5790 5796/7942/5789 5798/7944/5791 5799/7945/5792
f 5798/7944/5791 5796/7942/5789 4971/6796/4969 4969/6791/4967
f 5799/7945/5792 5798/7944/5791 5764/7895/5758 5765/7898/5759
f 5764/7895/5758 5798/7944/5791 4969/6791/4967 4970/6794/4968
f 5797/7943/5790 5799/7945/5792 5285/7236/5283 5288/7239/5286
f 5285/7236/5283 5799/7945/5792 5765/7898/5759 5290/7241/5288
f 5795/7941/5788 5797/7943/5790 5288/7239/5286 5800/7946/5793
f 5305/7947/5303 5800/7946/5793 5801/7948/5794 5302/7949/5300
f 5801/7948/5794 5800/7946/5793 5288/7239/5286 5287/7238/5285
f 5795/7941/5788 5800/7946/5793 5305/7947/5303 5792/7938/5785
f 5302/7255/5300 5801/7950/5794 5618/7683/5612 5303/7256/5301
f 5618/7683/5612 5801/7950/5794 5287/7242/5285 5292/7245/5290
f 5793/7939/5786 5792/7938/5785 5305/7947/5303 5304/7951/5302
f 5802/7952/5795 5793/7939/5786 5304/7951/5302 5317/7274/5315
f 5789/7935/5782 5793/7939/5786 5802/7952/5795 5790/7936/5783
f 5803/7953/2600 5802/7952/5795 5317/7274/5315 5308/7273/5306
f 5790/7936/5783 5802/7952/5795 5803/7953/2600 5804/7954/5796
f 5805/7955/5797 5804/7954/5796 5803/7953/2600 5758/7887/5752
f 5790/7936/5783 5804/7954/5796 5282/7956/5280 5788/7934/5781
f 5282/7956/5280 5804/7954/5796 5805/7955/5797 5275/7957/5273
f 5762/7893/5756 5805/7955/5797 5758/7887/5752 5757/7886/5751
f 5275/7957/5273 5805/7955/5797 5762/7893/5756 5276/7233/5274
f 5758/7887/5752 5803/7953/2600 5308/7273/5306 5311/7884/5309
f 5786/7930/5779 5788/7934/5781 5282/7956/5280 5281/7958/5279
f 5782/7925/5776 5786/7930/5779 5281/7958/5279 5783/7926/5777
f 5280/7230/5278 5783/7959/5777 5281/7231/5279 5277/7225/5275
f 4997/6835/4995 5783/7959/5777 5280/7230/5278 4996/6832/4994
f 4957/6775/4955 5775/7913/5769 5774/7912/5768 4955/6773/4953
f 5770/7908/5764 5772/7910/5766 4982/7919/4980 4992/7960/4990
f 4965/7906/4963 5770/7908/5764 4992/7960/4990 5806/7961/5798
f 5290/7241/5288 5765/7898/5759 5760/7897/5754 5299/7962/5297
f 5762/7893/5756 5761/7892/5755 5283/7234/5281 5276/7233/5274
f 5624/7690/5618 5626/7692/5620 5313/7266/5311 5320/7278/5318
f 5622/7688/5616 5624/7690/5618 5320/7278/5318 5807/7963/5799
f 5619/7684/5613 5622/7688/5616 5807/7963/5799 5327/7285/5325
f 5284/7686/5282 5617/7682/5611 5291/7244/5289 4719/7964/4717
f 5328/7286/5326 5327/7285/5325 5807/7963/5799 5331/7289/5329
f 5315/7271/5313 5317/7274/5315 5304/7951/5302 5301/7965/5299
f 5316/7270/5314 5315/7269/5313 5301/7254/5299 5306/7259/5304
f 5299/7962/5297 5298/7966/5296 5289/7240/5287 5290/7241/5288
f 4719/7964/4717 5291/7244/5289 5286/7243/5284 4717/7967/4715
f 4706/6469/4704 5284/7686/5282 4253/7968/4251 4252/6470/4250
f 4996/6832/4994 5280/7230/5278 4963/6782/4961 4994/6827/4992
f 4972/6798/4970 5274/7221/5272 5271/7222/5269 5268/7969/5266
f 5271/7216/5269 5272/7970/5270 5267/7210/5265 5270/7215/5268
f 5267/7210/5265 5272/7970/5270 5269/7971/5267 5265/7207/5263
f 5261/7199/5259 5270/7215/5268 5808/7972/5800 5264/7206/5262
f 5808/7972/5800 5270/7215/5268 5267/7210/5265 5266/7209/5264
f 5264/7206/5262 5808/7972/5800 5809/7973/5801 5810/7974/5802
f 5809/7973/5801 5808/7972/5800 5266/7209/5264 5811/7975/5803
f 5809/7973/5801 5811/7975/5803 5812/7976/5804 5813/7977/5805
f 5812/7976/5804 5811/7975/5803 4650/7978/4648 5814/7979/5806
f 4650/7978/4648 5811/7975/5803 5266/7209/5264 4649/7208/4647
f 5812/7976/5804 5814/7979/5806 5815/7980/5807 5816/7981/5808
f 5815/7982/5807 5814/7983/5806 5817/7984/5809 5818/7985/5810
f 5817/7984/5809 5814/7983/5806 4650/6396/4648 4647/6393/4645
f 5818/7985/5810 5817/7984/5809 5819/7986/5811 5820/7987/5812
f 5819/7986/5811 5817/7984/5809 4647/6393/4645 4648/6394/4646
f 5820/7987/5812 5819/7986/5811 5821/7988/5813 5822/7989/5814
f 5821/7988/5813 5819/7986/5811 4648/6394/4646 5823/7990/5815
f 5821/7991/5813 5823/7992/5815 5810/7974/5802 5824/7993/5816
f 5810/7974/5802 5823/7992/5815 4636/7205/4634 5264/7206/5262
f 4636/6377/4634 5823/7990/5815 4648/6394/4646 4633/6374/4631
f 5821/7988/5813 5824/7994/5816 5825/7995/5817 5822/7989/5814
f 5825/7995/5817 5824/7994/5816 5813/7996/5805 5826/7997/5818
f 5813/7977/5805 5824/7993/5816 5810/7974/5802 5809/7973/5801
f 5825/7995/5817 5826/7997/5818 5827/7998/5819 5828/7999/5820
f 5827/7998/5819 5826/7997/5818 5816/8000/5808 5829/8001/5821
f 5816/8000/5808 5826/7997/5818 5813/7996/5805 5812/8002/5804
f 5827/8003/5819 5829/8004/5821 5830/8005/5822 5831/8006/5823
f 5830/8005/5822 5829/8004/5821 5832/8007/5824 5833/8008/5825
f 5832/8009/5824 5829/8001/5821 5816/8000/5808 5815/8010/5807
f 5833/8011/5825 5832/8012/5824 5834/8013/5826 5835/8014/5827
f 5834/8015/5826 5832/8016/5824 5815/7982/5807 5818/7985/5810
f 5835/8014/5827 5834/8013/5826 5836/8017/5828 5837/8018/5829
f 5836/8019/5828 5834/8015/5826 5818/7985/5810 5820/7987/5812
f 5837/8018/5829 5836/8017/5828 5838/8020/5830 5839/8021/5831
f 5838/8022/5830 5836/8019/5828 5820/7987/5812 5822/7989/5814
f 5839/8021/5831 5838/8020/5830 5828/8023/5820 5840/8024/5832
f 5828/7999/5820 5838/8022/5830 5822/7989/5814 5825/7995/5817
f 5839/8021/5831 5840/8024/5832 5841/8025/5833 5842/8026/5834
f 5841/8027/5833 5840/8028/5832 5831/8029/5823 5843/8030/5835
f 5831/8006/5823 5840/8024/5832 5828/8023/5820 5827/8003/5819
f 5841/8027/5833 5843/8030/5835 5844/8031/5836 5845/8032/5837
f 5844/8031/5836 5843/8030/5835 5846/8033/5838 5847/8034/5839
f 5846/8033/5838 5843/8030/5835 5831/8029/5823 5830/8035/5822
f 5847/8034/5839 5846/8033/5838 5848/8036/5840 5259/8037/5257
f 5848/8036/5840 5846/8033/5838 5830/8035/5822 5833/8038/5825
f 5259/7196/5257 5848/8039/5840 5849/8040/5841 5256/7193/5254
f 5849/8040/5841 5848/8039/5840 5833/8011/5825 5835/8014/5827
f 5256/7193/5254 5849/8040/5841 5850/8041/5842 5257/8042/5255
f 5850/8041/5842 5849/8040/5841 5835/8014/5827 5837/8018/5829
f 5257/7190/5255 5850/8043/5842 5842/8044/5834 5851/8045/5843
f 5842/8026/5834 5850/8041/5842 5837/8018/5829 5839/8021/5831
f 5257/7190/5255 5851/8045/5843 5852/8046/5844 5246/7174/5244
f 5852/8046/5844 5851/8045/5843 5845/8032/5837 5853/8047/5845
f 5845/8032/5837 5851/8045/5843 5842/8044/5834 5841/8027/5833
f 5852/8046/5844 5853/8047/5845 5854/8048/5846 5855/8049/5847
f 5854/8048/5846 5853/8047/5845 5856/8050/5848 5857/8051/5849
f 5856/8050/5848 5853/8047/5845 5845/8032/5837 5844/8031/5836
f 5857/8051/5849 5856/8050/5848 5260/7198/5258 5255/7188/5253
f 5260/7198/5258 5856/8050/5848 5844/8031/5836 5847/8034/5839
f 5854/8048/5846 5857/8051/5849 5858/8052/5850 5859/8053/5851
f 5858/8052/5850 5857/8051/5849 5255/7188/5253 5254/7187/5252
f 5859/8053/5851 5858/8052/5850 5860/8054/5852 5861/8055/5853
f 5860/8054/5852 5858/8052/5850 5254/7187/5252 5862/8056/5854
f 5860/8054/5852 5862/8056/5854 5863/8057/5855 5864/8058/5856
f 5863/8057/5855 5862/8056/5854 5251/7182/5249 5865/8059/5857
f 5251/7182/5249 5862/8056/5854 5254/7187/5252 5252/7183/5250
f 5863/8060/5855 5865/8061/5857 5866/8062/5858 5867/8063/5859
f 5866/8062/5858 5865/8061/5857 5868/8064/5860 5869/8065/5861
f 5868/8064/5860 5865/8061/5857 5251/8066/5249 5249/7180/5247
f 5869/8065/5861 5868/8064/5860 5870/8067/5862 5871/8068/5863
f 5870/8067/5862 5868/8064/5860 5249/7180/5247 5247/7178/5245
f 5871/8068/5863 5870/8067/5862 5872/8069/5864 5873/8070/5865
f 5872/8069/5864 5870/8067/5862 5247/7178/5245 5243/7177/5241
f 5873/8071/5865 5872/8072/5864 5874/8073/5866 5875/8074/5867
f 5874/8073/5866 5872/8072/5864 5243/7169/5241 5245/7172/5243
f 5875/8074/5867 5874/8073/5866 5876/8075/5868 5877/8076/5869
f 5876/8075/5868 5874/8073/5866 5245/7172/5243 5878/8077/5870
f 5876/8075/5868 5878/8077/5870 5859/8053/5851 5861/8055/5853
f 5859/8053/5851 5878/8077/5870 5855/8049/5847 5854/8048/5846
f 5855/8049/5847 5878/8077/5870 5245/7172/5243 5244/7171/5242
f 5877/8076/5869 5876/8075/5868 5861/8055/5853 5879/8078/5871
f 5877/8076/5869 5879/8078/5871 5061/6923/5059 5068/6934/5066
f 5061/6923/5059 5879/8078/5871 5864/8058/5856 5062/6924/5060
f 5864/8058/5856 5879/8078/5871 5861/8055/5853 5860/8054/5852
f 5875/8074/5867 5877/8076/5869 5068/6934/5066 5063/6933/5061
f 5873/8071/5865 5875/8074/5867 5063/6933/5061 5064/8079/5062
f 5871/8068/5863 5873/8070/5865 5064/8080/5062 5070/8081/5068
f 5869/8065/5861 5871/8068/5863 5070/8081/5068 5880/8082/5872
f 5881/8083/5873 5880/8082/5872 5882/8084/5874 5883/8085/5875
f 5882/8084/5874 5880/8082/5872 5070/8081/5068 5069/8086/5067
f 5869/8065/5861 5880/8082/5872 5881/8083/5873 5866/8062/5858
f 5883/8085/5875 5882/8084/5874 5884/8087/5876 5885/8088/5877
f 5884/8087/5876 5882/8084/5874 5069/8086/5067 5045/8089/5043
f 5885/8088/5877 5884/8087/5876 5037/6887/5035 5036/6886/5034
f 5037/8090/5035 5884/8091/5876 5045/6898/5043 5044/6897/5042
f 5886/8092/5878 5885/8088/5877 5036/6886/5034 5040/6893/5038
f 5883/8085/5875 5885/8088/5877 5886/8092/5878 5887/8093/5879
f 5050/8094/5048 5887/8093/5879 5886/8092/5878 5051/8095/5049
f 5883/8085/5875 5887/8093/5879 5888/8096/5880 5881/8083/5873
f 5888/8096/5880 5887/8093/5879 5050/8094/5048 5053/8097/5051
f 5881/8083/5873 5888/8096/5880 5867/8063/5859 5866/8062/5858
f 5867/8063/5859 5888/8096/5880 5053/8097/5051 5062/8098/5060
f 5051/8095/5049 5886/8092/5878 5040/6893/5038 5047/6903/5045
f 5863/8060/5855 5867/8063/5859 5062/8098/5060 5864/8099/5856
f 5852/8046/5844 5855/8049/5847 5244/7171/5242 5246/7174/5244
f 5260/7198/5258 5847/8034/5839 5259/8037/5257 5258/7197/5256
f 5268/7969/5266 5269/8100/5267 4966/6797/4964 4972/6798/4970
f 4639/8101/4637 5262/7201/5260 4644/7204/4642 4638/8102/4636
f 5229/7153/5227 5250/7181/5248 5242/7168/5240 5225/7149/5223
f 5239/8103/5237 5248/7438/5246 5234/7160/5232 5230/7155/5228
f 5225/7149/5223 5242/7168/5240 5236/7162/5234 5226/7150/5224
f 5236/8104/5234 5239/8103/5237 5230/7155/5228 5226/7154/5224
f 5231/7156/5229 5233/7159/5231 5202/7120/5200 5205/7119/5203
f 5222/7157/5220 5231/7156/5229 5205/7119/5203 5207/7122/5205
f 5212/7132/5210 5224/7148/5222 5220/7143/5218 5213/8105/5211
f 5210/7125/5208 5209/7124/5207 5194/7105/5192 5193/7104/5191
f 2690/3618/2689 2689/3617/2688 5889/8106/5881 5890/8107/5882
f 5889/8106/5881 2689/3617/2688 2692/3620/2691 5891/8108/5883
f 5889/8106/5881 5891/8108/5883 5892/8109/5884 5893/8110/5885
f 5892/8109/5884 5891/8108/5883 5894/8111/5886 5895/8112/5887
f 5894/8111/5886 5891/8108/5883 2692/3620/2691 2697/3625/2696
f 5894/8111/5886 2697/3625/2696 2699/3627/2698 5896/8113/5888
f 2703/3631/2702 2702/3630/2701 5897/8114/5889 5898/8115/5890
f 5897/8114/5889 2702/3630/2701 2705/3633/2704 5899/8116/5891
f 5897/8114/5889 5899/8116/5891 5900/8117/5892 5901/8118/5893
f 5900/8119/5892 5899/8120/5891 5902/8121/5894 5903/8122/5895
f 5902/8121/5894 5899/8120/5891 2705/3641/2704 2710/3640/2709
f 5902/8121/5894 2710/3640/2709 2712/3643/2711 5904/8123/5896
f 5902/8121/5894 5904/8123/5896 5905/8124/5897 5903/8122/5895
f 5905/8124/5897 5904/8123/5896 5890/8107/5882 5906/8125/5898
f 5890/8107/5882 5904/8123/5896 2712/3643/2711 2690/3618/2689
f 5905/8124/5897 5906/8125/5898 4619/6360/4617 4620/6361/4618
f 4619/6360/4617 5906/8125/5898 5893/8110/5885 4618/6359/4616
f 5893/8110/5885 5906/8125/5898 5890/8107/5882 5889/8106/5881
f 5903/8122/5895 5905/8124/5897 4620/6361/4618 5907/8126/5899
f 5908/8127/5900 5907/8126/5899 5909/8128/5901 5910/8129/5902
f 5909/8128/5901 5907/8126/5899 4620/6361/4618 4414/6074/4412
f 5903/8122/5895 5907/8126/5899 5908/8127/5900 5900/8119/5892
f 5910/8129/5902 5909/8128/5901 5911/8130/5903 5912/8131/5904
f 5911/8130/5903 5909/8128/5901 4414/6074/4412 4417/6077/4415
f 5912/8131/5904 5911/8130/5903 5913/8132/5905 5914/8133/5906
f 5913/8132/5905 5911/8130/5903 4417/6077/4415 5915/8134/5907
f 5913/8132/5905 5915/8134/5907 5916/8135/5908 4687/8136/4685
f 5916/8135/5908 5915/8134/5907 5917/8137/2725 5918/8138/5909
f 5917/8137/2725 5915/8134/5907 4417/6077/4415 4416/6076/4414
f 5918/8138/5909 5917/8137/2725 4614/6355/4612 5195/7108/5193
f 4614/6355/4612 5917/8137/2725 4416/6076/4414 4615/6356/4613
f 5914/8133/5906 5913/8132/5905 4687/8136/4685 4286/8139/4284
f 4405/6065/4403 5912/8140/5904 5914/8141/5906 5919/8142/5910
f 5910/8143/5902 5912/8140/5904 4405/6065/4403 4408/6068/4406
f 5908/8144/5900 5910/8143/5902 4408/6068/4406 4412/6072/4410
f 5900/8117/5892 5908/8144/5900 4412/6072/4410 5901/8118/5893
f 5920/8145/2727 5901/8118/5893 4412/6072/4410 4411/6071/4409
f 5897/8114/5889 5901/8118/5893 5920/8145/2727 5898/8115/5890
f 5921/8146/5911 5920/8145/2727 4411/6071/4409 4413/6073/4411
f 5898/8115/5890 5920/8145/2727 5921/8146/5911 5896/8113/5888
f 5895/8112/5887 5921/8146/5911 4413/6073/4411 4613/6354/4611
f 5896/8113/5888 5921/8146/5911 5895/8112/5887 5894/8111/5886
f 2703/3631/2702 5898/8115/5890 5896/8113/5888 2699/3627/2698
f 5892/8109/5884 5895/8112/5887 4613/6354/4611 5922/8147/5912
f 4618/6359/4616 5922/8147/5912 4616/6357/4614 4615/6356/4613
f 4616/6357/4614 5922/8147/5912 4613/6354/4611 4611/6352/4609
f 5892/8109/5884 5922/8147/5912 4618/6359/4616 5893/8110/5885
f 5916/8148/5908 5206/8149/5204 4686/6447/4684 4687/6448/4685
f 4686/6447/4684 5206/8149/5204 5202/7116/5200 5201/7115/5199
f 4685/6446/4683 5195/7108/5193 4614/6355/4612 4617/6358/4615
f 4405/6065/4403 5919/8142/5910 5191/7100/5189 4406/6066/4404
f 4406/6066/4404 5191/7100/5189 4684/6444/4682 4409/6069/4407
f 5187/8150/5185 5186/7812/5184 5182/7088/5180 5179/7087/5177
f 5184/7090/5182 5187/7093/5185 5923/8151/5913 5924/8152/5914
f 5923/8151/5913 5187/7093/5185 5179/8153/5177 5180/8154/5178
f 5924/8152/5914 5923/8151/5913 5925/8155/5915 5926/8156/5916
f 5925/8155/5915 5923/8151/5913 5180/8154/5178 5927/8157/5917
f 5925/8155/5915 5927/8157/5917 5928/8158/5918 5929/8159/5919
f 5928/8160/5918 5927/8161/5917 5930/8162/5920 5931/8163/5921
f 5930/8162/5920 5927/8161/5917 5180/7084/5178 5175/7079/5173
f 5931/8163/5921 5930/8162/5920 5932/8164/5922 5933/8165/5923
f 5932/8164/5922 5930/8162/5920 5175/7079/5173 5178/7082/5176
f 5933/8165/5923 5932/8164/5922 5934/8166/5924 5935/8167/5925
f 5934/8166/5924 5932/8164/5922 5178/7082/5176 5172/7076/5170
f 5935/8167/5925 5934/8166/5924 5936/8168/5926 5937/8169/5927
f 5936/8168/5926 5934/8166/5924 5172/7076/5170 5171/7075/5169
f 5937/8169/5927 5936/8168/5926 5926/8156/5916 5938/8170/5928
f 5926/8156/5916 5936/8168/5926 5171/7075/5169 5924/8152/5914
f 5937/8169/5927 5938/8170/5928 5939/8171/5929 5940/8172/5930
f 5939/8171/5929 5938/8170/5928 5929/8159/5919 5941/8173/5931
f 5929/8159/5919 5938/8170/5928 5926/8156/5916 5925/8155/5915
f 5939/8171/5929 5941/8173/5931 5144/7038/5142 5143/7037/5141
f 5144/7038/5142 5941/8173/5931 5149/8174/5147 5148/7045/5146
f 5149/8174/5147 5941/8173/5931 5929/8159/5919 5928/8158/5918
f 5940/8172/5930 5939/8171/5929 5143/7037/5141 5141/7034/5139
f 5942/8175/5932 5940/8172/5930 5141/7034/5139 5138/7033/5136
f 5937/8169/5927 5940/8172/5930 5942/8175/5932 5935/8167/5925
f 5145/7039/5143 5942/8175/5932 5138/7033/5136 5140/7040/5138
f 5935/8167/5925 5942/8175/5932 5145/7039/5143 5933/8165/5923
f 5931/8163/5921 5933/8165/5923 5145/7039/5143 5147/7042/5145
f 5928/8160/5918 5931/8163/5921 5147/7042/5145 5149/7044/5147
f 5184/7090/5182 5924/8152/5914 5171/7075/5169 5170/7074/5168
f 5178/7082/5176 5177/7081/5175 5169/7073/5167 5172/7076/5170
f 5160/7059/5158 5176/7840/5174 5735/7834/5729 5161/7060/5159
f 5157/7054/5155 5158/7057/5156 5162/7061/5160 5153/7064/5151
f 5127/7012/5125 5148/7522/5146 5146/8176/5144 5124/7009/5122
f 5124/7007/5122 5146/8177/5144 5140/7030/5138 5125/7008/5123
f 5543/7579/5541 5113/7578/5111 5106/8178/5104 4183/5793/4181
f 5106/6985/5104 5109/6988/5107 4189/7506/4187 4183/8179/4181
f 5943/8180/5933 5105/8181/5103 5944/8182/5934 5945/8183/5935
f 5944/8182/5934 5105/8181/5103 4238/8184/4236 5946/8185/5936
f 1865/8186/1864 5105/8181/5103 5943/8180/5933 2755/8187/2754
f 2757/8188/2756 2755/8187/2754 5943/8180/5933 5947/8189/5937
f 5948/8190/5938 2758/8191/2757 2757/8188/2756 5947/8189/5937
f 5949/8192/5939 5948/8190/5938 5950/8193/5940 5951/8194/5941
f 5950/8193/5940 5948/8190/5938 5947/8189/5937 5952/8195/5942
f 5950/8193/5940 5952/8195/5942 4232/5854/4230 4233/5855/4231
f 4232/5854/4230 5952/8195/5942 5945/8183/5935 4231/5853/4229
f 5945/8183/5935 5952/8195/5942 5947/8189/5937 5943/8180/5933
f 5951/8194/5941 5950/8193/5940 4233/5855/4231 4224/8196/4222
f 5949/8192/5939 5951/8194/5941 5953/8197/5943 5954/8198/2763
f 5953/8197/5943 5951/8194/5941 4224/8196/4222 4221/8199/4219
f 5954/8200/2763 5953/8201/5943 5955/8202/5944 5956/8203/5945
f 5955/8202/5944 5953/8201/5943 4221/5838/4219 4220/5837/4218
f 5956/8203/5945 5955/8202/5944 5957/8204/5946 5958/8205/5947
f 5957/8204/5946 5955/8202/5944 4220/5837/4218 4222/5839/4220
f 5958/8205/5947 5957/8204/5946 5959/8206/5948 5960/8207/3146
f 5959/8206/5948 5957/8204/5946 4222/5839/4220 5961/8208/5949
f 5962/8209/5950 5961/8208/5949 4222/5839/4220 4217/5831/4215
f 5959/8206/5948 5961/8208/5949 5963/8210/5951 5964/8211/5952
f 5963/8210/5951 5961/8208/5949 5962/8209/5950 5965/8212/5953
f 5966/8213/5954 5965/8212/5953 5962/8209/5950 5967/8214/5955
f 5963/8210/5951 5965/8212/5953 5968/8215/5956 5969/8216/5957
f 5968/8215/5956 5965/8212/5953 5966/8213/5954 5970/8217/5958
f 5971/8218/5959 5970/8217/5958 5966/8213/5954 5972/8219/5960
f 5968/8215/5956 5970/8217/5958 5973/8220/5961 5974/8221/5962
f 5973/8220/5961 5970/8217/5958 5971/8218/5959 5975/8222/5963
f 5976/8223/5964 5975/8222/5963 5971/8218/5959 5977/8224/5965
f 5973/8220/5961 5975/8222/5963 5978/8225/5966 5979/8226/5967
f 5978/8225/5966 5975/8222/5963 5976/8223/5964 5980/8227/5968
f 5978/8228/5966 5980/8229/5968 5981/8230/5969 5982/8231/5970
f 5981/8230/5969 5980/8229/5968 5983/8232/5971 5984/8233/5972
f 5983/8232/5971 5980/8229/5968 5976/8234/5964 5985/8235/5973
f 5983/8232/5971 5985/8235/5973 5986/8236/5974 5987/8237/5975
f 5986/8236/5974 5985/8235/5973 4235/8238/4233 4234/8239/4232
f 4235/8238/4233 5985/8235/5973 5976/8234/5964 5977/8240/5965
f 5987/8237/5975 5986/8236/5974 5003/6843/5001 5005/6845/5003
f 5003/6843/5001 5986/8236/5974 4234/8239/4232 4237/6840/4235
f 5983/8232/5971 5987/8237/5975 5988/8241/5976 5984/8233/5972
f 5988/8241/5976 5987/8237/5975 5005/6845/5003 5019/6863/5017
f 5984/8233/5972 5988/8241/5976 5013/6855/5011 5989/8242/5977
f 5013/6855/5011 5988/8241/5976 5019/6863/5017 5010/6852/5008
f 5990/8243/5978 5989/8242/5977 5991/8244/5979 5992/8245/5980
f 5991/8244/5979 5989/8242/5977 5013/6855/5011 5012/6854/5010
f 5984/8233/5972 5989/8242/5977 5990/8243/5978 5981/8230/5969
f 5992/8245/5980 5991/8244/5979 5993/8246/5981 5969/8247/5957
f 5993/8246/5981 5991/8244/5979 5012/6854/5010 5015/6857/5013
f 5969/8216/5957 5993/8248/5981 5964/8211/5952 5963/8210/5951
f 5964/8249/5952 5993/8246/5981 5015/6857/5013 5994/8250/5982
f 5964/8211/5952 5994/8251/5982 5960/8207/3146 5959/8206/5948
f 5960/8252/3146 5994/8250/5982 5995/8253/5983 5996/8254/2805
f 5995/8253/5983 5994/8250/5982 5015/6857/5013 5014/6856/5012
f 5996/8254/2805 5995/8253/5983 2809/3773/2808 2808/8255/2807
f 2809/3773/2808 5995/8253/5983 5014/6856/5012 1765/2358/1764
f 5997/8256/5984 2812/3776/2811 2811/3775/2810 5998/8257/5985
f 2808/3770/2807 2812/3779/2811 5997/8258/5984 5996/8259/2805
f 5958/8205/5947 5997/8260/5984 5998/8261/5985 5956/8203/5945
f 5996/8262/2805 5997/8260/5984 5958/8205/5947 5960/8207/3146
f 5974/8221/5962 5992/8263/5980 5969/8216/5957 5968/8215/5956
f 5990/8243/5978 5992/8245/5980 5974/8264/5962 5999/8265/5986
f 5981/8230/5969 5990/8243/5978 5999/8265/5986 5982/8231/5970
f 4235/5857/4233 5977/8224/5965 4213/5825/4211 4212/5824/4210
f 4213/5825/4211 5977/8224/5965 5971/8218/5959 5972/8219/5960
f 5974/8221/5962 5973/8220/5961 5979/8226/5967 5999/8266/5986
f 4213/5825/4211 5972/8219/5960 6000/8267/5987 4211/5822/4209
f 6000/8267/5987 5972/8219/5960 5966/8213/5954 5967/8214/5955
f 4211/5822/4209 6000/8267/5987 4219/8268/4217 4214/5827/4212
f 4219/8268/4217 6000/8267/5987 5967/8214/5955 4216/5830/4214
f 4216/5830/4214 5967/8214/5955 5962/8209/5950 4217/5831/4215
f 5954/8200/2763 5956/8203/5945 5998/8261/5985 2816/8269/2815
f 5949/8192/5939 5954/8198/2763 2816/8270/2815 2817/8271/2816
f 5944/8182/5934 5946/8185/5936 4209/5820/4207 4230/5852/4228
f 4209/5820/4207 5946/8185/5936 4207/5818/4205 4206/5817/4204
f 4207/5818/4205 5946/8185/5936 4238/8184/4236 4223/8272/4221
f 5945/8183/5935 5944/8182/5934 4230/5852/4228 4231/5853/4229
f 5094/6967/5092 5103/8273/5101 5074/8274/5072 5095/6968/5093
f 1862/3794/1861 5103/8273/5101 5094/6967/5092 2818/3793/2817
f 6001/8275/5988 5102/6980/5100 5098/6972/5096 5101/6975/5099
f 5073/6970/5071 5102/6980/5100 6001/8275/5988 5097/6971/5095
f 6002/8276/5989 6001/8275/5988 5101/6975/5099 6003/8277/5990
f 5097/6971/5095 6001/8275/5988 6002/8276/5989 6004/8278/5991
f 6005/8279/5992 6004/8278/5991 6002/8276/5989 6006/8280/5993
f 5097/6971/5095 6004/8278/5991 6007/8281/5994 5028/6875/5026
f 6007/8281/5994 6004/8278/5991 6005/8279/5992 6008/8282/5995
f 6009/8283/5996 6008/8284/5995 6005/8285/5992 6010/8286/5997
f 6007/8281/5994 6008/8282/5995 6011/8287/5998 6012/8288/5999
f 6011/8289/5998 6008/8284/5995 6009/8283/5996 6013/8290/6000
f 5020/6864/5018 6013/8290/6000 6009/8283/5996 5022/6869/5020
f 6011/8289/5998 6013/8290/6000 6014/8291/6001 6015/8292/6002
f 6014/8291/6001 6013/8290/6000 5020/6864/5018 5021/6867/5019
f 6015/8293/6002 6014/8294/6001 6016/8295/6003 6017/8296/6004
f 6016/8295/6003 6014/8294/6001 5021/8297/5019 6018/8298/6005
f 6019/8299/6006 6018/8298/6005 5021/8297/5019 5007/8300/5005
f 6016/8295/6003 6018/8298/6005 6020/8301/6007 6021/8302/6008
f 6020/8301/6007 6018/8298/6005 6019/8299/6006 5008/8303/5006
f 6016/8295/6003 6021/8302/6008 6022/8304/6009 6017/8296/6004
f 6022/8304/6009 6021/8302/6008 6023/8305/6010 6024/8306/6011
f 6023/8305/6010 6021/8302/6008 6020/8301/6007 5016/6858/5014
f 6024/8306/6011 6023/8305/6010 6025/8307/6012 6010/8286/5997
f 6025/8307/6012 6023/8305/6010 5016/6858/5014 5017/6861/5015
f 6010/8286/5997 6025/8307/6012 5022/6869/5020 6009/8283/5996
f 5022/6869/5020 6025/8307/6012 5017/6861/5015 5018/6868/5016
f 6022/8304/6009 6024/8306/6011 6006/8308/5993 6026/8309/6013
f 6006/8308/5993 6024/8306/6011 6010/8286/5997 6005/8285/5992
f 6022/8304/6009 6026/8309/6013 6027/8310/6014 6017/8296/6004
f 6027/8310/6014 6026/8309/6013 6003/8311/5990 6028/8312/6015
f 6003/8311/5990 6026/8309/6013 6006/8308/5993 6002/8313/5989
f 6027/8314/6014 6028/8315/6015 5026/6873/5024 6029/8316/6016
f 5026/6873/5024 6028/8315/6015 5100/6976/5098 5023/6870/5021
f 5100/6974/5098 6028/8317/6015 6003/8277/5990 5101/6975/5099
f 6015/8318/6002 6029/8316/6016 6012/8288/5999 6011/8287/5998
f 6012/8288/5999 6029/8316/6016 5026/6873/5024 5025/6872/5023
f 6027/8310/6014 6029/8319/6016 6015/8293/6002 6017/8296/6004
f 6030/8320/6017 6019/8299/6006 5007/8300/5005 5006/8321/5004
f 5008/8303/5006 6019/8299/6006 6030/8320/6017 5009/8322/5007
f 6031/8323/6018 6030/8324/6017 5006/6848/5004 6032/8325/6019
f 5009/6851/5007 6030/8324/6017 6031/8323/6018 6033/8326/6020
f 6034/8327/6021 6033/8326/6020 6031/8323/6018 6035/8328/6022
f 5009/6851/5007 6033/8326/6020 6036/8329/6023 4998/6836/4996
f 6036/8329/6023 6033/8326/6020 6034/8327/6021 6037/8330/6024
f 6038/8331/6025 6037/8330/6024 6034/8327/6021 6039/8332/6026
f 6036/8329/6023 6037/8330/6024 6040/8333/6027 6041/8334/6028
f 6040/8333/6027 6037/8330/6024 6038/8331/6025 6042/8335/6029
f 6043/8336/6030 6042/8335/6029 6038/8331/6025 6044/8337/6031
f 6040/8338/6027 6042/8339/6029 6045/8340/6032 6046/8341/6033
f 6045/8340/6032 6042/8339/6029 6043/8342/6030 6047/8343/6034
f 6048/8344/6035 6047/8343/6034 6043/8342/6030 6049/8345/6036
f 6045/8340/6032 6047/8343/6034 6050/8346/6037 6051/8347/6038
f 6050/8346/6037 6047/8343/6034 6048/8344/6035 6052/8348/6039
f 6053/8349/6040 6052/8348/6039 6048/8344/6035 6054/8350/6041
f 6050/8346/6037 6052/8348/6039 6055/8351/6042 6056/8352/6043
f 6055/8351/6042 6052/8348/6039 6053/8349/6040 6057/8353/6044
f 6058/8354/6045 6057/8353/6044 4989/6820/4987 4988/6819/4986
f 4989/6820/4987 6057/8353/6044 6053/8349/6040 6059/8355/6046
f 6055/8351/6042 6057/8353/6044 6058/8354/6045 6060/8356/6047
f 6055/8351/6042 6060/8356/6047 6061/8357/6048 6056/8352/6043
f 6061/8357/6048 6060/8356/6047 6062/8358/6049 6044/8337/6031
f 6062/8358/6049 6060/8356/6047 6058/8354/6045 6063/8359/6050
f 6064/8360/6051 6063/8359/6050 4995/6831/4993 4983/6830/4981
f 4995/6831/4993 6063/8359/6050 6058/8354/6045 4988/6819/4986
f 6062/8358/6049 6063/8359/6050 6064/8360/6051 6049/8361/6036
f 6054/8350/6041 6064/8362/6051 4983/8363/4981 4985/8364/4983
f 6049/8345/6036 6064/8362/6051 6054/8350/6041 6048/8344/6035
f 6044/8337/6031 6062/8358/6049 6049/8361/6036 6043/8336/6030
f 6056/8352/6043 6061/8357/6048 6039/8332/6026 6065/8365/6052
f 6039/8332/6026 6061/8357/6048 6044/8337/6031 6038/8331/6025
f 6056/8352/6043 6065/8365/6052 6051/8347/6038 6050/8346/6037
f 6051/8347/6038 6065/8365/6052 6035/8328/6022 6066/8366/6053
f 6035/8328/6022 6065/8365/6052 6039/8332/6026 6034/8327/6021
f 6051/8347/6038 6066/8366/6053 6046/8341/6033 6045/8340/6032
f 6046/8341/6033 6066/8366/6053 6032/8325/6019 6067/8367/6054
f 6032/8325/6019 6066/8366/6053 6035/8328/6022 6031/8323/6018
f 6046/8341/6033 6067/8367/6054 6041/8368/6028 6040/8338/6027
f 6041/8368/6028 6067/8367/6054 5002/6847/5000 4999/8369/4997
f 5002/6847/5000 6067/8367/6054 6032/8325/6019 5006/6848/5004
f 4989/6820/4987 6059/8355/6046 6068/8370/6055 4987/6817/4985
f 6068/8370/6055 6059/8355/6046 4985/8364/4983 4984/8371/4982
f 4985/8364/4983 6059/8355/6046 6053/8349/6040 6054/8350/6041
f 4987/6816/4985 6068/8372/6055 2887/3888/2886 1732/2316/1731
f 2887/3888/2886 6068/8372/6055 4984/6813/4982 1731/2314/1730
f 6036/8329/6023 6041/8334/6028 4999/6837/4997 4998/6836/4996
f 6007/8281/5994 6012/8288/5999 5025/6872/5023 5028/6875/5026
f 5096/6969/5094 5095/6968/5093 6069/8373/6056 6070/8374/6057
f 6069/8375/6056 5095/8376/5093 5074/6940/5072 5071/6937/5069
f 6070/8377/6057 6069/8375/6056 6071/8378/6058 6072/8379/6059
f 6071/8378/6058 6069/8375/6056 5071/6937/5069 5072/6938/5070
f 6072/8379/6059 6071/8378/6058 6073/8380/6060 6074/8381/6061
f 6073/8380/6060 6071/8378/6058 5072/6938/5070 6075/8382/6062
f 6073/8380/6060 6075/8382/6062 6076/8383/6063 6077/8384/6064
f 6076/8383/6063 6075/8382/6062 6078/8385/6065 6079/8386/6066
f 6078/8385/6065 6075/8382/6062 5072/6938/5070 5030/6879/5028
f 6079/8386/6066 6078/8385/6065 6080/8387/6067 6081/8388/6068
f 6080/8387/6067 6078/8385/6065 5030/6879/5028 5029/6878/5027
f 6081/8388/6068 6080/8387/6067 6082/8389/6069 6083/8390/6070
f 6082/8389/6069 6080/8387/6067 5029/6878/5027 5033/6883/5031
f 6083/8391/6070 6082/8392/6069 6074/8381/6061 6084/8393/6071
f 6074/8381/6061 6082/8392/6069 5033/8394/5031 6072/8379/6059
f 6083/8391/6070 6084/8393/6071 6085/8395/6072 6086/8396/6073
f 6085/8395/6072 6084/8393/6071 6077/8384/6064 6087/8397/6074
f 6077/8384/6064 6084/8393/6071 6074/8381/6061 6073/8380/6060
f 6085/8395/6072 6087/8397/6074 6088/8398/6075 6089/8399/6076
f 6088/8398/6075 6087/8397/6074 6090/8400/6077 6091/8401/6078
f 6090/8400/6077 6087/8397/6074 6077/8384/6064 6076/8383/6063
f 6091/8401/6078 6090/8400/6077 6092/8402/6079 6093/8403/6080
f 6092/8402/6079 6090/8400/6077 6076/8383/6063 6079/8386/6066
f 6093/8403/6080 6092/8402/6079 6094/8404/6081 6095/8405/6082
f 6094/8404/6081 6092/8402/6079 6079/8386/6066 6081/8388/6068
f 6095/8405/6082 6094/8404/6081 6086/8406/6073 6096/8407/6083
f 6086/8406/6073 6094/8404/6081 6081/8388/6068 6083/8390/6070
f 6095/8405/6082 6096/8407/6083 5067/8408/5065 6097/8409/6084
f 5067/6930/5065 6096/8410/6083 6089/8399/6076 5065/6927/5063
f 6089/8399/6076 6096/8410/6083 6086/8396/6073 6085/8395/6072
f 6098/8411/6085 6097/8409/6084 5060/6919/5058 5058/6916/5056
f 5060/6919/5058 6097/8409/6084 5067/8408/5065 5066/8412/5064
f 6095/8405/6082 6097/8409/6084 6098/8411/6085 6093/8403/6080
f 5057/6915/5055 6098/8411/6085 5058/6916/5056 5052/6912/5050
f 6093/8403/6080 6098/8411/6085 5057/6915/5055 6091/8401/6078
f 6088/8398/6075 6091/8401/6078 5057/6915/5055 5056/6914/5054
f 6089/8399/6076 6088/8398/6075 5056/6914/5054 5065/6927/5063
f 6070/8374/6057 6072/8413/6059 5033/8414/5031 5031/8415/5029
f 5096/6969/5094 6070/8374/6057 5031/8415/5029 5032/6978/5030
f 5091/8416/5089 5092/8417/5090 5090/6963/5088 5089/6962/5087
f 5090/6963/5088 5092/8417/5090 6099/8418/6086 6100/8419/6087
f 6099/8420/6086 5092/6965/5090 4144/5749/4142 4146/5752/4144
f 6100/8421/6087 6099/8422/6086 6101/8423/6088 6102/8424/6089
f 6101/8423/6088 6099/8422/6086 4146/8425/4144 6103/8426/6090
f 6104/8427/6091 6103/8426/6090 4146/8425/4144 4141/8428/4139
f 6101/8423/6088 6103/8426/6090 5078/8429/5076 5077/6947/5075
f 5078/8429/5076 6103/8426/6090 6104/8427/6091 5084/8430/5082
f 6105/8431/6092 6104/8432/6091 4141/8433/4139 4143/8434/4141
f 5084/6956/5082 6104/8432/6091 6105/8431/6092 5085/6957/5083
f 6106/8435/6093 6105/8431/6092 4143/8434/4141 6107/8436/6094
f 5085/6957/5083 6105/8431/6092 6106/8435/6093 5086/6959/5084
f 6102/8424/6089 6106/8435/6093 6107/8436/6094 6100/8421/6087
f 5086/6959/5084 6106/8435/6093 6102/8424/6089 5081/6950/5079
f 6102/8424/6089 6101/8423/6088 5077/6947/5075 5081/6950/5079
f 5090/6963/5088 6100/8419/6087 6107/8437/6094 5088/6961/5086
f 2927/3952/2926 5091/6964/5089 5089/8438/5087 1844/3951/1843
f 5045/6898/5043 5069/6935/5067 5055/6911/5053 5043/6896/5041
f 5066/6931/5064 5068/6934/5066 5061/6923/5059 5060/8439/5058
f 5054/6928/5052 5065/6927/5063 5056/6914/5054 5049/6913/5047
f 5043/6896/5041 5055/6911/5053 5048/6904/5046 5046/6899/5044
f 5048/6904/5046 5051/6907/5049 5047/8440/5045 5046/6899/5044
f 5019/6863/5017 5018/6862/5016 5017/8441/5015 5010/6852/5008
f 4991/6824/4989 4994/6827/4992 4963/6782/4961 4962/6781/4960
f 4992/6825/4990 4991/6824/4989 4962/6781/4960 5806/8442/5798
f 4968/6790/4966 4976/6802/4974 4948/6764/4946 4944/6759/4942
f 4948/6764/4946 4976/6802/4974 4973/6799/4971 6108/8443/6095
f 4947/6763/4945 6108/8443/6095 4973/6799/4971 4959/6778/4957
f 4948/6764/4946 6108/8443/6095 4941/6754/4939 4939/6752/4937
f 4941/6754/4939 6108/8443/6095 4947/6763/4945 4946/6762/4944
f 4952/6787/4950 4968/6790/4966 4944/6759/4942 4943/6758/4941
f 4947/6763/4945 4959/6778/4957 4949/6765/4947 4945/6761/4943
f 4949/6765/4947 4952/6768/4950 4943/6760/4941 4945/6761/4943
f 4931/8444/4929 4942/8445/4940 6109/8446/6096 6110/8447/6097
f 6109/8446/6096 4942/8445/4940 4938/6751/4936 6111/8448/6098
f 6112/8449/6099 6111/8448/6098 4938/6751/4936 4937/6746/4935
f 6109/8446/6096 6111/8448/6098 4918/6727/4916 4911/6720/4909
f 4918/6727/4916 6111/8448/6098 6112/8449/6099 4915/6724/4913
f 6113/8450/6100 6112/8449/6099 4937/6746/4935 4924/6749/4922
f 4915/6724/4913 6112/8449/6099 6113/8450/6100 4916/6725/4914
f 4249/5877/4247 6113/8450/6100 4924/6749/4922 4919/8451/4917
f 4916/6725/4914 6113/8450/6100 4249/5877/4247 4244/5868/4242
f 6110/8447/6097 6109/8446/6096 4911/6720/4909 4907/6719/4905
f 4931/6740/4929 6110/8452/6097 4248/5875/4246 4929/6738/4927
f 4248/5875/4246 6110/8452/6097 4907/8453/4905 4242/5872/4240
f 4922/6731/4920 4929/6738/4927 4248/5875/4246 4247/5874/4245
f 4919/6728/4917 4922/6731/4920 4247/5874/4245 4249/8454/4247
f 4911/6720/4909 4918/6727/4916 4917/6726/4915 4912/6721/4910
f 4913/6722/4911 4916/6725/4914 4244/5868/4242 4246/5871/4244
f 4799/8455/4797 4913/6722/4911 4246/5871/4244 4795/6710/4793
f 4910/8456/4908 4909/8457/4907 4785/6569/4783 4786/6572/4784
f 4908/6714/4906 4910/6717/4908 6114/8458/6101 6115/8459/6102
f 6114/8460/6101 4910/8456/4908 4786/6572/4784 6116/8461/6103
f 6114/8460/6101 6116/8461/6103 6117/8462/6104 6118/8463/6105
f 6117/8462/6104 6116/8461/6103 4790/6577/4788 4895/6690/4893
f 4790/6577/4788 6116/8461/6103 4786/6572/4784 4773/6571/4771
f 6118/8463/6105 6117/8462/6104 6119/8464/6106 6120/8465/6107
f 6119/8464/6106 6117/8462/6104 4895/6690/4893 6121/8466/6108
f 6119/8467/6106 6121/8468/6108 2943/3983/2942 2942/3982/2941
f 2943/3983/2942 6121/8468/6108 4902/6699/4900 2944/3984/2943
f 4902/6699/4900 6121/8468/6108 4895/8469/4893 4894/6694/4892
f 2945/3985/2944 2944/3984/2943 4902/6699/4900 4901/6698/4899
f 2946/3986/2945 2945/3985/2944 4901/6698/4899 4898/6693/4896
f 2947/3987/2946 2946/3986/2945 4898/6693/4896 4899/6696/4897
f 2949/3989/2948 2947/3987/2946 4899/6696/4897 6122/8470/6109
f 6123/8471/6110 6122/8470/6109 4899/6696/4897 4896/6695/4894
f 2949/3989/2948 6122/8470/6109 6120/8472/6107 2951/3991/2950
f 6120/8472/6107 6122/8470/6109 6123/8471/6110 6118/8473/6105
f 2942/3982/2941 2951/3994/2950 6120/8474/6107 6119/8467/6106
f 6115/8459/6102 6123/8475/6110 4896/6691/4894 4897/6692/4895
f 6118/8476/6105 6123/8475/6110 6115/8459/6102 6114/8458/6101
f 4908/6714/4906 6115/8459/6102 4897/6692/4895 4906/8477/4904
f 6124/8478/6111 6125/8479/6112 4802/6589/4800 4805/6592/4803
f 4802/6589/4800 6125/8479/6112 4907/6712/4905 4803/6590/4801
f 4907/8480/4905 6125/8481/6112 4243/5867/4241 4242/5866/4240
f 4243/5867/4241 6125/8481/6112 6124/8482/6111 4806/6593/4804
f 2955/4007/2954 6124/8478/6111 4805/6592/4803 2954/4006/2953
f 4806/6593/4804 6124/8482/6111 2955/4009/2954 2956/4008/2955
f 4806/6593/4804 2956/4008/2955 2957/4010/2956 4804/6591/4802
f 4804/6591/4802 2957/4010/2956 2954/4006/2953 4805/6592/4803
f 4784/6568/4782 4905/6706/4903 4903/6705/4901 4787/8483/4785
f 4906/8477/4904 4897/6692/4895 4789/6576/4787 4772/6575/4770
f 6126/8484/6113 4891/6686/4889 4883/6678/4881 6127/8485/6114
f 4890/6685/4888 4891/6686/4889 6128/8486/6115 6129/8487/6116
f 6128/8486/6115 4891/6686/4889 6126/8484/6113 6130/8488/6117
f 6131/8489/6118 6130/8488/6117 6126/8484/6113 6132/8490/6119
f 6128/8486/6115 6130/8488/6117 6133/8491/6120 6134/8492/6121
f 6133/8491/6120 6130/8488/6117 6131/8489/6118 6135/8493/2966
f 6136/8494/6122 6135/8493/2966 6131/8489/6118 4832/8495/4830
f 6133/8491/6120 6135/8493/2966 2970/4024/2969 2969/4023/2968
f 2970/4024/2969 6135/8493/2966 6136/8494/6122 2971/4025/2970
f 2973/4029/2972 2971/4028/2970 6136/8496/6122 6137/8497/6123
f 2977/4033/2976 2976/4032/2975 6138/8498/6124 6139/8499/6125
f 6138/8498/6124 2976/4032/2975 2973/4029/2972 6137/8497/6123
f 6139/8499/6125 6138/8498/6124 4823/6610/4821 4826/6613/4824
f 4823/6610/4821 6138/8498/6124 6137/8497/6123 4831/6618/4829
f 6140/8500/6126 6139/8499/6125 4826/6613/4824 4866/6658/4864
f 2977/4033/2976 6139/8499/6125 6140/8500/6126 2979/4035/2978
f 2981/4037/2980 2979/4035/2978 6140/8500/6126 6141/8501/6127
f 2985/4041/2984 2984/4040/2983 6142/8502/6128 6143/8503/6129
f 6142/8504/6128 2984/4042/2983 2981/4037/2980 6141/8501/6127
f 6143/8503/6129 6142/8502/6128 4868/8505/4866 6144/8506/6130
f 4868/6660/4866 6142/8504/6128 6141/8501/6127 4865/6657/4863
f 6129/8487/6116 6144/8506/6130 6145/8507/6131 4890/6685/4888
f 6145/8507/6131 6144/8506/6130 4868/8505/4866 4867/8508/4865
f 6143/8503/6129 6144/8506/6130 6129/8487/6116 6146/8509/6132
f 6134/8492/6121 6146/8509/6132 6129/8487/6116 6128/8486/6115
f 6143/8503/6129 6146/8509/6132 2989/4049/2988 2985/4041/2984
f 2989/4049/2988 6146/8509/6132 6134/8492/6121 2990/4050/2989
f 2969/4023/2968 2990/4050/2989 6134/8492/6121 6133/8491/6120
f 4890/6685/4888 6145/8507/6131 4877/8510/4875 4880/6675/4878
f 4877/8510/4875 6145/8507/6131 4867/8508/4865 4869/8511/4867
f 4865/6657/4863 6141/8501/6127 6140/8500/6126 4866/6658/4864
f 4831/6618/4829 6137/8497/6123 6136/8496/6122 4832/6619/4830
f 4829/8512/4827 6132/8490/6119 6147/8513/6133 4830/8514/4828
f 6147/8513/6133 6132/8490/6119 6126/8484/6113 6127/8485/6114
f 6131/8489/6118 6132/8490/6119 4829/8512/4827 4832/8495/4830
f 4830/8514/4828 6147/8513/6133 4840/6627/4838 4841/6630/4839
f 4840/6627/4838 6147/8513/6133 6127/8485/6114 4843/6632/4841
f 4843/6632/4841 6127/8485/6114 4883/6678/4881 4882/6677/4880
f 4872/6664/4870 4889/6684/4887 4874/8515/4872 4856/6646/4854
f 4874/6666/4872 4889/8516/4887 4878/6672/4876 4873/6665/4871
f 4886/6681/4884 4889/6684/4887 4872/6664/4870 4884/6679/4882
f 4842/6631/4840 4884/6679/4882 4872/6664/4870 4847/6636/4845
f 4856/6646/4854 4874/8515/4872 4853/8517/4851 4852/6643/4850
f 4861/6653/4859 4870/6662/4868 6148/8518/6134 6149/8519/6135
f 6148/8518/6134 4870/6662/4868 4845/6634/4843 6150/8520/6136
f 6148/8518/6134 6150/8520/6136 6151/8521/6137 6152/8522/6138
f 6151/8521/6137 6150/8520/6136 4818/6605/4816 6153/8523/6139
f 4818/6605/4816 6150/8520/6136 4845/6634/4843 4817/6604/4815
f 6151/8521/6137 6153/8523/6139 6154/8524/6140 4838/6625/4836
f 6154/8524/6140 6153/8523/6139 4828/6615/4826 4827/6614/4825
f 4828/6615/4826 6153/8523/6139 4818/6605/4816 4811/6598/4809
f 4838/6625/4836 6154/8524/6140 4841/8525/4839 4837/6624/4835
f 4841/8525/4839 6154/8524/6140 4827/6614/4825 4830/6617/4828
f 6152/8522/6138 6151/8521/6137 4838/6625/4836 4833/6620/4831
f 6149/8519/6135 6148/8518/6134 6152/8522/6138 6155/8526/6141
f 4814/6601/4812 4866/6658/4864 4826/6613/4824 4825/6612/4823
f 4851/6640/4849 4861/6653/4859 6149/8519/6135 4848/6637/4846
f 4825/6612/4823 4828/6615/4826 4811/6598/4809 4814/6601/4812
f 4785/8527/4783 6156/8528/6142 4778/6562/4776 4771/8529/4769
f 4778/6562/4776 6156/8528/6142 4791/6578/4789 4775/6559/4773
f 4787/6573/4785 4903/8530/4901 4906/8531/4904 4772/6556/4770
f 4903/6700/4901 4904/6703/4902 4803/6590/4801 4906/6711/4904
f 4787/8483/4785 4788/8532/4786 4782/6566/4780 4784/6568/4782
f 4782/6566/4780 4788/8532/4786 6157/8533/6143 4783/6567/4781
f 6157/8534/6143 4788/6574/4786 4768/6550/4766 4766/6548/4764
f 4783/6567/4781 6157/8533/6143 4748/6530/4746 4754/6527/4752
f 4748/6521/4746 6157/8534/6143 4766/6548/4764 4746/6519/4744
f 4758/6536/4756 4783/6567/4781 4754/6527/4752 4742/6513/4740
f 4774/8535/4772 4777/6561/4775 4769/6553/4767 4759/6552/4757
f 4764/6545/4762 4765/6547/4763 4753/6526/4751 4749/6522/4747
f 4733/6501/4731 4764/6544/4762 4749/8536/4747 4732/6500/4730
f 4727/6495/4725 4757/6534/4755 4723/6491/4721 4722/6490/4720
f 4745/6518/4743 4747/6520/4745 4733/6501/4731 4728/6496/4726
f 4735/6506/4733 4745/6518/4743 4728/6496/4726 4731/6499/4729
f 4714/7873/4712 4721/6489/4719 4720/6488/4718 4701/8537/4699
f 6158/8538/6144 4707/6471/4705 4699/6460/4697 6159/8539/6145
f 4699/6460/4697 4701/6462/4699 4720/8540/4718 6159/8539/6145
f 4683/6443/4681 4685/6446/4683 4617/6358/4615 4612/6353/4610
f 4684/6444/4682 4683/6443/4681 4612/6353/4610 4409/6069/4407
f 4282/5911/4280 5196/7109/5194 4275/5904/4273 4277/5906/4275
f 4275/5904/4273 5196/7109/5194 4681/6438/4679 4276/5905/4274
f 4276/5905/4274 4681/6438/4679 4659/6405/4657 4264/5893/4262
f 4397/6057/4395 4675/6431/4673 4284/5915/4282 4399/6058/4397
f 4267/5896/4265 4675/6431/4673 4397/6057/4395 4389/8541/4387
f 4664/6412/4662 4669/6419/4667 6160/8542/6146 6161/8543/6147
f 6160/8542/6146 4669/6419/4667 4663/6422/4661 6162/8544/6148
f 6160/8542/6146 6162/8544/6148 6163/8545/6149 6164/8546/3006
f 6163/8547/6149 6162/8548/6148 6165/8549/6150 6166/8550/6151
f 6165/8549/6150 6162/8548/6148 4663/8551/4661 4662/6413/4660
f 6166/8550/6151 6165/8549/6150 6161/8543/6147 6167/8552/3010
f 6161/8543/6147 6165/8549/6150 4662/6413/4660 4664/6412/4662
f 6166/8550/6151 6167/8552/3010 6168/8553/6152 6169/8554/6153
f 6168/8553/6152 6167/8552/3010 6164/8546/3006 6170/8555/3013
f 6164/8546/3006 6167/8552/3010 6161/8543/6147 6160/8542/6146
f 6168/8553/6152 6170/8555/3013 3016/4091/3015 3015/4090/3014
f 3016/4091/3015 6170/8555/3013 6171/8556/6154 3017/4092/3016
f 6171/8556/6154 6170/8555/3013 6164/8546/3006 6163/8545/6149
f 3017/4096/3016 6171/8557/6154 6169/8554/6153 3019/4094/3018
f 6169/8554/6153 6171/8557/6154 6163/8547/6149 6166/8550/6151
f 3015/4090/3014 3019/4094/3018 6169/8554/6153 6168/8553/6152
f 4264/5893/4262 4659/6405/4657 4654/6400/4652 4259/5888/4257
f 4654/6400/4652 4657/6403/4655 4260/5889/4258 4259/5888/4257
f 6172/8558/6155 4653/8559/4651 1401/4098/1400 3020/4097/3019
f 4651/6397/4649 4653/6399/4651 6173/8560/6156 6174/8561/6157
f 6173/8562/6156 4653/8559/4651 6172/8558/6155 6175/8563/6158
f 6176/8564/6159 6175/8563/6158 6172/8558/6155 6177/8565/6160
f 6173/8562/6156 6175/8563/6158 6178/8566/6161 6179/8567/6162
f 6178/8566/6161 6175/8563/6158 6176/8564/6159 6180/8568/6163
f 6181/8569/6164 6180/8568/6163 6176/8564/6159 6182/8570/6165
f 6178/8566/6161 6180/8568/6163 6183/8571/6166 6184/8572/6167
f 6183/8571/6166 6180/8568/6163 6181/8569/6164 6185/8573/6168
f 4643/6386/4641 6185/8573/6168 6181/8569/6164 6186/8574/6169
f 6183/8571/6166 6185/8573/6168 6187/8575/6170 6188/8576/6171
f 6187/8575/6170 6185/8573/6168 4643/6386/4641 4642/6385/4640
f 6188/8576/6171 6187/8575/6170 4626/6367/4624 4625/6366/4623
f 4626/6367/4624 6187/8575/6170 4642/6385/4640 4627/6368/4625
f 6183/8571/6166 6188/8576/6171 4645/6391/4643 6184/8572/6167
f 4645/6391/4643 6188/8576/6171 4625/6366/4623 4646/6392/4644
f 6179/8577/6162 6186/8574/6169 6174/8561/6157 6173/8560/6156
f 6174/8561/6157 6186/8574/6169 6181/8569/6164 6182/8570/6165
f 4643/6386/4641 6186/8574/6169 6179/8577/6162 4640/6383/4638
f 6178/8566/6161 6184/8572/6167 4640/8578/4638 6179/8567/6162
f 4640/8578/4638 6184/8572/6167 4645/6391/4643 4641/6390/4639
f 6174/8561/6157 6182/8570/6165 4652/6398/4650 4651/6397/4649
f 4652/6398/4650 6182/8570/6165 6176/8564/6159 6177/8565/6160
f 4652/6398/4650 6177/8565/6160 3038/4120/3037 1397/1896/1396
f 3038/4120/3037 6177/8565/6160 6172/8558/6155 3020/4097/3019
f 4631/6372/4629 4646/6392/4644 4625/6366/4623 4628/6369/4626
f 4632/6373/4630 4637/6388/4635 4630/6371/4628 4629/6370/4627
f 4617/6358/4615 4616/6357/4614 4611/6352/4609 4612/6353/4610
f 4609/6348/4607 4610/6351/4608 4608/8579/4606 4607/8580/4605
f 4608/6347/4606 4610/8581/4608 4598/8582/4596 4603/6340/4601
f 4598/8583/4596 4610/8584/4608 4605/6344/4603 4599/6343/4597
f 4605/6344/4603 4608/6347/4606 4603/6340/4601 4599/6343/4597
f 4578/6304/4576 4604/8585/4602 4602/8586/4600 4581/6307/4579
f 4593/6322/4591 4604/6339/4602 6189/8587/6172 4594/6323/4592
f 6189/8588/6172 4604/8585/4602 4578/6304/4576 4576/6301/4574
f 4594/6323/4592 6189/8587/6172 6190/8589/6173 4586/6312/4584
f 6190/8589/6173 6189/8587/6172 4576/8590/4574 4577/8591/4575
f 4586/6312/4584 6190/8589/6173 6191/8592/6174 4583/6309/4581
f 6191/8592/6174 6190/8589/6173 4577/8591/4575 6192/8593/6175
f 6193/8594/6176 6192/8595/6175 4577/6303/4575 4574/6302/4572
f 6191/8592/6174 6192/8593/6175 6194/8596/6177 4601/8597/4599
f 6194/8598/6177 6192/8599/6175 6193/8600/6176 6195/8601/6178
f 6196/8602/6179 6195/8601/6178 6193/8600/6176 6197/8603/6180
f 6194/8598/6177 6195/8601/6178 4571/6296/4569 4582/6308/4580
f 4571/6296/4569 6195/8601/6178 6196/8602/6179 4568/6294/4566
f 6198/8604/6181 6197/8605/6180 4575/8606/4573 6199/8607/6182
f 4575/8606/4573 6197/8605/6180 6193/8608/6176 4574/8609/4572
f 6196/8610/6179 6197/8605/6180 6198/8604/6181 6200/8611/6183
f 6201/8612/6184 6200/8611/6183 6198/8604/6181 6202/8613/6185
f 6196/8610/6179 6200/8611/6183 4569/6293/4567 4568/6292/4566
f 4569/6293/4567 6200/8611/6183 6201/8612/6184 6203/8614/6186
f 6204/8615/6187 6203/8614/6186 6201/8612/6184 6205/8616/6188
f 4569/6293/4567 6203/8614/6186 6206/8617/6189 4567/6290/4565
f 6206/8617/6189 6203/8614/6186 6204/8615/6187 6207/8618/6190
f 6208/8619/6191 6205/8616/6188 6209/8620/6192 6210/8621/6193
f 6209/8620/6192 6205/8616/6188 6201/8612/6184 6202/8613/6185
f 6204/8615/6187 6205/8616/6188 6208/8619/6191 6211/8622/6194
f 4522/6217/4520 6211/8622/6194 6208/8619/6191 6212/8623/6195
f 6204/8615/6187 6211/8622/6194 4517/6211/4515 6207/8618/6190
f 4517/6211/4515 6211/8622/6194 4522/6217/4520 4518/6212/4516
f 6213/8624/6196 6212/8623/6195 6214/8625/6197 6215/8626/6198
f 6214/8625/6197 6212/8623/6195 6208/8619/6191 6210/8621/6193
f 4522/6217/4520 6212/8623/6195 6213/8624/6196 4520/6215/4518
f 6215/8626/6198 6214/8625/6197 4530/6228/4528 4533/6231/4531
f 4530/6228/4528 6214/8625/6197 6210/8621/6193 4534/6232/4532
f 6216/8627/6199 6215/8626/6198 4533/6231/4531 4140/5745/4138
f 6213/8624/6196 6215/8626/6198 6216/8627/6199 6217/8628/6200
f 3069/4157/3068 6217/8628/6200 6216/8627/6199 3068/4154/3067
f 6213/8624/6196 6217/8628/6200 4521/6216/4519 4520/6215/4518
f 4521/6216/4519 6217/8628/6200 3069/4157/3068 3070/4159/3069
f 4521/6216/4519 3070/4159/3069 1257/1710/1256 4513/6205/4511
f 867/1229/866 3068/4154/3067 6216/8627/6199 4140/5745/4138
f 6210/8621/6193 6209/8620/6192 6218/8629/6201 4534/6232/4532
f 6218/8629/6201 6209/8620/6192 6202/8613/6185 6219/8630/6202
f 6218/8629/6201 6219/8630/6202 4558/6265/4556 4436/6096/4434
f 4558/6265/4556 6219/8630/6202 6199/8607/6182 4557/6262/4555
f 6199/8607/6182 6219/8630/6202 6202/8613/6185 6198/8604/6181
f 4534/6232/4532 6218/8629/6201 4436/6096/4434 4435/6095/4433
f 4557/6262/4555 6199/8607/6182 4575/8606/4573 4560/8631/4558
f 4601/8597/4599 6194/8596/6177 4582/8632/4580 4600/8633/4598
f 4583/6309/4581 6191/8592/6174 4601/8597/4599 4588/8634/4586
f 4581/6307/4579 4602/8586/4600 4600/8635/4598 4582/6308/4580
f 4591/6320/4589 4594/6323/4592 4586/6312/4584 4585/6311/4583
f 6220/8636/6203 4580/6306/4578 6221/8637/6204 6222/8638/6205
f 6221/8637/6204 4580/6306/4578 4572/6297/4570 6223/8639/6206
f 4579/6305/4577 4580/6306/4578 6220/8636/6203 4563/6282/4561
f 6221/8637/6204 6223/8639/6206 4554/8640/4552 4553/8641/4551
f 4554/8640/4552 6223/8639/6206 6224/8642/6207 6225/8643/6208
f 6224/8642/6207 6223/8639/6206 4572/6297/4570 4565/6286/4563
f 6225/8644/6208 6224/8645/6207 6226/8646/6209 6227/8647/6210
f 6226/8646/6209 6224/8645/6207 4565/8648/4563 4564/6283/4562
f 6227/8647/6210 6226/8646/6209 6220/8636/6203 6222/8638/6205
f 6220/8636/6203 6226/8646/6209 4564/6283/4562 4563/6282/4561
f 6225/8644/6208 6227/8647/6210 6228/8649/6211 6229/8650/6212
f 6228/8649/6211 6227/8647/6210 6222/8638/6205 4556/8651/4554
f 6229/8652/6212 6228/8653/6211 6230/8654/6213 6231/8655/6214
f 6230/8654/6213 6228/8653/6211 4556/6261/4554 4555/6260/4553
f 6231/8655/6214 6230/8654/6213 6232/8656/6215 6233/8657/6216
f 6232/8656/6215 6230/8654/6213 4555/6260/4553 6234/8658/6217
f 6233/8659/6216 6232/8660/6215 6235/8661/6218 6236/8662/6219
f 6235/8661/6218 6232/8660/6215 6234/8663/6217 6237/8664/6220
f 6235/8661/6218 6237/8664/6220 6238/8665/6221 6239/8666/6222
f 6238/8667/6221 6237/8668/6220 6240/8669/6223 6241/8670/6224
f 6240/8669/6223 6237/8668/6220 6234/8671/6217 6242/8672/6225
f 6241/8670/6224 6240/8669/6223 6236/8662/6219 6243/8673/6226
f 6236/8662/6219 6240/8669/6223 6242/8672/6225 6233/8659/6216
f 6241/8670/6224 6243/8673/6226 6244/8674/6227 6245/8675/6228
f 6244/8674/6227 6243/8673/6226 6239/8666/6222 6246/8676/6229
f 6239/8666/6222 6243/8673/6226 6236/8662/6219 6235/8661/6218
f 6238/8667/6221 6241/8670/6224 6245/8675/6228 6247/8677/6230
f 6246/8676/6229 6247/8678/6230 6248/8679/6231 6249/8680/6232
f 6248/8679/6231 6247/8678/6230 6245/8681/6228 6250/8682/6233
f 6238/8665/6221 6247/8678/6230 6246/8676/6229 6239/8666/6222
f 4554/6259/4552 6225/8683/6208 6229/8684/6212 4551/6256/4549
f 6222/8685/6205 6221/8686/6204 4553/6258/4551 4556/6261/4554
f 4544/6247/4542 4579/6305/4577 4563/6282/4561 4541/6244/4539
f 4525/6291/4523 4567/6290/4565 6206/8617/6189 4526/8687/4524
f 4436/6096/4434 4558/6265/4556 4524/6264/4522 4434/6094/4432
f 4536/8688/4534 4539/8689/4537 4561/8690/4559 4537/6237/4535
f 4561/6274/4559 4539/6269/4537 4495/6170/4493 4496/6172/4494
f 4536/8688/4534 4537/6237/4535 4422/6238/4420 4426/8691/4424
f 4508/6195/4506 4507/6194/4505 6251/8692/6234 6252/8693/6235
f 6251/8694/6234 4507/6196/4505 1252/1701/1251 3106/4212/3105
f 6251/8695/6234 3106/4213/3105 1188/1619/1187 4448/6109/4446
f 6252/8696/6235 6251/8695/6234 4448/6109/4446 4450/8697/4448
f 4508/6195/4506 6252/8693/6235 6253/8698/6236 6254/8699/6237
f 6253/8700/6236 6252/8701/6235 4450/6113/4448 6255/8702/6238
f 6253/8700/6236 6255/8702/6238 4505/6191/4503 4502/6190/4500
f 4505/6191/4503 6255/8702/6238 6256/8703/6239 6257/8704/6240
f 6256/8703/6239 6255/8702/6238 4450/6113/4448 4449/6112/4447
f 6257/8704/6240 6256/8703/6239 6258/8705/6241 6259/8706/6242
f 6258/8705/6241 6256/8703/6239 4449/6112/4447 4451/6115/4449
f 6259/8706/6242 6258/8705/6241 4506/6192/4504 6260/8707/6243
f 4506/6192/4504 6258/8705/6241 4451/6115/4449 4452/6193/4450
f 6259/8706/6242 6260/8707/6243 4503/8708/4501 6261/8709/6244
f 4503/8708/4501 6260/8707/6243 6254/8699/6237 4471/8710/4469
f 6254/8699/6237 6260/8707/6243 4506/6192/4504 4508/6195/4506
f 6259/8706/6242 6261/8709/6244 6262/8711/6245 6257/8704/6240
f 6262/8711/6245 6261/8709/6244 6263/8712/6246 6264/8713/6247
f 6263/8714/6246 6261/8715/6244 4503/6186/4501 4504/6187/4502
f 6264/8716/6247 6263/8717/6246 4463/8718/4461 4459/8719/4457
f 4463/6130/4461 6263/8714/6246 4504/6187/4502 4464/6131/4462
f 6262/8720/6245 6264/8716/6247 4466/6182/4464 4501/6183/4499
f 4466/6182/4464 6264/8716/6247 4459/8719/4457 4457/8721/4455
f 6257/8704/6240 6262/8711/6245 4501/6188/4499 4505/6191/4503
f 6254/8699/6237 6253/8698/6236 4502/8722/4500 4471/8710/4469
f 4464/6131/4462 4504/6187/4502 4470/6139/4468 4461/6141/4459
f 4469/8723/4467 4500/8724/4498 4492/6173/4490 4494/6169/4492
f 4492/6167/4490 4500/6181/4498 4467/6180/4465 4490/6164/4488
f 4499/6185/4497 4500/8725/4498 4469/6138/4467 4468/6137/4466
f 4469/8723/4467 4494/6169/4492 4490/6164/4488 4467/6180/4465
f 4488/6162/4486 4493/8726/4491 4497/8727/4495 4489/6163/4487
f 4480/6151/4478 4485/8728/4483 4484/8729/4482 4481/8730/4479
f 4480/6151/4478 4481/8730/4479 4479/8731/4477 4477/6148/4475
f 4477/6148/4475 4479/8731/4477 4475/8732/4473 4476/6147/4474
f 6265/8733/6248 4476/6147/4474 4475/8732/4473 4474/8734/4472
f 6206/8617/6189 6207/8618/6190 4430/8735/4428 4526/8687/4524
f 4430/8735/4428 6207/8618/6190 4517/6211/4515 4431/6210/4429
f 4427/8736/4425 4426/8691/4424 4422/6238/4420 4425/8737/4423
f 6266/8738/6249 6267/8739/6250 4402/6062/4400 4403/6063/4401
f 4402/6062/4400 6267/8739/6250 6268/8740/6251 4404/6064/4402
f 6269/8741/6252 6267/8739/6250 6266/8738/6249 6270/8742/6253
f 6271/8743/6254 6270/8742/6253 6266/8738/6249 6272/8744/6255
f 6269/8741/6252 6270/8742/6253 6273/8745/6256 6274/8746/6257
f 6273/8745/6256 6270/8742/6253 6271/8743/6254 6275/8747/6258
f 3131/4261/3130 6275/8747/6258 6271/8743/6254 3130/4258/3129
f 6273/8745/6256 6275/8747/6258 6276/8748/6259 6277/8749/6260
f 6276/8748/6259 6275/8747/6258 3131/4261/3130 3134/4268/3133
f 6276/8748/6259 3134/4268/3133 3136/4267/3135 6278/8750/6261
f 3139/4273/3138 3138/4272/3137 6272/8744/6255 6279/8751/6262
f 6272/8744/6255 3138/4272/3137 3130/4258/3129 6271/8743/6254
f 3139/4273/3138 6279/8751/6262 6280/8752/6263 3140/4274/3139
f 6280/8752/6263 6279/8751/6262 4403/6063/4401 4400/6059/4398
f 4403/6063/4401 6279/8751/6262 6272/8744/6255 6266/8738/6249
f 3140/4274/3139 6280/8752/6263 6281/8753/6264 3142/4278/3141
f 6281/8753/6264 6280/8752/6263 4400/6059/4398 4401/6061/4399
f 3142/4278/3141 6281/8753/6264 6282/8754/3144 3144/8755/3143
f 6282/8754/3144 6281/8753/6264 4401/6061/4399 6283/8756/6265
f 6282/8757/3144 6283/8758/6265 6284/8759/6266 6285/8760/2769
f 6284/8759/6266 6283/8758/6265 6286/8761/6267 6287/8762/6268
f 6286/8763/6267 6283/8756/6265 4401/6061/4399 4398/6060/4396
f 6287/8764/6268 6286/8765/6267 6288/8766/6269 6289/8767/6270
f 6288/8768/6269 6286/8763/6267 4398/6060/4396 4399/8769/4397
f 6289/8767/6270 6288/8766/6269 4278/5907/4276 4281/5910/4279
f 4278/5914/4276 6288/8770/6269 4399/6058/4397 4284/5915/4282
f 6287/8764/6268 6289/8767/6270 6290/8771/6271 6291/8772/6272
f 6290/8771/6271 6289/8767/6270 4281/5910/4279 4270/5899/4268
f 6291/8772/6272 6290/8771/6271 4390/8773/4388 4385/8774/4383
f 4390/8773/4388 6290/8771/6271 4270/5899/4268 4268/5897/4266
f 6292/8775/6273 6291/8776/6272 4385/6039/4383 4388/6042/4386
f 6287/8762/6268 6291/8776/6272 6292/8775/6273 6284/8759/6266
f 6293/8777/6274 6292/8775/6273 4388/6042/4386 6294/8778/6275
f 6284/8759/6266 6292/8775/6273 6293/8777/6274 6285/8760/2769
f 3160/4310/3159 6294/8778/6275 6295/8779/6276 3158/4308/3157
f 6295/8779/6276 6294/8778/6275 4388/6042/4386 4387/6041/4385
f 6293/8777/6274 6294/8778/6275 3160/4310/3159 3161/4311/3160
f 3158/4308/3157 6295/8779/6276 6296/8780/6277 3162/4312/3161
f 6296/8780/6277 6295/8779/6276 4387/6041/4385 4396/6052/4394
f 3162/4312/3161 6296/8780/6277 6297/8781/6278 3164/4314/3163
f 6297/8781/6278 6296/8780/6277 4396/6052/4394 6298/8782/6279
f 6297/8781/6278 6298/8782/6279 6299/8783/6280 6300/8784/6281
f 6299/8783/6280 6298/8782/6279 6301/8785/6282 4383/6035/4381
f 6301/8785/6282 6298/8782/6279 4396/6052/4394 4394/6051/4392
f 4383/6035/4381 6301/8785/6282 6302/8786/6283 4380/6032/4378
f 6302/8786/6283 6301/8785/6282 4394/6051/4392 4395/8787/4393
f 4380/6032/4378 6302/8786/6283 6303/8788/6284 4384/6038/4382
f 6303/8788/6284 6302/8786/6283 4395/8787/4393 6304/8789/6285
f 6305/8790/6286 6304/8791/6285 6306/8792/6287 6307/8793/6288
f 6306/8792/6287 6304/8791/6285 4395/6050/4393 4391/6045/4389
f 6303/8788/6284 6304/8789/6285 6305/8794/6286 6308/8795/6289
f 6309/8796/6290 6308/8795/6289 6305/8794/6286 6310/8797/6291
f 6303/8788/6284 6308/8795/6289 6311/8798/6292 4384/6038/4382
f 6311/8798/6292 6308/8795/6289 6309/8796/6290 6312/8799/6293
f 3182/4341/3181 6312/8799/6293 6309/8796/6290 3181/8800/3180
f 6311/8798/6292 6312/8799/6293 6313/8801/6294 6314/8802/6295
f 6313/8801/6294 6312/8799/6293 3182/4341/3181 3185/4340/3184
f 6313/8801/6294 3185/4340/3184 3187/4345/3186 6315/8803/6296
f 3190/4348/3189 3189/4347/3188 6300/8784/6281 6316/8804/6297
f 6300/8784/6281 3189/4347/3188 3164/4314/3163 6297/8781/6278
f 3190/4352/3189 6316/8805/6297 6317/8806/6298 3191/4349/3190
f 6317/8806/6298 6316/8805/6297 6318/8807/6299 6319/8808/6300
f 6318/8809/6299 6316/8804/6297 6300/8784/6281 6299/8783/6280
f 6319/8808/6300 6318/8807/6299 4382/8810/4380 4379/8811/4377
f 4382/6034/4380 6318/8809/6299 6299/8783/6280 4383/6035/4381
f 6317/8806/6298 6319/8808/6300 6320/8812/6301 6321/8813/6302
f 6320/8812/6301 6319/8808/6300 4379/8811/4377 4376/8814/4374
f 6321/8813/6302 6320/8812/6301 6322/8815/6303 6323/8816/6304
f 6322/8815/6303 6320/8812/6301 4376/8814/4374 4377/8817/4375
f 6323/8818/6304 6322/8819/6303 6324/8820/6305 6325/8821/6306
f 6324/8820/6305 6322/8819/6303 4377/6028/4375 6326/8822/6307
f 6324/8820/6305 6326/8822/6307 6327/8823/6308 6328/8824/6309
f 6327/8823/6308 6326/8822/6307 6329/8825/6310 6330/8826/6311
f 6329/8825/6310 6326/8822/6307 4377/6028/4375 4374/6025/4372
f 6330/8826/6311 6329/8825/6310 6331/8827/6312 6332/8828/6313
f 6331/8827/6312 6329/8825/6310 4374/6025/4372 4375/6026/4373
f 6332/8828/6313 6331/8827/6312 6333/8829/6314 6334/8830/6315
f 6333/8829/6314 6331/8827/6312 4375/6026/4373 6335/8831/6316
f 6333/8829/6314 6335/8831/6316 3212/4376/3211 3211/4375/3210
f 3212/4376/3211 6335/8831/6316 6336/8832/6317 3213/8833/3212
f 6336/8832/6317 6335/8831/6316 4375/6026/4373 4372/6021/4370
f 3213/8833/3212 6336/8832/6317 6337/8834/6318 3215/8835/3214
f 6337/8834/6318 6336/8832/6317 4372/6021/4370 4373/6024/4371
f 3215/4385/3214 6337/8836/6318 6338/8837/6319 3217/4388/3216
f 6338/8838/6319 6337/8839/6318 4373/8840/4371 6339/8841/6320
f 4360/6004/4358 6339/8841/6320 4373/8840/4371 4359/6001/4357
f 6338/8838/6319 6339/8841/6320 4367/6014/4365 6340/8842/6321
f 4367/6014/4365 6339/8841/6320 4360/6004/4358 4364/6009/4362
f 6338/8837/6319 6340/8843/6321 3221/4394/3220 3217/4388/3216
f 3221/8844/3220 6340/8842/6321 6341/8845/6322 3222/8846/3221
f 6341/8845/6322 6340/8842/6321 4367/6014/4365 4366/6013/4364
f 3222/8846/3221 6341/8845/6322 6342/8847/6323 3224/8848/3223
f 6342/8847/6323 6341/8845/6322 4366/6013/4364 4369/6016/4367
f 3224/8848/3223 6342/8847/6323 6334/8830/6315 3226/8849/3225
f 6334/8830/6315 6342/8847/6323 4369/6016/4367 6332/8828/6313
f 3211/4375/3210 3226/8849/3225 6334/8830/6315 6333/8829/6314
f 6330/8826/6311 6332/8828/6313 4369/6016/4367 4368/6015/4366
f 6327/8850/6308 6330/8851/6311 4368/6017/4366 4371/6020/4369
f 6328/8852/6309 6327/8850/6308 4371/6020/4369 6343/8853/6324
f 6315/8803/6296 6343/8853/6324 6314/8802/6295 6313/8801/6294
f 6314/8802/6295 6343/8853/6324 4371/6020/4369 4370/6019/4368
f 6328/8852/6309 6343/8853/6324 6315/8803/6296 6344/8854/6325
f 3229/4408/3228 6344/8854/6325 6315/8803/6296 3187/4345/3186
f 6328/8852/6309 6344/8854/6325 6325/8855/6306 6324/8856/6305
f 6325/8855/6306 6344/8854/6325 3229/4408/3228 3230/4410/3229
f 6325/8857/6306 3230/4413/3229 3231/4412/3230 6323/8816/6304
f 6323/8816/6304 3231/4412/3230 3232/4414/3231 6321/8813/6302
f 6321/8813/6302 3232/4414/3231 3191/4349/3190 6317/8806/6298
f 3235/4421/3234 3234/8858/3233 6310/8859/6291 6345/8860/6326
f 6310/8797/6291 3234/8861/3233 3181/8800/3180 6309/8796/6290
f 3235/4421/3234 6345/8860/6326 6278/8750/6261 3136/4267/3135
f 6278/8750/6261 6345/8860/6326 6307/8793/6288 6346/8862/6327
f 6307/8793/6288 6345/8860/6326 6310/8859/6291 6305/8790/6286
f 6278/8750/6261 6346/8862/6327 6277/8749/6260 6276/8748/6259
f 6277/8749/6260 6346/8862/6327 6347/8863/6328 6348/8864/6329
f 6347/8863/6328 6346/8862/6327 6307/8793/6288 6306/8792/6287
f 6348/8864/6329 6347/8863/6328 4393/6048/4391 4404/6064/4402
f 4393/6048/4391 6347/8863/6328 6306/8792/6287 4391/6045/4389
f 6277/8749/6260 6348/8864/6329 6274/8746/6257 6273/8745/6256
f 6274/8746/6257 6348/8864/6329 4404/6064/4402 6268/8740/6251
f 6311/8798/6292 6314/8802/6295 4370/6019/4368 4384/6038/4382
f 6285/8760/2769 6293/8777/6274 3161/4311/3160 3239/4426/3238
f 6285/8760/2769 3239/4426/3238 3144/4427/3143 6282/8757/3144
f 4389/8541/4387 4390/8773/4388 4268/5897/4266 4267/5896/4265
f 4340/6010/4338 4364/6009/4362 4360/6004/4358 4349/6003/4347
f 4362/6007/4360 4363/6008/4361 4353/5993/4351 4358/5998/4356
f 4347/5987/4345 4358/5998/4356 4353/5993/4351 4352/5992/4350
f 6349/8865/6330 4355/5995/4353 4343/5983/4341 4345/5985/4343
f 4348/5988/4346 4355/6000/4353 6349/8866/6330 4350/5990/4348
f 6350/8867/6331 6349/8865/6330 4345/5985/4343 6351/8868/6332
f 4350/5990/4348 6349/8866/6330 6350/8869/6331 6352/8870/6333
f 4318/8871/4316 6352/8870/6333 6350/8869/6331 6353/8872/6334
f 4350/5990/4348 6352/8870/6333 6354/8873/6335 4338/5978/4336
f 6354/8873/6335 6352/8870/6333 4318/8871/4316 4313/8874/4311
f 4338/5978/4336 6354/8873/6335 6355/8875/6336 4326/5966/4324
f 6355/8876/6336 6354/8877/6335 4313/5949/4311 4312/5948/4310
f 4326/5966/4324 6355/8875/6336 6356/8878/6337 4327/5967/4325
f 6356/8879/6337 6355/8876/6336 4312/5948/4310 4314/8880/4312
f 4327/5967/4325 6356/8878/6337 6357/8881/6338 4330/5970/4328
f 6357/8882/6338 6356/8879/6337 4314/8880/4312 6358/8883/6339
f 4304/5937/4302 6358/8884/6339 4314/5951/4312 4305/5938/4303
f 6357/8885/6338 6358/8884/6339 6359/8886/6340 6360/8887/6341
f 6359/8886/6340 6358/8884/6339 4304/5937/4302 4306/5939/4304
f 6360/8887/6341 6359/8886/6340 6361/8888/6342 6351/8889/6332
f 6361/8888/6342 6359/8886/6340 4306/5939/4304 4293/5926/4291
f 6357/8881/6338 6360/8890/6341 4334/5974/4332 4330/5970/4328
f 4334/5974/4332 6360/8890/6341 6351/8868/6332 4345/5985/4343
f 6350/8891/6331 6351/8889/6332 6361/8888/6342 6353/8892/6334
f 4347/5987/4345 4352/5992/4350 4324/5964/4322 4325/5965/4323
f 6362/8893/6343 4319/8894/4317 4288/5921/4286 4291/5924/4289
f 4315/5954/4313 4319/5958/4317 6362/8895/6343 4316/5955/4314
f 6363/8896/6344 6362/8897/6343 4291/8898/4289 6364/8899/6345
f 4316/5955/4314 6362/8895/6343 6363/8900/6344 6365/8901/6346
f 3258/8902/3257 6365/8901/6346 6363/8900/6344 3257/8903/3256
f 4316/5955/4314 6365/8901/6346 6366/8904/3258 4292/5952/4290
f 6366/8904/3258 6365/8901/6346 3258/8902/3257 3260/8905/3259
f 6366/8904/3258 3260/8905/3259 3261/8906/3260 6364/8899/6345
f 6364/8899/6345 3261/8906/3260 3257/8907/3256 6363/8896/6344
f 4292/5952/4290 6366/8904/3258 6364/8899/6345 4291/8898/4289
f 4302/5935/4300 4309/5942/4307 4298/5931/4296 4303/5936/4301
f 4294/5927/4292 6367/8908/6347 4297/5930/4295 4289/5922/4287
f 4297/5930/4295 6367/8908/6347 4303/5936/4301 4298/5931/4296
f 5196/7109/5194 4282/5911/4280 4279/5908/4277 5197/7110/5195
f 4281/5910/4279 4280/5909/4278 4269/5898/4267 4270/5899/4268
f 4269/5898/4267 4280/5909/4278 4277/5906/4275 4272/5901/4270
f 4250/5878/4248 4723/8909/4721 4254/5882/4252 4251/5879/4249
f 4255/5885/4253 4254/7734/4252 5701/7792/5695 4257/5886/4255
f 4236/8910/4234 5000/6838/4998 4999/6837/4997 4237/8911/4235
f 4224/8196/4222 4233/5855/4231 4218/5834/4216 4215/5833/4213
f 4227/5848/4225 4232/5854/4230 4231/5853/4229 4228/5849/4226
f 4214/5850/4212 4225/5846/4223 4210/5821/4208 4205/5816/4203
f 4153/5759/4151 4157/5763/4155 4156/5762/4154 4154/5760/4152
f 5543/7579/5541 4183/5793/4181 4178/5788/4176 4191/5801/4189
f 5999/8266/5986 5979/8226/5967 5978/8225/5966 5982/8912/5970
f 4294/5927/4292 4300/5933/4298 4303/5936/4301 6367/8908/6347
f 4332/5972/4330 4321/5961/4319 4320/5960/4318 4331/5971/4329
f 6274/8746/6257 6268/8740/6251 6267/8739/6250 6269/8741/6252
f 4962/6781/4960 4961/6780/4959 4965/8913/4963 5806/8442/5798
f 5044/6897/5042 5039/6891/5037 5034/6890/5032 5037/8090/5035
f 5914/8141/5906 4286/7101/4284 5191/7100/5189 5919/8142/5910
f 5322/7280/5320 5331/7289/5329 5616/7681/5610 5323/7281/5321
f 5197/7852/5195 4279/5917/4277 4285/5916/4283 5189/7098/5187
f 4518/6212/4516 4515/6207/4513 4514/6206/4512 4516/6209/4514
f 4306/5939/4304 4304/5937/4302 4301/5934/4299 4300/5933/4298
f 4335/5975/4333 4337/5977/4335 4323/5963/4321 4328/5968/4326
f 4381/6033/4379 4370/6019/4368 4365/6018/4363 4363/8914/4361
f 4631/6372/4629 4638/8915/4636 4644/6389/4642 4646/6392/4644
f 5263/7202/5261 5262/7201/5260 4639/8101/4637 4649/7211/4647
f 4778/6562/4776 4777/6561/4775 4774/8535/4772 4771/8529/4769
f 4844/6633/4842 4863/6655/4861 4816/6603/4814 4815/6602/4813
f 4938/6751/4936 4942/8445/4940 4934/8916/4932 4936/6750/4934
f 5156/7056/5154 5167/8917/5165 5165/7067/5163 5158/7057/5156
f 4497/6176/4495 4492/8918/4490 4491/6171/4489 4495/6170/4493
f 4561/8690/4559 4538/6239/4536 4535/6235/4533 4537/6237/4535
f 5949/8192/5939 2817/8271/2816 2758/8191/2757 5948/8190/5938
f 5612/7677/5606 5615/7680/5609 5614/7679/5608 5613/7678/5607
f 5307/7260/5305 5614/7679/5608 4156/5762/4154 4155/5761/4153
f 4156/5762/4154 5614/7679/5608 4151/5757/4149 4154/5760/4152
f 5320/7278/5318 5319/7277/5317 5331/7289/5329 5807/7963/5799
f 4201/5843/4199 4215/5842/4213 4202/5813/4200 4197/5812/4195
f 5411/7384/5409 4203/5814/4201 4202/5813/4200 4215/5842/4213
f 4199/5809/4197 5411/7584/5409 4215/8919/4213 4200/5810/4198
f 5546/7585/5544 5411/7584/5409 4199/5809/4197 5567/7616/5565
f 4236/5860/4234 4239/5863/4237 5001/8920/4999 5000/8921/4998
f 4239/5863/4237 5104/6983/5102 5008/8922/5006 5001/8920/4999
f 5104/8923/5102 1864/4474/1863 1766/4473/1765 5011/6859/5009
f 5008/8303/5006 5104/8923/5102 5011/6859/5009 5016/6858/5014
f 4158/5764/4156 4623/7308/4621 4622/8924/4620 5340/7298/5338
f 5341/7299/5339 5340/7298/5338 4622/8924/4620 5343/7301/5341
f 5361/7637/5359 5356/8925/5354 4622/6363/4620 4621/6362/4619
f 4707/6471/4705 6158/8538/6144 6368/8926/6348 4708/6472/4706
f 6159/8539/6145 4720/8540/4718 6368/8926/6348 6158/8538/6144
f 4700/6461/4698 6368/8926/6348 4690/6451/4688 4713/6481/4711
f 4720/8540/4718 4723/8909/4721 4250/5878/4248 6368/8926/6348
f 4690/6451/4688 6368/8926/6348 4250/5878/4248 4689/6450/4687
f 4798/6585/4796 4792/8927/4790 4799/6586/4797 4797/6584/4795
f 4909/6718/4907 4912/6721/4910 6156/8528/6142 4785/8527/4783
f 4913/6722/4911 6369/8928/6349 4917/6726/4915 4914/6723/4912
f 4792/6579/4790 6369/8928/6349 4913/6722/4911 4799/8455/4797
f 4898/6693/4896 4901/6698/4899 4900/6697/4898 4894/6694/4892
f 4833/6620/4831 4836/6623/4834 6155/8526/6141 6152/8522/6138
f 6149/8519/6135 6155/8526/6141 4849/6638/4847 4848/6637/4846
f 4846/6635/4844 4854/6644/4852 4860/6651/4858 4859/6650/4857
f 4854/6644/4852 4852/6643/4850 4849/8929/4847 6155/8930/6141
f 4860/6651/4858 4854/6644/4852 6155/8930/6141 4836/6652/4834
f 5618/7683/5612 5325/7283/5323 5329/7287/5327 5303/7256/5301
f 5321/7279/5319 5333/7291/5331 5325/7283/5323 5328/7286/5326
f 5599/7653/5594 5387/7661/5385 5383/8931/5381 5377/7343/5375
f 5376/7342/5374 5377/7343/5375 5383/8931/5381 5384/8932/5382
f 5213/7129/5211 5918/8138/5909 5195/7108/5193 5194/7107/5192
f 5916/8135/5908 5918/8138/5909 5213/7129/5211 5206/8933/5204
f 5207/7146/5205 5206/8934/5204 5213/8105/5211 5220/7143/5218
f 4428/6088/4426 4519/6214/4517 6370/8935/6350 6371/8936/6351
f 4531/6229/4529 6371/8936/6351 6370/8935/6350 4532/6230/4530
f 4139/5744/4137 4532/6230/4530 6370/8935/6350 4519/6214/4517
f 4543/6276/4541 4528/6225/4526 6372/8937/6352 4559/6266/4557
f 4527/6224/4525 4529/6226/4527 6372/8937/6352 4528/6225/4526
f 6229/8684/6212 6231/8938/6214 4552/6257/4550 4551/6256/4549
f 3268/4502/3267 1838/2459/1837 4142/5747/4140 871/1234/870
f 4442/6103/4440 4512/8939/4510 6373/8940/6353 6374/8941/6354
f 6375/8942/6355 4443/6104/4441 4442/6103/4440 6374/8941/6354
f 4512/6202/4510 4510/6199/4508 4509/6198/4507 6373/8943/6353
f 6374/8941/6354 6373/8940/6353 4509/8944/4507 6375/8942/6355
f 4550/8945/4548 4549/8946/4547 4548/6251/4546 4547/6250/4545
f 1852/2473/1851 3272/4511/3271 2818/3793/2817 5094/6967/5092
f 4245/6708/4243 4241/5865/4239 4240/5864/4238 4801/6588/4799
f 4780/6564/4778 4776/6560/4774 4775/6559/4773 4791/6578/4789
f 4917/6726/4915 6369/8928/6349 4791/6578/4789 6156/8528/6142
f 4835/6649/4833 4839/6628/4837 4846/6635/4844 4859/6650/4857
f 5228/7152/5226 5433/7414/5431 5438/7419/5436 5434/7415/5432
f 6376/8947/6356 4695/6478/4693 4711/6477/4709 5635/7707/5629
f 6377/8948/6357 5132/7018/5130 4163/7017/4161 4164/7576/4162
f 5472/7464/5470 5471/7461/5469 6378/8949/6358 5459/7446/5457
f 4164/7576/4162 5539/7574/5537 5139/7029/5137 6377/8948/6357
f 5633/7703/5627 5631/7702/5625 6376/8947/6356 5635/7707/5629
f 4149/5755/4147 5352/7669/5350 6379/8950/6359 5605/7665/5599
f 5352/8951/5350 5344/8952/5342 4622/6363/4620 6379/8953/6359
f 4696/6457/4694 4708/6472/4706 6380/8954/6360 4697/6458/4695
f 5456/7443/5454 5459/7446/5457 6378/8949/6358 6381/8955/6361
f 5417/8956/5415 6381/8955/6361 6378/8949/6358 5418/7462/5416
f 5453/7440/5451 5456/7443/5454 6381/8955/6361 5454/7441/5452
f 4700/6461/4698 4698/6459/4696 6380/8954/6360 6368/8926/6348
f 6382/8957/6362 6383/8958/6363 6384/8959/6364
f 6385/8960/6365 6386/8961/6366 6387/8962/6367
f 6388/8963/6368 6389/8964/6369 6390/8965/6370
f 6385/8960/6365 6387/8962/6367 6386/8966/6366
f 3/3/3 2/2/2 6/56/6
f 5/17/5 10/13/10 8/12/8
f 57/92/57 58/97/58 55/93/55
f 59/8967/59 60/103/60 61/102/61
f 6391/8968/6371 6392/8969/6372 6393/8970/6373
f 71/124/71 72/127/72 73/130/73
f 6394/8971/6374 6395/8972/6375 6396/8973/6376
f 6395/8972/6375 6394/8974/6374 6396/8973/6376
f 105/185/105 101/188/101 103/8975/103
f 105/185/105 103/8975/103 104/186/104
f 6397/8976/6377 88/156/88 85/153/85
f 6397/8977/6377 85/8978/85 84/8979/84
f 6397/8977/6377 84/8979/84 88/8980/88
f 93/161/93 89/157/89 83/183/83
f 6398/8981/6378 6399/8982/6379 6400/8983/6380
f 6400/8983/6380 6399/8984/6379 6398/8981/6378
f 6401/8985/6381 6402/8986/6382 6403/8987/6383
f 6401/8985/6381 6403/8987/6383 6402/8988/6382
f 6404/8989/6384 6405/8990/6385 6406/8991/6386
f 6407/8992/6387 6408/8993/6388 6409/8994/6389
f 6406/8995/6386 6405/8990/6385 6404/8989/6384
f 6410/8996/6390 6411/8997/6391 6412/8998/6392
f 6413/8999/6393 6414/9000/6394 6415/9001/6395
f 6416/9002/6396 6417/9003/6397 6418/9004/6398
f 6419/9005/6399 6420/9006/6400 6421/9007/6401
f 6422/9008/6402 6423/9009/6403 6424/9010/6404
f 391/569/391 402/580/402 392/570/392
f 666/926/665 668/929/667 667/927/666
f 376/549/376 380/1215/380 377/550/377
f 395/573/395 398/576/398 396/574/396
f 648/893/648 647/892/647 586/812/586
f 657/913/656 432/617/432 431/616/431
f 460/683/460 483/682/483 463/681/463
f 460/648/460 463/653/463 465/655/465
f 460/648/460 465/655/465 461/651/461
f 573/798/573 571/796/571 569/794/569
f 864/1226/863 863/1225/862 868/1717/867
f 2816/3787/2815 2811/3775/2810 2810/3774/2809
f 6425/9011/6405 6426/9012/6406 6427/9013/6407
f 6428/9014/6408 6429/9015/6409 6430/9016/6410
f 1163/4499/1162 1162/1595/1161 6431/9017/6411
f 6432/9018/6412 6433/9019/6413 6434/9020/6414
f 6435/9021/6412 6436/9022/6413 6437/9023/6414
f 1171/1601/1170 1170/1600/1169 1175/9024/1174
f 6438/9025/6415 6439/9026/6416 6440/9027/6417
f 1185/1616/1184 1192/1623/1191 1195/1626/1194
f 1216/9028/1215 3119/9029/3118 1217/9030/1216
f 3119/9029/3118 1220/9031/1219 1217/9030/1216
f 1224/9032/1223 1228/9033/1227 1227/9034/1226
f 3265/4496/3264 1163/4499/1162 6431/9017/6411
f 6441/9035/6418 6442/9036/6419 6443/9037/6420
f 1293/1757/1292 1292/9038/1291 1295/1758/1294
f 6444/9039/6421 6445/9040/6422 6446/9041/6423
f 1563/2110/1562 1558/2105/1557 1561/2108/1560
f 6447/9042/6424 6448/9043/6425 6449/9044/6426
f 1570/2117/1569 1577/2124/1576 1571/2118/1570
f 2088/2780/2087 2409/3211/2408 2089/2781/2088
f 2092/2784/2091 2091/2783/2090 2096/2788/2095
f 6450/9045/6427 6451/9046/6428 6452/9047/6429
f 6453/9048/6430 6454/9049/6431 6455/9050/6432
f 6456/9051/6433 6457/9052/6434 6458/9053/6435
f 6459/9054/6436 6460/9055/6437 6461/9056/6438
f 1184/1615/1183 1185/1616/1184 1194/1625/1193
f 1259/1713/1258 862/1712/861 865/9057/864
f 1148/1577/1147 1147/1576/1146 1362/1856/1361
f 1162/1591/1161 1161/1590/1160 1166/1733/1165
f 1557/2104/1556 1609/2161/1608 1560/2107/1559
f 1232/1669/1231 1231/1668/1230 1234/1671/1233
f 6434/9020/6414 6433/9058/6413 6432/9018/6412
f 6437/9023/6414 6436/9059/6413 6435/9021/6412
f 1174/1604/1173 1172/1703/1171 1171/1605/1170
f 6455/9060/6432 6454/9049/6431 6453/9048/6430
f 6456/9051/6433 6458/9061/6435 6457/9052/6434
f 6459/9054/6436 6461/9056/6438 6460/9062/6437
f 6462/9063/6439 6463/9064/6440 6464/9065/6441
f 6465/9066/6442 6466/9067/6443 6467/9068/6444
f 2093/2785/2092 2405/3207/2404 2082/2774/2081
f 1758/4477/1757 2839/3825/2838 1768/2365/1767
f 2106/2798/2105 2105/2797/2104 1369/4478/1368
f 2122/3158/2121 2368/3157/2367 1370/3162/1369
f 1661/2226/1660 1654/2217/1653 3000/4488/2999
f 3264/4512/3263 1541/2086/1540 1540/2085/1539
f 6468/9069/6445 6469/9070/6446 6470/9071/6447
f 6471/9072/6448 6472/9073/6449 6473/9074/6450
f 6474/9075/6451 1628/2183/1627 6475/9076/6452
f 6474/9075/6451 6475/9076/6452 1627/2182/1626
f 6474/9075/6451 1627/2182/1626 1632/2187/1631
f 6474/9075/6451 1632/2187/1631 1631/2186/1630
f 6474/9075/6451 1631/2186/1630 1621/2173/1620
f 6474/9075/6451 1621/2173/1620 1620/2172/1619
f 6474/9075/6451 1620/2172/1619 1628/2183/1627
f 6471/9077/6448 6473/9078/6450 6476/9079/6453
f 1939/2580/1938 1938/2579/1937 1926/2576/1925
f 1939/9080/1938 1926/2563/1925 1923/2560/1922
f 1939/9080/1938 1923/2560/1922 1922/2559/1921
f 1926/2576/1925 1938/2579/1937 1934/2572/1933
f 2095/2787/2094 2090/2782/2089 2092/2784/2091
f 3244/4436/3243 1050/4437/1049 1049/9081/1048
f 3244/9082/3243 1049/4447/1048 1021/1413/1020
f 3244/9082/3243 1021/1413/1020 1026/1418/1025
f 3244/4446/3243 1026/1430/1025 3252/4445/3251
f 1168/1598/1167 1278/1737/1277 3265/4496/3264
f 1168/1598/1167 3265/4496/3264 6431/9017/6411
f 6477/9083/6454 6478/9084/6455 6479/9085/6456
f 6431/9017/6411 1162/1595/1161 1165/1594/1164
f 1306/1769/1305 1270/1728/1269 1166/1596/1165
f 1306/1779/1305 1166/1733/1165 1275/1734/1274
f 1306/1779/1305 1275/1734/1274 3267/4500/3266
f 1275/1734/1274 1273/1731/1272 1272/1730/1271
f 1302/9086/1301 3087/4192/3086 3095/4191/3094
f 1302/9086/1301 3095/4191/3094 3085/4176/3084
f 1302/9086/1301 3085/4176/3084 3083/4179/3082
f 1302/1765/1301 3083/9087/3082 1299/1762/1298
f 6480/9088/6457 6481/9089/6458 6482/9090/6459
f 6483/9091/6460 6484/9092/6461 6485/9093/6462
f 6483/9091/6460 6485/9093/6462 6486/9094/6463
f 3101/4198/3100 3098/4195/3097 3097/4194/3096
f 3101/9095/3100 3097/4202/3096 3103/4201/3102
f 3101/9095/3100 3103/4201/3102 3102/4204/3101
f 6442/9036/6419 6441/9096/6418 6443/9037/6420
f 1839/2460/1838 1838/2459/1837 870/1233/869
f 1839/2460/1838 870/1233/869 869/1232/868
f 1839/2460/1838 869/1232/868 2925/3946/2924
f 2927/3952/2926 1846/2467/1845 875/1239/874
f 1846/2467/1845 873/1236/872 875/1239/874
f 1256/1709/1255 1179/1708/1178 1178/9097/1177
f 6487/9098/6464 1153/9099/1152 1152/9100/1151
f 6487/9098/6464 1152/9100/1151 1151/9101/1150
f 6487/9098/6464 1151/9101/1150 1150/9102/1149
f 3271/4508/3270 1253/1704/1252 1255/1707/1254
f 6488/9103/6465 6489/9104/6466 6490/9105/6467
f 6491/9106/6468 6492/9107/6469 6493/9108/6470
f 6494/9109/6471 6495/9110/6472 1565/9111/1564
f 6494/9112/6471 1565/2112/1564 1564/2111/1563
f 6494/9112/6471 1564/2111/1563 1567/2114/1566
f 1441/1988/1440 1459/9113/1458 3273/4514/3272
f 1895/2527/1894 1897/2529/1896 3274/4515/3273
f 2233/2977/2232 3275/4516/3274 2181/2978/2180
f 3274/4515/3273 1897/2529/1896 1901/2533/1900
f 2420/3230/2419 3273/4514/3272 1459/9113/1458
f 2394/3192/2393 2121/3193/2120 3276/4517/3275
f 3276/4517/3275 2121/3193/2120 1369/4478/1368
f 1456/1980/1455 3277/4519/3276 3263/4481/3262
f 2216/2951/2215 2182/3138/2181 3278/4523/3277
f 1447/1966/1446 1446/1965/1445 3277/4525/3276
f 6496/9114/6473 6497/9115/6474 6498/9116/6475
f 6499/9117/6476 6500/9118/6477 6501/9119/6478
f 6502/9120/6479 6503/9121/6480 6504/9122/6481
f 6500/9123/6477 6499/9117/6476 6501/9119/6478
f 3283/4581/3282 3281/4528/3280 3280/4527/3279
f 3285/4538/3284 3288/4537/3287 3284/9124/3283
f 3332/4614/3331 3336/4616/3335 3335/4615/3334
f 3339/4624/3338 3337/9125/3336 3338/4625/3337
f 6505/9126/6482 6506/9127/6483 6507/9128/6484
f 3351/4656/3350 3349/4645/3348 3350/4648/3349
f 6508/9129/6485 6509/9130/6486 6510/9131/6487
f 6508/9129/6485 6510/9132/6487 6509/9130/6486
f 3381/9133/3380 3378/9134/3377 3383/9135/3382
f 3382/9136/3381 3381/9133/3380 3383/9135/3382
f 3360/4671/3359 3367/4678/3366 6511/9137/6488
f 3361/9138/3360 3360/9139/3359 6511/9140/6488
f 3367/9141/3366 3361/9138/3360 6511/9140/6488
f 3362/4704/3361 3366/4677/3365 3372/4683/3371
f 6512/9142/6489 6513/9143/6490 6514/9144/6491
f 6514/9144/6491 6513/9145/6490 6512/9142/6489
f 6515/9146/6492 6516/9147/6493 6517/9148/6494
f 6516/9149/6493 6515/9146/6492 6517/9148/6494
f 6518/9150/6495 6519/9151/6496 6520/9152/6497
f 6521/9153/6498 6522/9154/6499 6523/9155/6500
f 6520/9152/6497 6519/9151/6496 6518/9156/6495
f 6524/9157/6501 6525/9158/6502 6526/9159/6503
f 6527/9160/6504 6528/9161/6505 6529/9162/6506
f 6530/9163/6507 6531/9164/6508 6532/9165/6509
f 6533/9166/6510 6534/9167/6511 6535/9168/6512
f 6536/9169/6513 6537/9170/6514 6538/9171/6515
f 3667/5090/3666 3679/5102/3678 3668/5091/3667
f 3944/5447/3942 3946/5450/3944 3945/5448/3943
f 3654/5072/3653 3657/5075/3656 3655/5073/3654
f 3671/5094/3670 3676/5099/3675 3672/5095/3671
f 3865/5343/3864 3925/5422/3924 3926/5423/3925
f 3710/5142/3709 3709/5141/3708 3934/5435/3932
f 3743/5183/3742 3761/5209/3760 3737/5173/3736
f 3741/5179/3740 3743/5181/3742 3737/5175/3736
f 3740/5178/3739 3741/5179/3740 3737/5175/3736
f 3848/5322/3847 3849/5323/3848 3851/5325/3850
f 4139/5744/4137 4137/5742/4135 864/1230/863
f 5998/8257/5985 2811/3775/2810 2816/3787/2815
f 6539/9172/6516 6540/9173/6517 6541/9174/6518
f 6542/9175/6519 6543/9176/6520 6544/9177/6521
f 6545/9178/6522 4429/6089/4427 4428/6088/4426
f 6546/9179/6523 6547/9180/6524 6548/9181/6525
f 6549/9182/6523 6550/9183/6524 6551/9184/6525
f 1175/9024/1174 1170/1600/1169 4438/6098/4436
f 6552/9185/6526 6553/9186/6527 6554/9187/6528
f 4452/6193/4450 4451/6115/4449 4446/6114/4444
f 4473/9188/4471 6265/9189/6248 4474/9190/4472
f 4473/6144/4471 4476/6147/4474 6265/8733/6248
f 4483/6156/4481 4485/6158/4483 4482/6153/4480
f 6545/9178/6522 4428/6088/4426 6371/8936/6351
f 6555/9191/6529 6556/9192/6530 6557/9193/6531
f 4550/6253/4548 4547/9194/4545 4546/6254/4544
f 6558/9195/6532 6559/9196/6533 6560/9197/6534
f 4815/6602/4813 4812/6599/4810 4817/6604/4815
f 6561/9198/6535 6562/9199/6536 6563/9200/6537
f 4823/6610/4821 4831/6618/4829 4824/6611/4822
f 5326/7284/5324 5619/7684/5613 5327/7285/5325
f 5332/7290/5330 5330/7288/5328 5329/7287/5327
f 6564/9201/6538 6565/9202/6539 6566/9203/6540
f 6567/9204/6541 6568/9205/6542 6569/9206/6543
f 6570/9207/6544 6571/9208/6545 6572/9209/6546
f 6573/9210/6547 6574/9211/6548 6575/9212/6549
f 1194/1625/1193 4446/6107/4444 1184/1615/1183
f 865/9057/864 4138/6204/4136 1259/1713/1258
f 4615/6356/4613 4416/6076/4414 4415/6075/4413
f 4432/6092/4430 4430/6090/4428 4429/6089/4427
f 4816/6603/4814 4862/6654/4860 4813/6600/4811
f 4491/6171/4489 4487/6161/4485 4486/6160/4484
f 6548/9181/6525 6547/9213/6524 6546/9179/6523
f 6551/9184/6525 6550/9214/6524 6549/9182/6523
f 4438/6099/4436 4437/6197/4435 4439/6100/4437
f 6569/9206/6543 6568/9205/6542 6567/9215/6541
f 6571/9208/6545 6570/9216/6544 6572/9209/6546
f 6574/9217/6548 6573/9210/6547 6575/9212/6549
f 6576/9218/6550 6577/9219/6551 6578/9220/6552
f 6579/9221/6553 6580/9222/6554 6581/9223/6555
f 5319/7277/5317 5616/7681/5610 5331/7289/5329
f 5016/6858/5014 6020/8301/6007 5008/8303/5006
f 4622/8924/4620 5344/7302/5342 5343/7301/5341
f 4621/6362/4619 5584/7638/5580 5361/7637/5359
f 6156/8528/6142 4912/6721/4910 4917/6726/4915
f 4792/6579/4790 4791/6578/4789 6369/8928/6349
f 6582/9224/6556 6583/9225/6557 6584/9226/6558
f 4807/6594/4805 4810/6597/4808 6585/9227/6559
f 4893/6688/4891 4807/6594/4805 6585/9227/6559
f 4881/6676/4879 4893/6688/4891 6585/9227/6559
f 4888/6683/4886 4881/6676/4879 6585/9227/6559
f 4885/6680/4883 4888/6683/4886 6585/9227/6559
f 4876/6669/4874 4885/6680/4883 6585/9227/6559
f 4877/6670/4875 4876/6669/4874 6585/9227/6559
f 4880/9228/4878 4877/6670/4875 6585/9227/6559
f 4809/6596/4807 4880/9228/4878 6585/9227/6559
f 5163/7065/5161 5177/7081/5175 5176/7080/5174
f 5159/7058/5157 5163/9229/5161 5176/7840/5174
f 5160/7059/5158 5159/7058/5157 5176/7840/5174
f 5169/7073/5167 5177/7081/5175 5163/7065/5161
f 5329/7287/5327 5325/7283/5323 5333/7291/5331
f 4319/5958/4317 4318/5957/4316 6353/9230/6334
f 4288/5921/4286 4319/8894/4317 6353/8892/6334
f 4293/5926/4291 4288/5921/4286 6353/8892/6334
f 6361/8888/6342 4293/5926/4291 6353/8892/6334
f 6371/8936/6351 4531/6229/4529 4435/6095/4433
f 6545/9178/6522 6371/8936/6351 4435/6095/4433
f 6586/9231/6560 6587/9232/6561 6588/9233/6562
f 4433/6093/4431 4429/6089/4427 6545/9178/6522
f 4432/6219/4430 4523/6218/4521 4559/6266/4557
f 4529/6226/4527 4432/6219/4430 4559/6266/4557
f 6372/8937/6352 4529/6226/4527 4559/6266/4557
f 4527/6224/4525 4526/6223/4524 4529/6226/4527
f 6242/8672/6225 6234/8671/6217 4555/9234/4553
f 6233/8659/6216 6242/8672/6225 4555/9234/4553
f 6231/9235/6214 6233/8659/6216 4555/9234/4553
f 4552/6257/4550 6231/8938/6214 4555/6260/4553
f 6589/9236/6563 6590/9237/6564 6591/9238/6565
f 6592/9239/6566 6593/9240/6567 6594/9241/6568
f 6595/9242/6569 6596/9243/6570 6597/9244/6571
f 6245/8675/6228 6244/8674/6227 6249/8680/6232
f 6250/9245/6233 6245/9246/6228 6249/9247/6232
f 6248/9248/6231 6250/9245/6233 6249/9247/6232
f 6555/9191/6529 6557/9249/6531 6556/9192/6530
f 4142/5747/4140 1838/2459/1837 5088/6961/5086
f 4143/5748/4141 4142/5747/4140 5088/6961/5086
f 6107/8437/6094 4143/5748/4141 5088/6961/5086
f 875/1239/874 5091/6964/5089 2927/3952/2926
f 875/1239/874 4145/5750/4143 5091/6964/5089
f 4441/6102/4439 4440/6101/4438 4512/8939/4510
f 4419/9250/4417 4418/9251/4416 6598/9252/6572
f 4420/9253/4418 4419/9250/4417 6598/9252/6572
f 4421/9254/4419 4420/9253/4418 6598/9252/6572
f 4509/8944/4507 4511/9255/4509 6375/8942/6355
f 6599/9256/6573 6600/9257/6574 6601/9258/6575
f 6602/9259/6576 6603/9260/6577 6604/9261/6578
f 4821/6608/4819 6605/9262/6579 6606/9263/6580
f 4822/6609/4820 4821/6608/4819 6606/9263/6580
f 4819/6606/4817 4822/6609/4820 6606/9263/6580
f 6376/9264/6356 4709/6475/4707 4695/6474/4693
f 6377/8948/6357 5134/7021/5132 5132/7018/5130
f 5418/7462/5416 6378/8949/6358 5471/7461/5469
f 5139/7029/5137 5134/7021/5132 6377/8948/6357
f 4709/6475/4707 6376/9264/6356 5631/7698/5625
f 6379/9265/6359 5356/7316/5354 5605/7664/5599
f 4622/6363/4620 5356/8925/5354 6379/8953/6359
f 6368/8926/6348 6380/8954/6360 4708/6472/4706
f 6381/8955/6361 5417/8956/5415 5454/7441/5452
f 6380/8954/6360 4698/6459/4696 4697/6458/4695
f 6388/9266/6368 6390/8965/6370 6389/8964/6369
f 6384/9267/6364 6383/8958/6363 6382/8957/6362
f 6392/9268/6372 6391/8968/6371 6393/8970/6373
f 63/111/63 67/121/67 64/112/64
f 6416/9002/6396 6418/9004/6398 6417/9269/6397
f 6607/9270/6581 6608/9271/6582 6609/9272/6583
f 6610/9273/6584 6611/9274/6585 6612/9275/6586
f 6607/9276/6581 6609/9272/6583 6608/9271/6582
f 6613/9277/6587 6614/9278/6588 6615/9279/6589
f 6413/9280/6393 6415/9001/6395 6414/9000/6394
f 6616/9281/6590 6617/9282/6591 6618/9283/6592
f 6423/9284/6403 6422/9008/6402 6424/9010/6404
f 6619/9285/6593 6620/9286/6594 6621/9287/6595
f 6622/9288/6596 6623/9289/6597 6624/9290/6598
f 6625/9291/6599 6626/9292/6600 6627/9293/6601
f 6628/9294/6602 6629/9295/6603 6630/9296/6604
f 6631/9297/6605 6632/9298/6606 6633/9299/6607
f 6634/9300/6608 6635/9301/6609 6636/9302/6610
f 6637/9303/6611 6638/9304/6612 6639/9305/6613
f 6640/9306/6614 6641/9307/6615 6642/9308/6616
f 6407/8992/6387 6409/8994/6389 6408/9309/6388
f 6618/9310/6592 6617/9282/6591 6616/9281/6590
f 575/800/575 577/802/577 571/796/571
f 6643/9311/6617 6644/9312/6618 6645/9313/6619
f 571/796/571 573/798/573 575/800/575
f 6644/9312/6618 6643/9311/6617 6645/9314/6619
f 3271/4508/3270 1176/1705/1175 1253/1704/1252
f 6487/9098/6464 1150/9102/1149 1153/9099/1152
f 1231/1668/1230 1230/1667/1229 1234/1671/1233
f 6646/9315/6620 6647/9316/6621 6648/9317/6622
f 1227/9034/1226 1228/9033/1227 1226/9318/1225
f 6649/9319/6623 6650/9320/6624 6651/9321/6625
f 1291/1752/1290 1294/1755/1293 1296/4509/1295
f 6490/9322/6467 6489/9104/6466 6488/9103/6465
f 3101/4198/3100 3099/4196/3098 3098/4195/3097
f 6652/9323/6626 6486/9094/6463 6485/9093/6462
f 6482/9324/6459 6481/9089/6458 6480/9088/6457
f 6484/9092/6461 6652/9323/6626 6485/9093/6462
f 1628/2183/1627 1627/2182/1626 6475/9076/6452
f 6653/9325/6627 6654/9326/6627 6655/9327/6627
f 6656/9328/6628 6657/9329/6629 6658/9330/6630
f 2489/3315/2488 989/1376/988 988/1375/987
f 6651/9321/6625 6650/9331/6624 6649/9319/6623
f 6648/9332/6622 6647/9316/6621 6646/9315/6620
f 6659/9333/6631 6660/9334/6632 6661/9335/6633
f 6446/9336/6423 6445/9040/6422 6444/9039/6421
f 6451/9046/6428 6450/9045/6427 6452/9337/6429
f 6449/9338/6426 6448/9043/6425 6447/9042/6424
f 6428/9014/6408 6430/9339/6410 6429/9015/6409
f 1155/9340/1154 1154/9341/1153 1158/9342/1157
f 6662/9343/6634 6663/9344/6635 6664/9345/6636
f 6665/9346/6637 6666/9347/6638 6667/9348/6639
f 6665/9346/6637 6667/9349/6639 6666/9347/6638
f 6662/9343/6634 6664/9345/6636 6663/9350/6635
f 6658/9330/6630 6657/9351/6629 6656/9328/6628
f 989/1376/988 2489/3315/2488 2490/3316/2489
f 6668/9352/6640 6669/9353/6641 6670/9354/6642
f 6534/9167/6511 6533/9355/6510 6535/9168/6512
f 6671/9356/6643 6672/9357/6644 6673/9358/6645
f 6674/9359/6646 6675/9360/6647 6676/9361/6648
f 6677/9362/6649 6678/9363/6650 6679/9364/6651
f 6680/9365/6652 6681/9366/6653 6682/9367/6654
f 6525/9368/6502 6524/9157/6501 6526/9159/6503
f 6683/9369/6655 6684/9370/6656 6685/9371/6657
f 6686/9372/6658 6687/9373/6659 6688/9374/6660
f 6689/9375/6661 6690/9376/6662 6691/9377/6663
f 6692/9378/6664 6693/9379/6665 6694/9380/6666
f 6695/9381/6667 6696/9382/6668 6697/9383/6669
f 6698/9384/6670 6699/9385/6671 6700/9386/6672
f 3651/5069/3650 4134/5730/4132 4133/5724/4131
f 6700/9386/6672 6699/9387/6671 6698/9384/6670
f 4134/5730/4132 3651/5069/3650 3650/5068/3649
f 4850/6639/4848 4857/6647/4855 4851/6640/4849
f 6701/9388/6673 6702/9389/6674 6703/9390/6675
f 6604/9391/6578 6603/9260/6577 6602/9259/6576
f 6606/9263/6580 6605/9262/6579 6704/9392/6676
f 4881/6676/4879 4888/6683/4886 4887/6682/4885
f 6705/9393/6677 6706/9394/6678 6707/9395/6679
f 6582/9396/6556 6584/9226/6558 6583/9225/6557
f 4809/6596/4807 6585/9227/6559 4810/6597/4808
f 6578/9397/6552 6577/9219/6551 6576/9218/6550
f 6581/9223/6555 6580/9398/6554 6579/9221/6553
f 4607/8580/4605 4606/6349/4604 4609/6348/4607
f 6541/9174/6518 6540/9399/6517 6539/9172/6516
f 4151/5757/4149 5614/7679/5608 5615/7680/5609
f 6708/9400/6680 6709/9401/6681 6710/9402/6682
f 6552/9185/6526 6554/9403/6528 6553/9186/6527
f 4442/6103/4440 4441/6102/4439 4512/8939/4510
f 4435/6095/4433 4433/6093/4431 6545/9178/6522
f 6588/9233/6562 6587/9232/6561 6586/9404/6560
f 6711/9405/6683 6712/9406/6684 6713/9407/6685
f 6714/9408/6686 6715/9409/6687 6716/9410/6688
f 6713/9407/6685 6712/9411/6684 6711/9405/6683
f 6715/9409/6687 6714/9408/6686 6716/9412/6688
f 6705/9393/6677 6707/9413/6679 6706/9394/6678
f 4881/6676/4879 4887/6682/4885 4882/6677/4880
f 6708/9400/6680 6710/9414/6682 6709/9401/6681
f 4151/5757/4149 5615/7680/5609 5336/7294/5334
f 6630/9296/6604 6629/9295/6603 6628/9415/6602
f 6421/9416/6401 6420/9006/6400 6419/9005/6399
f 6636/9302/6610 6635/9301/6609 6634/9417/6608
f 6612/9418/6586 6611/9274/6585 6610/9273/6584
f 6642/9308/6616 6641/9307/6615 6640/9419/6614
f 6633/9420/6607 6632/9298/6606 6631/9297/6605
f 6410/8996/6390 6412/8998/6392 6411/9421/6391
f 6639/9422/6613 6638/9304/6612 6637/9303/6611
f 6614/9278/6588 6613/9277/6587 6615/9423/6589
f 6621/9424/6595 6620/9286/6594 6619/9285/6593
f 6624/9290/6598 6623/9289/6597 6622/9425/6596
f 6627/9426/6601 6626/9292/6600 6625/9291/6599
f 6717/9427/6689 6718/9428/6690 6719/9429/6691
f 856/1205/855 372/545/372 854/1201/853
f 6719/9429/6691 6718/9430/6690 6717/9427/6689
f 372/545/372 856/1205/855 373/546/373
f 6473/9078/6450 6472/9431/6449 6476/9079/6453
f 6720/9432/6692 6721/9433/6692 6722/9434/6692
f 1593/2143/1592 1603/2154/1602 1594/2144/1593
f 6661/9335/6633 6660/9334/6632 6659/9435/6631
f 6493/9108/6470 6492/9107/6469 6491/9436/6468
f 6495/9110/6472 6494/9109/6471 6723/9437/6693
f 1633/2188/1632 1632/2187/1631 1627/2182/1626
f 6724/9438/6694 6725/9439/6695 6726/9440/6696
f 6469/9070/6446 6468/9069/6445 6470/9441/6447
f 6471/9072/6448 6476/9442/6453 6472/9073/6449
f 6464/9065/6441 6463/9064/6440 6462/9443/6439
f 6466/9444/6443 6465/9066/6442 6467/9068/6444
f 1356/9445/1355 1353/9446/1352 1352/9447/1351
f 6426/9448/6406 6425/9011/6405 6427/9013/6407
f 2404/3206/2403 2403/3205/2402 882/1247/881
f 6727/9449/6697 6728/9450/6698 6729/9451/6699
f 6439/9026/6416 6438/9452/6415 6440/9027/6417
f 1178/9097/1177 1177/4505/1176 1256/1709/1255
f 6431/9017/6411 1165/1594/1164 1168/1598/1167
f 6478/9084/6455 6477/9083/6454 6479/9453/6456
f 6724/9438/6694 6726/9454/6696 6725/9439/6695
f 1633/2188/1632 1627/2182/1626 1626/2181/1625
f 6727/9449/6697 6729/9455/6699 6728/9450/6698
f 2404/3206/2403 882/1247/881 2098/2790/2097
f 6503/9121/6480 6502/9120/6479 6504/9456/6481
f 6497/9115/6474 6496/9457/6473 6498/9116/6475
f 6505/9126/6482 6507/9128/6484 6506/9458/6483
f 3344/4635/3343 3342/4633/3341 3341/4632/3340
f 6531/9459/6508 6530/9163/6507 6532/9165/6509
f 6730/9460/6700 6731/9461/6701 6732/9462/6702
f 6675/9463/6647 6674/9359/6646 6676/9361/6648
f 6732/9462/6702 6731/9464/6701 6730/9460/6700
f 6686/9465/6658 6688/9374/6660 6687/9373/6659
f 6527/9160/6504 6529/9466/6506 6528/9161/6505
f 6733/9467/6703 6734/9468/6704 6735/9469/6705
f 6538/9171/6515 6537/9470/6514 6536/9169/6513
f 6690/9471/6662 6689/9375/6661 6691/9377/6663
f 6693/9379/6665 6692/9472/6664 6694/9380/6666
f 6696/9473/6668 6695/9381/6667 6697/9383/6669
f 6669/9353/6641 6668/9474/6640 6670/9354/6642
f 6681/9475/6653 6680/9365/6652 6682/9367/6654
f 6672/9357/6644 6671/9476/6643 6673/9358/6645
f 6684/9477/6656 6683/9369/6655 6685/9371/6657
f 6678/9363/6650 6677/9478/6649 6679/9364/6651
f 6522/9479/6499 6521/9153/6498 6523/9155/6500
f 6734/9468/6704 6733/9480/6703 6735/9469/6705
f 3849/5323/3848 3854/5328/3853 3853/5327/3852
f 6736/9481/6706 6737/9482/6707 6738/9483/6708
f 3853/5327/3852 3851/5325/3850 3849/5323/3848
f 6737/9482/6707 6736/9481/6706 6738/9484/6708
f 4511/9255/4509 4443/6104/4441 6375/8942/6355
f 4421/9254/4419 6598/9252/6572 4418/9251/4416
f 4491/6171/4489 4488/6162/4486 4487/6161/4485
f 6739/9485/6709 6740/9486/6710 6741/9487/6711
f 4484/8729/4482 4485/8728/4483 4483/9488/4481
f 6742/9489/6712 6743/9490/6713 6744/9491/6714
f 4549/6252/4547 4545/6255/4543 4548/9492/4546
f 6600/9257/6574 6599/9493/6573 6601/9258/6575
f 6244/8674/6227 6246/8676/6229 6249/8680/6232
f 6595/9242/6569 6597/9494/6571 6596/9243/6570
f 6591/9238/6565 6590/9237/6564 6589/9495/6563
f 6594/9241/6568 6593/9240/6567 6592/9496/6566
f 6745/9497/6715 6746/9498/6716 6747/9499/6717
f 4257/5886/4255 5700/7791/5694 4258/5887/4256
f 6743/9490/6713 6742/9500/6712 6744/9491/6714
f 6739/9485/6709 6741/9501/6711 6740/9486/6710
f 6702/9389/6674 6701/9388/6673 6703/9502/6675
f 6559/9196/6533 6558/9503/6532 6560/9197/6534
f 6564/9504/6538 6566/9203/6540 6565/9202/6539
f 6562/9199/6536 6561/9505/6535 6563/9200/6537
f 6543/9176/6520 6542/9506/6519 6544/9177/6521
f 4425/6085/4423 4424/6084/4422 4427/6087/4425
f 6747/9499/6717 6746/9507/6716 6745/9497/6715
f 5700/7791/5694 4257/5886/4255 5701/7792/5695
